0.01
0.1
2.0
1000
1.0 -0.5105658150333728 0.11668921941244174 -0.7880516439492535 5.1780463673706425 -1.5488445505581143 -11.40087609869726
1.0 0.1298934459687628 -0.8027580636867749 -0.027339207554985263 9.732562031666788 14.554203914328477 24.919944234835516
1.0 0.09819219365662701 0.08671196176151713 -0.22543041129981234 -10.929319411368414 19.597243149241944 18.772520166410914
1.0 0.07941707248487212 0.6153533339041609 0.17258061437111002 -1.777412240185643 3.3624237013134346 -19.863818867744797
1.0 0.570864477595361 0.5558356131454366 0.2668489536664296 5.301782821727486 5.159210547980692 21.79824099233591
1.0 0.40506696121357455 0.6922124994408669 0.09520436697586754 16.45302259758151 11.421699978532587 -21.422868072762547
1.0 0.05773358006065113 0.19370523139740714 -0.07661798543605874 5.798873643365947 -23.272195422017997 -16.78774760976064
1.0 -0.5574017416360675 0.43760588157171737 -0.3998683174312931 -1.9348106061977821 -13.956810613010054 10.66912432372392
1.0 -0.1847251576095314 -0.2266063688017329 0.025738352055868947 -1.9877140440547532 -0.4908771025930699 9.183942703134965
1.0 0.7683701633245393 -0.46825279278956583 -0.28390722527393714 18.759343745181482 -12.174622402861768 8.654601428976147
1.0 -0.0017537553141281873 -0.00901343634226393 0.9968904361769667 -17.951044871772602 21.892166918768762 -7.125257250486693
1.0 0.0760043587655788 -0.5125869424309691 0.17699011736240602 -14.18938987986907 -2.768348687142219 22.184695002098863
1.0 -0.37269409812412596 -0.24720469831839753 0.5493162428805461 -14.968872618783971 -12.42437596380216 -11.821071471254733
1.0 0.471901206453416 0.4389704961390047 0.4841424157307503 -9.089987501761877 1.1890926157843804 8.994587472986536
1.0 0.8214776582181118 0.28036920417266065 -0.09977237092601825 5.970333325843955 11.266885020002118 -16.62867688791555
1.0 0.03106182554845955 -0.15663255539749207 -0.8009928357683702 17.114290918582263 11.855821387726555 -4.355556954195007
1.0 -0.645743114269043 -0.6711081039480385 -0.34084867625810716 -0.05612459268276444 -2.094196181569935 -9.939694954217266
1.0 0.5585797869416191 0.3654314650692605 -0.1715132244469129 -20.429914520507282 22.59044379125824 -20.48890660222334
1.0 0.2097653905537846 -0.6512112335474787 -0.7198662620748076 -5.133924579531916 -8.441979064714644 10.543385486778213
1.0 -0.6476503797605951 0.22099192654732097 0.08132074695920621 15.889245300777207 19.716861673107534 -7.100270349691085
1.0 -0.6115283989634027 -0.2814088158390011 -0.43894923854376655 10.206129777898358 -15.511610925717601 25.144003349046244
1.0 -0.283144637253235 -0.35312106216421324 0.35169730159102397 -12.816497471620506 3.6382272310096666 -29.425907996789192
1.0 -0.12941204058882405 -0.03352478858209848 0.7494952301081298 0.6650280390696028 -4.553483612294803 10.418601712665588
1.0 0.37300921463372655 -0.28479951074184706 0.6339718212930003 4.254082668970925 -12.213313943685899 8.346132720551486
1.0 0.5299497062062165 -0.1713553989326626 0.18772476809382324 10.497846930587361 9.906497628281612 31.234772455665066
1.0 -0.751507498464727 0.14131161229570724 0.1561147723610215 13.364306954286384 1.6256575147274523 6.113529722437065
1.0 -0.7232443568508403 0.004641534615969195 -0.41923595928529006 8.570664816377027 -30.75383746981488 -4.128569598846446
1.0 0.5897682342383728 0.13977733740771747 0.09874295920610822 13.613372051138535 -12.699395005015363 -1.6859690387300268
1.0 0.4944076251515688 0.7077394125620244 -0.353883467362504 -4.885234261486895 -16.002479257372528 -24.9087947788633
1.0 0.5073401621781398 -0.17786470238114213 -0.4227129505843287 24.028645843820307 -4.815362416398264 -12.213029790686036
1.0 -0.7632013079680973 -0.17879541177337538 0.18714848102569628 -26.728940428759763 -6.509052255143075 -1.004590062249415
1.0 -0.09329102129669922 0.9647145023032602 -0.14479321415993626 12.308771408822214 15.269279417745613 -5.589197338851376
1.0 -0.6111811981386174 0.3727898037662 0.08315734534473358 -4.739505441040944 -20.325112994459886 14.493284113330903
1.0 0.12107149388207405 0.09800721610625333 0.4830356556931712 2.385749423731749 -10.73015963000995 19.561166814202082
1.0 0.17456383188639596 0.016216035599387564 0.8304115613123763 16.679436734634933 30.636119396849402 -4.079441704352229
1.0 -0.21348220512867933 0.6601824916525754 -0.209080716695183 3.3340956243089788 8.427429583630225 3.8122228616559943
1.0 -0.5649674492656441 -0.34360950143574687 -0.6925474576095575 -29.413502412215955 9.313623039970912 8.670038594000124
1.0 -0.13740764365359426 0.21338433061756928 0.26967206181792186 -11.309487017736915 5.972205395281974 -18.699620154634673
1.0 0.840743712454477 0.3097879927042162 0.15229361871360025 -24.359926482018675 5.3167485597858875 22.53013644867341
1.0 0.15097378752990012 -0.6552740785693674 0.5186041858607583 19.01658428378533 -0.599699507396271 3.875198706883906
1.0 0.18414687735138835 0.7647961139771563 -0.03930695678973484 -0.9756923116737398 -2.1876680789190646 -23.643038198523296
1.0 0.4570417035728579 -0.35444538591274866 -0.7197395404040662 -10.40954025046106 6.503811801571555 22.10845406194226
1.0 -0.04736718055503092 -0.9388527183967968 0.05772180793194203 2.6139502431702963 -5.287981036339054 12.332030194492292
1.0 -0.14310590155761468 0.3265266727185692 -0.5601600938971179 -6.383226699282529 -7.705117119066517 6.069818041198877
1.0 -0.3448491175108852 0.5269263054896612 -0.24270870349669757 -9.236027054563234 2.6995197652408356 4.171790682187402
1.0 -0.8022893961319796 0.2886142172362206 0.1882470230338676 11.172412444357393 -12.761145978555849 -6.655466959677633
1.0 0.33313826416861747 -0.5436242119414323 -0.5697755725884603 -18.16049346007312 3.206661776505834 -16.729003967944546
1.0 0.16171554890001935 0.8147637063059388 -0.5518819457430262 14.822626713591475 -22.95592872500951 11.552120279390007
1.0 0.08641357364013058 0.3413338656169652 -0.8354461859379455 0.488280001867993 6.556689418197875 16.471182504489192
1.0 -0.17372760209013702 0.05177378068021327 -0.21381785101911455 1.4761167252196963 16.80537174704752 -7.201713339364697
1.0 -0.15687378355190024 -0.6096276102176243 -0.4628717348838459 24.639214395188517 -5.271649984051953 2.1775225733171757
1.0 -0.4442424851720672 0.49878173818184673 -0.6836950086731325 -1.5951436394630882 0.8988901687355662 -0.9323808542250993
1.0 -0.19428999403201472 -0.06660212935384693 0.24802263708075997 11.064311936683954 -6.618586391787263 4.397341323037357
1.0 -0.39111686609243795 0.4203423142931125 0.0063997457641898 -1.922338285376672 -6.52025982446645 -4.226750203716882
1.0 0.3528940710561118 0.8444078325666583 -0.28507614564962036 1.7182837889226867 -9.162781369650736 -12.722889368515292
1.0 -0.3990449561843625 -0.38431490640326504 -0.5151633355769538 2.94999866423449 8.185106869357549 21.160432054774393
1.0 0.04557114849038864 -0.8045267952807913 -0.26177688177206493 -21.280843607521014 -23.473403195253173 15.014598915927177
1.0 0.008081837925871966 -0.05760495798573054 0.42420385483524 13.531249591126135 8.29555768474258 10.461771773858297
1.0 -0.25001138823259694 0.104822611695743 -0.5361232293741697 -12.556088042198398 12.61438340240701 -14.741323063674699
1.0 -0.6534421085971912 0.286876089847386 -0.061462790870503256 3.256647643556501 -8.986126455329096 -9.888121418536196
1.0 0.06936799786347844 -0.6086891561150882 0.10171137667955968 -21.29198384560883 0.4415842049460947 -3.2325037971733313
1.0 -0.09037278206863894 0.737968196966129 0.11189861211783303 -10.411454290064858 8.045921637292013 21.784869902598267
1.0 0.06136272951451706 -0.9744590342341009 -0.0889250009420737 1.3470578864210443 3.254205484809812 -12.355731693777486
1.0 0.504875764381653 0.3483402530126779 0.15533476198261778 3.5919733520857116 3.5179095491402306 -1.3110370726314615
1.0 0.6029279894586114 0.41100759981077994 -0.1445455849475815 -20.31769377150655 -35.963130710897666 -11.081872398768182
1.0 0.023562174643205196 -0.7575497217524959 -0.5923608060840924 -30.667833924130772 -4.038107997176617 7.040376943455071
1.0 -0.1967280420214448 -0.5519849378344296 0.49527363917625516 -4.030961509819809 16.069011256018364 14.74738314831409
1.0 -0.09993532002148811 0.029868257502031852 -0.7480462419939206 3.425975245129717 -16.420451488379946 -7.7880642593434635
1.0 -0.4614956021062311 -0.7051088935849195 -0.25383022004449474 -5.794230172524027 -18.7981349892202 1.2886129693675707
1.0 -0.4304457932888632 0.4399681623678089 -0.2782277373342475 -5.052779923245334 -2.9902047991228646 -11.183622236652003
1.0 -0.6095206470419477 -0.338620414501957 -0.6972470277081586 0.2619020835654458 -3.891218908557944 -26.769226293969226
1.0 -0.17215466322540937 -0.2695471708346345 0.930474084043799 14.806094823675108 -8.520657336092352 13.772825752571745
1.0 0.188831792639949 0.1270322380731996 -0.7222203726795479 8.864117985033868 27.258764925609125 21.002010215746544
1.0 0.5824481581200639 -0.7496323065661169 -0.14419232343782076 3.143626422902165 8.937635022524839 -12.006848160879192
1.0 0.02501927875912739 -0.12146278299135839 -0.9069338975583427 13.693391639897031 29.517368287558988 -0.4447260238228859
1.0 0.15762063695225706 0.16415565712038982 0.6340916736781291 12.830432259152715 -1.1252441518585785 7.632178535530285
1.0 -0.6664878936336297 -0.5147961682620551 0.4759337274222067 -3.2359462880150907 -13.753349473587745 5.057147768914979
1.0 0.12585285044247685 0.4931102454584534 -0.7328076276564716 -13.41761713770693 -10.546851519458784 0.684344078374993
1.0 -0.02593563098510138 0.6744468256889091 -0.33314202661500825 5.414377493720087 -10.701341960700281 5.501999885658873
1.0 0.12820654850550248 0.10291562637845793 -0.5408384260980156 -1.3403496090310911 -4.910922638905657 -12.892509310511507
1.0 0.12808444096801502 0.26453654050301234 0.9125600432056036 -26.796851790051917 1.3372569041006772 -5.248757868867409
1.0 0.028814220321566872 0.46730047079752135 -0.7750238075119019 4.868216829204545 -4.209294128514192 15.156402283664072
1.0 -0.3956937013909002 -0.24373891460553346 -0.8181522662179779 1.7564731343687694 12.732685809787137 28.972378447658873
1.0 0.5792641970336294 -0.5438688935323576 0.4821732024660812 10.191164762918003 22.916960670290266 -24.70243331458875
1.0 -0.008655388093343926 -0.16424798771385588 -0.47140721950806674 3.4904659908592106 0.6273512599021561 8.706581034003445
1.0 -0.186143245444966 -0.6741413309336806 0.395015857418646 12.882230025575133 1.4730339747889547 -13.604474043754191
1.0 0.028632955065673576 0.3447665150192084 -0.24628717022407623 21.80278819247002 2.4529951705721853 -13.241118983553017
1.0 -0.9329737726627745 -0.004532646617120862 -0.15868411360142368 -8.995925535075182 -20.76678055524811 11.276370327980802
1.0 0.13247000187014715 0.2223737376090019 0.45963822560193907 -8.673418916829872 15.755550617881601 3.8679420729202825
1.0 -0.1894155889133121 -0.05461125455410094 0.442331278733281 -9.123982707669613 -0.9198287860351069 40.72142676363496
1.0 -0.4508361127813206 0.4338840472261028 -0.0641240683404778 8.877172984533063 -4.040532240733121 -12.673364397494456
1.0 -0.27266745214841603 0.4240621871352886 -0.5752510445061142 -5.691896109852242 -1.1386919597177008 15.444875390511756
1.0 0.8317984988119097 -0.3132095417835288 -0.011787786294357458 -1.1294739454992337 2.2722792553867026 -1.7048426435584971
1.0 -0.51282722386268 -0.6582561461433077 -0.10623738401421151 28.731483812567475 -2.7253348191789177 8.525146372892364
1.0 -0.35430813089565216 0.49007632512349725 -0.34264286046249304 29.65440627029213 22.810759242528718 -7.2725458100372915
1.0 0.22691662073918942 -0.730565378079859 -0.35722296337699816 -18.51232986322108 21.341534574154622 -17.287582243898292
1.0 0.5904314672173225 0.6720544737663606 -0.4159908496914193 2.984524609920841 7.934616097946055 -19.244004406641334
1.0 -0.2834945837649032 -0.06693434012943805 -0.8271286033822711 25.638100397340217 -0.8722896330376678 0.012882405768122688
1.0 -0.6064851365669829 -0.6648503821454684 -0.19753557358745438 32.753482589303346 21.66601840114883 8.877763582714506
1.0 0.487225898207705 -0.21521987532969275 0.22848605761665136 20.920100761795485 -19.623133367672462 5.3990855408073815
1.0 -0.7314984455287546 0.16482786895860843 -0.5768150007180077 10.952625882962383 -10.89799724760455 7.126309432464883
1.0 -0.02838218249993641 -0.0744292242353743 0.6229801724798649 17.25151841032156 2.4838296126876314 20.63179970369733
1.0 -0.2981112255699072 0.44040618359343503 -0.46095830559418666 -8.572271989053839 -16.744995111679913 -8.059770248782886
1.0 -0.4070814902846595 -0.3306763278193216 -0.2690684987219831 -13.186988989789478 25.213221882818086 -20.46321172713487
1.0 -0.13345896202058 0.661855384865932 -0.12619118659843603 -1.756701249431611 9.335545627437291 -10.871649995629506
1.0 0.2623029207008235 -0.34802216369805306 0.06320248164108856 3.4158403163941995 1.9783978394493 -26.337466078751433
1.0 -0.4349187903458828 -0.4419403844070887 0.6182356405635048 2.6221440287443065 4.316422004286612 10.245827003151119
1.0 -0.06222428696501808 0.4524227053250292 0.4844759858078913 -9.289746161743693 -1.3973578348895939 23.420725947896415
1.0 0.6457629996408893 -0.34413125132637107 0.10634314209494218 2.7066002963899556 3.729270188976779 2.069652333101502
1.0 0.21411588179728586 0.4088452509668503 0.8618082468885938 17.8529420610872 6.02891339135056 -25.374093046644326
1.0 -0.21119685759833517 0.27961447475728785 -0.30501198294386805 28.550070159683692 4.620390864284725 7.138954941689283
1.0 -0.28204387974016826 0.08500861674567829 -0.8644128004453429 -13.015651355260886 10.38700735296813 -6.280909005398785
1.0 -0.9059730632540433 0.31567712139241705 0.006889783318094173 12.036475618753823 -6.528140860629309 5.701552716696123
1.0 0.5734030455503599 -0.4390595753675568 0.5010840860512242 -1.8080907489114064 3.159542084793994 8.939066652372473
1.0 -0.7285182827186186 -0.5853839988908709 -0.1977716140318499 19.742722188707265 7.527262853128284 30.747227780845556
1.0 0.5066067968476609 -0.2780430307578277 -0.6255665494039688 -6.3045866772817805 1.8236681974351354 -32.804405341813265
1.0 0.4740594116377666 -0.09214897932275425 0.5862574482589367 16.293122616536817 -13.96895823713369 -18.20403024237655
1.0 0.430178522013965 -0.6468217527028622 0.5186820195134342 7.101735978351652 -3.7452264208006065 9.126859376665692
1.0 0.8330485808751775 -0.2779722077429569 -0.002808016160990055 14.207253006753954 7.41847997099243 2.4289674672583836
1.0 0.14621489038408048 0.39737550345855477 0.7593276954006885 2.8011932380545335 5.0279974597574135 -12.381544917307288
1.0 0.7673121988820786 -0.3088294968177168 -0.22770151551698553 -14.520516833294403 -17.56750083456531 -34.768680944254804
1.0 0.19983728967730122 -0.19777958589831476 -0.30739946092636783 -4.2771177368228495 15.529441585930524 11.121289335152978
1.0 0.1647024112381965 0.5552723096086575 -0.09637215342699679 21.284886001788244 6.327303397956902 5.40924403147264
1.0 -0.06872149348013577 -0.05390736615092262 -0.2179042057148347 -1.4517208239590977 12.131643528532859 10.089844833881916
1.0 0.07609946804415338 0.4103628280891311 -0.2211012301803293 7.763580284313284 -15.494085393363358 13.594266561449725
1.0 -0.3465683958318637 0.714136717623137 -0.07249240367141123 -1.2554487534316876 11.33209707167228 -18.48392440449439
1.0 -0.2498553027735787 0.6310129987447978 0.3067369367989313 -7.86087962890011 -2.2823170661528485 9.174772725810124
1.0 -0.3586459119182302 -0.76552947942611 0.33583653353946713 8.157866875459035 19.564406524953842 15.208624717152112
1.0 -0.7715612743120435 -0.11132791391435928 -0.31553027790298505 13.462395834108111 -15.74671436298355 -1.939863161171726
1.0 0.8565572542156555 0.2601978540416867 -0.050099216040885776 6.737865295096183 -20.59204465640056 -4.6300524422340175
1.0 -0.6672017840785954 -0.006933872411953338 -0.4565840529880349 -6.106198839936843 0.9851235281754487 -24.74971082638843
1.0 -0.47139800658000486 -0.3277167557786139 0.3188731753480814 6.057993285924896 2.581586648036557 -8.842326530192619
1.0 -0.3347276504195316 0.6435629321660334 -0.39664296536410093 8.659724943447086 32.364601506547324 25.730490818483823
1.0 -0.2705842328616823 0.28739292326926136 0.373424764357481 18.67269991920393 27.7035910617108 -11.822714528951341
1.0 -0.5483997900450404 -0.5040855061830798 0.16778483768930813 3.5320218927114007 -27.086004186623857 13.068298931476452
1.0 -0.722054528354351 -0.46249675540875185 -0.47258784005417803 -13.141125516982944 -0.9792286315965076 -6.979580923991098
1.0 0.4836118571604607 0.5775018487393867 -0.6255465405094003 -13.177907489883951 9.503814855922569 20.953883257189364
1.0 -0.22507112467290613 -0.6314894409870523 0.2037876270514927 -6.613558692541923 -1.4213200199996705 -25.921790677655565
1.0 -0.048190009557992027 0.32422716838005705 -0.3674105225209342 23.788388272595075 3.6337778800867655 -5.989763670133635
1.0 -0.14974567989134366 0.8556010714961281 0.24014902741779623 9.64708032529176 4.118457149420515 10.04400749664847
1.0 -0.49807121997225773 -0.21830758037179454 0.001588270977646391 -15.544827300580708 4.456014311717102 15.360724664382522
1.0 -0.6520139172498266 -0.12366749089975819 -0.0006630146762983757 0.9453496968868431 -17.889323501631416 4.4911951814969395
1.0 0.06118875717566425 0.3603509996362202 0.663200884517657 1.2323077182754627 10.630460843221917 8.823397587142113
1.0 -0.37127514099011916 -0.12283931145824313 0.21195080847491565 6.198851011022486 -9.063247090792435 -12.464062816813778
1.0 -0.2906315627008691 0.24170906586286428 0.44681243089662637 2.768261890259332 22.065767877150716 8.054284109082156
1.0 0.5156166231085403 -0.7486112292377108 0.3060469208666491 -7.906267124362173 -11.072628695323253 -15.56113079931107
1.0 0.07371297523385378 0.9025623152796859 0.174132917834424 -16.443677259645693 -3.9850980901319497 -7.139107442032108
1.0 0.8833130423104786 0.06708621847075379 -0.35437525466101616 -17.5752882501376 0.6803152313167473 -19.227365596776547
1.0 -0.4826401520620154 -0.4571338574880296 0.5284890577530555 -10.78065519461793 11.87333851865995 4.360779601929415
1.0 0.5524432043098453 0.08290319369598809 -0.5739410504101308 -20.52572777580389 -11.396078663342623 11.059438366571753
1.0 0.7430345815264554 -0.35758742766657814 0.3902656165075121 -11.389113698924016 -2.0301650788794747 -15.997982263896361
1.0 0.3891788077272439 -0.23676391101910962 -0.5095862671132023 10.67452537241331 13.509776844597997 -9.927450425597852
1.0 -0.6924162402283718 -0.21783100554304255 -0.31663866506706445 6.398503088120996 -21.256976181533567 -15.98754494414425
1.0 0.12480843407830548 0.5330940260306023 0.819359292492566 -6.082851628484773 9.93798521024038 3.493898497972854
1.0 0.14567721703344097 -0.1223037661752924 0.2893635171547172 -23.75846772984391 -6.723587356160665 17.87772087335182
1.0 0.17893635241747236 0.08436614922206478 -0.4692385143641924 24.846798091192763 -31.6459469305762 -5.213436041778176
1.0 -0.3469827766655038 0.3575127765514942 -0.6215034974846598 1.6581233938306574 -4.2544456504701795 -4.128072605902572
1.0 -0.6011784205778314 -0.08193013307789734 -0.4784514242487517 -27.435648875621364 -18.814654441063002 -15.98043706907788
1.0 -0.09466141657249917 -0.4503227871230359 0.8631756428417381 12.739585373800832 -3.628508723720216 -3.176466142563996
1.0 -0.31492586407746276 -0.6932898578096555 0.26342417062737805 -1.9029617220363673 25.37829108012539 12.172229586127807
1.0 -0.07523482126456393 -0.29936003531308136 0.590535601692226 -0.6384485290957277 0.00219900346381967 7.287356128915385
1.0 0.5579580239175589 0.11401333211375056 0.25182448489832676 5.765086723124296 -18.455341794256235 -5.942827332789273
1.0 0.3685762830529144 -0.5639483218143271 0.5184590297446746 -5.939481877317974 11.204862301322999 35.91149146888927
1.0 -0.1072427282585872 -0.439837506135499 -0.11038146901468159 -0.4537513538627406 -37.88806278977868 9.560699917652691
1.0 0.060133015340488254 -0.19137213394049127 0.5411836450885635 -1.4885060129970278 20.221911866682117 -7.308741150286866
1.0 0.31298056885824466 -0.6975878219797108 0.42481656725449995 -17.52690913755174 -6.0672953464081765 -16.404733107203633
1.0 0.16811246244407355 0.6172607949830903 -0.2060120406520926 1.1444230430479232 17.186845200758594 -15.194723698721715
1.0 -0.05214491376403668 -0.9559695892653719 -0.19931280537817714 -16.328230197214577 -12.89261987245194 -4.2516457466820405
1.0 0.13706339220095803 0.6797917865931744 0.327192427761757 4.392727701911289 -0.7409624007442792 -23.220659757978716
1.0 -0.10360871484668341 -0.051000595640426444 0.8263389834877253 8.62527934751296 -4.492383338414625 14.641230558939156
1.0 0.21859457612596392 0.4058940309453222 0.5483429704056169 20.82650399912993 8.817776883930529 -7.169416620535724
1.0 0.17344128325213717 -0.8360899513141532 -0.10886971743175224 -2.837273004764817 -13.24094603446375 12.528218967389725
1.0 -0.6212070479631852 -0.7123434185184182 -0.09181926218102235 8.36844811105985 -14.267441192521378 -5.059066970896738
1.0 0.5851186373050273 -0.6479424263506202 0.41092403649797454 3.1231013391590943 -8.564426795686945 1.8176615023513822
1.0 0.3332339731562154 -0.5791068101521444 0.3681268857066966 0.17615124372856614 17.360399460949836 -1.5347034544268616
1.0 -0.7949047116154666 0.44927573399769866 -0.36759345233481144 38.922801250672435 -17.94712082685858 -8.042865294601475
1.0 0.5402260494247015 0.2063262937926019 0.6833791702002253 0.1526852225958702 -4.987278489883274 -4.886223029390431
1.0 0.2263611896436564 -0.3900120167659978 0.22342513480355417 -11.946850716352762 4.6592562901703385 12.336012862846706
1.0 0.23090281093570475 -0.39778291894784906 -0.16140072162124328 -7.521225694084395 11.233667203896905 10.754911368251856
1.0 0.5887557074212311 -0.5700746274778623 -0.08123236736252544 4.040298979154773 -3.1607906950593603 15.639369772848026
1.0 -0.3500086883220259 -0.09751600999738 -0.8060931131662737 20.40264690798066 -11.741581064738869 1.3980806536873251
1.0 0.021146557064557737 0.5467855852578288 -0.24632297512301532 -7.318689640811696 -24.8935366021385 14.901241002884605
1.0 -0.43756066425805296 0.6253747291436234 -0.21569702603785437 -4.070501647002682 21.962592393788963 10.436111981600327
1.0 -0.8394250080415185 -0.4184479277652137 -0.023409866263325325 -13.660059755973526 17.282162335112734 -10.104585963909098
1.0 -0.38322095507024345 -0.40524149188202135 -0.08120051518270889 1.7680789029586312 18.592724360243974 7.70903718051203
1.0 0.08587794762811038 -0.8387617970905136 -0.23431639052127917 13.234980504993128 -13.824785127101743 -1.4320843935170235
1.0 0.34301908910316165 0.03269705736526076 -0.374875336327217 0.3903621199443319 9.603692485997229 17.484642179268423
1.0 -0.32776722455317125 0.2869507253879412 -0.46062785153111413 -11.130396134694845 -6.6382545065817835 8.621058994914067
1.0 0.08446164428289678 0.632972429966948 -0.33206541810663254 -5.03802118773573 5.371646378986257 27.88202327537613
1.0 -0.255375219083686 -0.3078670476229401 -0.385226878206044 9.890632500259098 12.596884401243043 19.27947989545891
1.0 -0.5948544755042042 -0.01854448910270343 -0.14320811147045323 -13.19796971245856 24.735474667879945 -2.3937793719195115
1.0 0.41226451934731323 -0.11838706132662055 0.4425977424163481 2.1851648471068 -30.105726273508605 13.843466021461412
1.0 0.47583635231715304 0.5026948153720492 0.4502289633243184 20.74173903532282 15.377052887431443 18.305492940747577
1.0 -0.24330553018794968 -0.0002838549385715337 -0.512268591503608 6.677636624222919 2.8015695325946046 9.231244165783616
1.0 0.3907216888822888 -0.7574482422016112 0.18985505313200068 1.8978078381177264 -6.182370331955477 -18.885221134922038
1.0 -0.5712244988322964 -0.43254855610318343 0.30911479956932103 7.915476164665886 11.58605803347202 -6.823706118085224
1.0 -0.32005785876426807 -0.5821819637222478 0.12222485569334934 -0.1925280961520551 -14.695160127662977 4.928162653702379
1.0 -0.1313511994059392 -0.12774678292668207 0.2683230180095737 -24.10941078903237 9.43706302603886 17.804702223594553
1.0 0.3164707167925833 -0.254402832359582 0.45139598378236795 -7.723966977158198 -15.23393118505921 -8.35515806127881
1.0 -0.0391148929340084 0.8000055719356199 0.5254236027016311 -26.89263980509981 -5.51869916607595 -9.695562147306571
1.0 0.16129036043641648 0.29822378538655575 -0.11937528590866238 1.0060638925727576 1.8961933120588266 1.6574874843854062
1.0 0.09522813814556319 0.42652776461576974 -0.6937729607302836 -11.396236700838672 -1.8477330674178427 -12.13653120836759
1.0 -0.7558067024993174 0.3362621776673912 0.15325435765573467 -13.066081941426809 12.3067694990268 35.19036021623315
1.0 0.2302620938650191 -0.48177306476844955 0.8407143056016863 10.111091319383311 -23.943753619874766 -16.684360018153612
1.0 0.648661533695883 0.5949973781587208 0.16390214787902277 9.27457314375627 5.9199622835345975 20.639539121515764
1.0 0.94453267440314 0.13595684959855528 0.030352883026246294 17.084389354960333 -1.25176354590694 3.989037468875016
1.0 0.39294516246553735 0.6820963785475339 -0.6102724464411454 21.096600953507114 -7.7184738090644505 11.858392656559625
1.0 -0.7620814612753313 -0.3709351787017063 0.460280498997457 0.5666914209552406 -9.246205397187133 10.670857064504371
1.0 -0.6611089676310908 0.6345865911456207 -0.207922267026799 17.98651245878877 10.388393779391931 15.627362025427878
1.0 -0.2104333935825048 0.544677942575119 -0.06172198600261555 -9.448165946105775 -7.795187894721674 6.235000697356324
1.0 -0.284295808497195 -0.23125275585882965 0.9256846069353287 35.44123756424821 2.5656579346361608 -8.234240899293114
1.0 -0.44416102780564964 0.7729041268264932 0.4504710437822955 -5.027709330216768 13.076353475609139 -2.8151616905723085
1.0 -0.3884933802253292 -0.5093737806073567 0.2853726573237984 -23.076170923522774 28.04800238024087 -16.689972165012275
1.0 -0.1417526008582425 -0.5581428418762321 -0.6366082453283348 5.000157468458302 -1.6886222363509644 13.643552330771417
1.0 -0.2288077019881518 -0.5810482261049166 -0.24047157384530846 9.948146951625844 -2.8955017802698704 -2.3067062069220077
1.0 -0.48614265092106174 0.15982958867565053 0.7707356967177756 23.767858859400313 42.07087117138346 1.4572876591861867
1.0 0.36045867456236996 -0.6098189265194518 -0.3627604395508773 -16.61969411303633 16.500401576427066 -0.47756177902193847
1.0 0.40711759553752186 0.3596830062921516 -0.3347694292179094 -12.127759071928843 11.611296733925537 9.202300833326145
1.0 -0.32546958997157105 0.8113142929371732 0.05930364711405448 -11.93391919867083 -9.779011961434131 -6.0942261838420775
1.0 -0.53159342678284 0.47927967916586545 0.06417500503685569 -23.069667862735542 -7.351525885812785 -15.924673743159069
1.0 -0.13687824762898299 0.33069706375396885 -0.5523913720174002 6.538079989758913 -31.08227970800869 9.364921955529878
1.0 -0.4957495421962364 0.4397363887302705 -0.5580133022584407 10.208478788135675 15.908604232752696 -16.12251708360782
1.0 -0.4398353330231526 0.2349141846886681 0.5137200379342914 -22.51844063393237 21.753041825937977 29.680052136815103
1.0 -0.017589823056080676 0.493181204553993 0.44212427778973995 -13.762427309239643 4.7611536086730775 0.03990410813755782
1.0 0.09749680758665899 -0.29911729667418335 -0.643277768252916 -0.17826152403596815 -6.877197525145051 0.19188147567511873
1.0 -0.8647688520747947 -0.29095172664503133 0.1501688654681387 -14.882401786688588 -7.42099939074536 10.16197355462682
1.0 0.39787262897940434 -0.44677911363832673 -0.04629982574101826 12.922135742473705 -3.4760536639404194 23.569006919185327
1.0 0.15845684189864775 -0.28105942416572033 0.25165887575472157 -30.925672825552837 -18.922569475914962 -9.366197878075585
1.0 0.09508225145232128 -0.5461915632668152 0.8302082703193916 9.251061696608042 13.155244033488609 -6.715469643271394
1.0 0.7066318491559656 0.16288862459934342 -0.6367407895021084 -9.195704797711592 24.799927212123713 -8.037634398215184
1.0 -0.8628194022808577 0.21062417496690883 0.2980696038887816 22.12549638320534 5.7368090729513375 -5.149956454870985
1.0 0.22492157469143947 -0.11203955081159916 -0.3150452229124599 15.295654827639853 -2.4277705806058667 -28.002839231051105
1.0 -0.41910208936877064 -0.022211597990486626 -0.3493865227040653 25.62481539772348 -8.982705414879792 -15.937068443239772
1.0 0.21181498519572411 -0.4128572662994382 0.8468763804208006 10.267138001136308 -25.85248754730596 -9.801237612467414
1.0 0.36440285487942353 -0.8212699958828623 0.2748930726049707 9.121585288257958 -9.573396491469897 -15.152575165661412
1.0 0.26400350330848915 -0.6368038198027643 0.5490685219486221 0.4310049132215902 -5.88680238016091 15.22006346035534
1.0 0.4019239169030668 -0.4266821728786124 -0.7907361038810974 -8.105965469081935 -29.55430436123888 27.84986807524093
1.0 -0.4463578509899129 -0.6259925709293475 -0.6020288240283725 0.21125285390632698 22.467108757782913 -2.874977609161889
1.0 0.26670083732238553 -0.3045950135861059 -0.42241255546890044 10.99712700586608 34.04028353567919 -11.640106203865104
1.0 -0.16030631968947992 -0.5220838840074936 -0.7654181944220838 0.9658175663740003 11.415220972843924 -0.4493841860047796
1.0 0.48505962166246036 0.40467817486417157 0.3726495330019948 12.200867631039802 -1.4879797410563322 -8.785530475376428
1.0 -0.21728697890861223 -0.7171648871462587 0.5441141322384361 -8.270814958136942 -8.034561745536047 24.834924787835828
1.0 0.29031936891683613 0.8356813384372899 -0.30760612378460517 7.628996897593333 2.1396734358452547 -12.3032544090132
1.0 -0.2709455968861188 0.5299836947516192 0.5297761671317422 -14.151203200924678 0.6541020957759721 -6.058004961832288
1.0 0.38394374353929317 -0.12512559051768213 -0.04499969435405201 9.49478594103984 5.029915637154871 -4.720928511360037
1.0 -0.44457715541968196 -0.15433979307143605 -0.4597048583650143 12.742060975439932 -19.56788106913344 10.782490423101533
1.0 -0.651184029911164 -0.4821399458724256 -0.3522004423136662 -22.113082781366725 -2.6473941490125132 17.037280489006957
1.0 0.9183362014981329 -0.017916162444148478 -0.1997625608578171 -0.61398522552031 10.633029423933722 17.2634561970956
1.0 -0.7608624158251716 -0.40165174722516545 0.43253442433513023 -1.832486968996937 10.041997673046327 18.75035748648136
1.0 -0.05026783081452133 -0.21206709276036098 0.7337018859159998 22.576934981340127 -9.698854678892916 2.035882754063685
1.0 0.7963986916616763 -0.10985723280086467 0.029235359999833295 -16.031272071520018 14.41789174854322 -17.898319637836615
1.0 -0.7585773003931144 0.12665769224106163 -0.11398597177347058 -2.383823826707278 -10.472227035062645 -8.106514440311734
1.0 -0.24242486783609934 0.03150396165118253 0.13391237465605935 -9.460247130600933 -24.38986342327349 0.3031554535418702
1.0 0.3538444844873838 -0.5464249790294401 0.4658978454273687 3.797132198930443 -3.6203696187295353 -12.381951557364609
1.0 0.5420414442925778 0.7109693536158895 -0.201410075239803 -13.338536863379307 6.9593494702655025 10.363006353498555
1.0 0.8281072840575506 -0.27382514146616693 0.20949201265149348 1.1257488892274703 -20.188781768527758 -13.066815807064128
1.0 -0.5594136306868548 0.6589117619947963 -0.13553639137676657 10.89203805887175 -23.237232808394058 13.324570065839092
1.0 0.15754402693995256 0.7695940377493533 -0.5848782478946453 -20.651324402854087 13.076387476739418 23.875854583487545
1.0 -0.23857691960113128 -0.48692608106568 -0.12501695202695126 10.687747961363062 1.7031420238391368 -0.1285017514239332
1.0 -0.3547382888362711 0.6530530124609613 -0.29589660914041893 -12.8982027822206 -16.583841733729543 -1.4837401144917726
1.0 -0.45906251605196824 -0.3965138341094655 -0.64349171805732 31.348863845872 16.78078283049052 -13.145392818740914
1.0 0.034146357854238425 -0.25983264228358477 0.6454012499383955 -4.476464514347392 10.540131195267238 13.874085140637657
1.0 -0.32966615675587113 -0.435679690223424 0.5725034772486408 22.154836028522897 -5.723775507580778 -2.808625748475065
1.0 0.5543047773810207 0.7250284911756593 -0.04871472033669047 -1.1254241780004302 6.258713686057441 -16.356467375017083
1.0 -0.6073260084874778 -0.2820787431735312 0.7168501604453708 -3.706159697243792 20.43155537058991 4.614825975960397
1.0 -0.40375445342334837 -0.8174226045961008 0.08763066302746172 24.94468289613917 20.363646228425033 -3.1253001123563116
1.0 0.5036439007821911 0.6589195689491963 0.47969024791967413 1.3846318921464325 11.872204866329058 3.277125042007926
1.0 0.1542841025769286 -0.6005526852027473 0.24347407146238106 -5.5239794035601335 -4.0753221532762485 0.45803591462755444
1.0 -0.09354784137788766 -0.26881997945956704 -0.4628377936657529 13.483101648931775 10.79860122052003 21.742706357503963
1.0 0.39386078132096025 0.785655138053102 0.3975740757147667 9.69362213541081 -9.206423558795782 -6.219687940280032
1.0 -0.757443425482709 0.0031962586884051857 0.6492867293313965 -2.2749355772138733 4.177011399001894 -6.626247930946718
1.0 0.8054923908074912 0.18391888991345412 -0.33933844356612936 -22.18280897513571 19.303410066216248 7.5625301103278115
1.0 0.37755161745351545 0.16074159745728878 -0.6765407183793137 -5.793316173585713 -15.901332828536164 -11.805056991774968
1.0 0.268624878725197 -0.8397489137312306 0.45882106183894766 13.701403547027137 -22.64493192249462 20.477321145233503
1.0 0.5936117175194408 -0.07252512682900457 0.09644468810897804 13.019605701870923 -9.825635702114289 5.5345012941603775
1.0 0.39961511166608876 -0.6663657887168041 0.26832879926819214 8.804474110196331 -5.147875708704572 6.213950498143072
1.0 -0.9266702044236699 -0.061629820945452836 0.35986176909762074 16.075616891072208 -19.262894956500038 -13.527812887830738
1.0 -0.8099191840087754 -0.07784853496802738 -0.5515229180607031 7.430734198062991 -8.069111612442097 8.980285206364142
1.0 -0.08007305336158922 0.8008355008092483 0.42956269300774225 25.391610052281983 -11.234320825613903 -8.287325632172452
1.0 0.13134354992255395 0.11272424175065389 0.3583588781934139 -4.714481079843692 3.5166308681718914 25.831620135773814
1.0 0.2009633869144383 -0.40079552510982774 -0.7438089537586884 10.111340630575354 15.346591681781334 3.251579882348092
1.0 0.29888517342675464 -0.06588402042453 0.17769543517221698 -2.01993245468178 -12.53827289637443 1.2245620915690414
1.0 -0.3739129892290224 0.40856958233127744 0.6648870928899836 -5.159019793780932 -19.031413653155365 26.799003194741992
1.0 -0.4637459622013117 -0.4864772621055274 -0.5391818679357145 -6.936953970231945 -2.3848442344297807 14.93650264207528
1.0 -0.8904382862167596 -0.04259265323495877 0.28850365527756444 -3.3082735742479428 6.961641115223977 -8.299273947442865
1.0 -0.6966633673592716 0.1884086151330613 0.47212612333734166 16.65841344020247 -10.998323856551346 -26.658430671011402
1.0 -0.2008117510810288 0.13574375107938147 -0.4759657379224077 -5.025862655982452 16.807361705521217 -1.4357005284291489
1.0 0.013836818988600038 0.3134721903118743 -0.6465603312318792 8.65664174344325 -4.505853713468173 -15.300310572163657
1.0 -0.15719127184148832 0.1452981284453653 0.354891884456766 -28.343561177798104 1.272421323925179 5.783088772275211
1.0 0.536120228918262 -0.17830663743956882 -0.2506218893858686 -25.3075382446342 4.602914194286145 24.117756089587168
1.0 0.5764297675746499 0.1297982572839467 0.14811965505416191 -29.50032017671412 4.023026961469064 -1.4973258431430059
1.0 -0.0778816631762844 -0.4055326080586757 0.29396331255960406 0.7697231495823575 -27.22367174026981 -0.40715374172462454
1.0 -0.15352648855782278 -0.29155369289188426 0.4095576671908675 12.212170610459259 -4.621435632323241 4.491248227150329
1.0 0.1980907649776044 -0.4668802948328691 -0.6147307878672934 -9.868756191752377 11.439387515819917 -4.693819212687516
1.0 -0.05537060648903272 0.5052000157107811 -0.4313152296400687 21.037423610190757 -17.3498699489002 8.837616201292928
1.0 -0.668813112124058 0.050618414301307424 0.18667609708324914 -18.661699535639073 21.53327465678092 -6.8498316479166945
1.0 0.24449030603880742 -0.48873077763433764 -0.14587061445709015 4.457882382063245 -14.303891200350982 5.954367389070325
1.0 0.08267601692296433 0.8448245841389799 0.08850872077670666 -7.013410181739178 11.930339899111416 -11.402385365128351
1.0 0.6680292955625043 0.09026552316104752 -0.5581698508816241 -11.443989567914452 -17.31744247672018 19.146989495210175
1.0 0.5194136656600724 0.1873963749645581 0.41610968285310224 12.199867121602036 -21.800567656957725 -3.0738392738888427
1.0 0.2608660920884652 0.9152700287332669 -0.12516687091843523 -15.895666163785632 -5.082966170020931 -13.689015008457739
1.0 -0.6792077093259942 -0.42645797456926954 -0.3501705194490631 24.457219293296472 7.595295963543044 10.10059724689782
1.0 -0.7214928466842788 0.45695334374795316 -0.19752785902423836 11.872624075849586 12.12497144477132 7.1420548157516075
1.0 -0.2965063612354501 0.054048700969455604 0.8479588560046731 3.2522657909755974 1.8781039901674903 5.146537985578736
1.0 0.3274319213710447 0.4387205819412004 0.6221640377409176 1.8761485455899554 -16.38798230827012 4.39856359850727
1.0 -0.4974912339764367 -0.10623804359829953 -0.6130152016811575 12.480472655668887 -3.819200973809661 23.45728556325695
1.0 -0.6058672836177836 -0.03833366547834217 -0.5626924469124267 8.881570897884522 -13.14142025269774 -9.9505728022354
1.0 0.4500354608696298 0.6366978235444543 -0.11049379156556219 -26.28631550711777 -34.4703351198215 13.920860757458126
1.0 -0.33407767906422514 -0.36834799979781563 0.34905164675487843 -24.743491813551774 11.584134213626783 10.309122539542615
1.0 -0.1729897752474652 0.5610950141080857 0.365676083855394 -7.154519227813606 -15.594294867854348 11.994128215508582
1.0 -0.6864196466064292 -0.005572742978378201 -0.26582956951563746 -1.4793472492438389 5.403990954423965 14.004213075222212
1.0 -0.40067860678768685 -0.6767922594337238 0.09890543232119893 -8.261164944751025 13.040014417593184 -26.672098126999153
1.0 -0.2826693633341153 0.3978052201462152 -0.7108670758970478 10.422370335756646 0.4727548483688515 15.088001094717294
1.0 -0.03457296518668948 -0.056023349883013183 -0.5481496730544522 -4.4210109270045965 -26.05324367518796 24.09050485441499
1.0 -0.5259606257657595 -0.5171066437624813 0.00709795203726371 16.713372342211105 -18.043568240439658 -7.714484695825676
1.0 0.6632726741121555 -0.493130137590629 0.5058276520101599 15.486193028981955 0.5482041927567421 -36.741360479857505
1.0 -0.0551506862983605 -0.5683426618916624 0.7392376930220669 3.96984931191271 -2.232393251567766 4.47642011605396
1.0 -0.5172846969804107 -0.4809018351549593 -0.06899038602098738 5.626260634822502 -5.97975227637861 -11.93899291583754
1.0 -0.09702804234518288 -0.13890323057497686 -0.0775348990848472 16.461069393171304 -7.142524210241186 -14.400103110317302
1.0 0.3101988172020442 -0.2136859630078961 0.4321078129234695 -0.5837182554785503 -4.756173454080588 -6.885818072966808
1.0 0.703939079544342 -0.4283009940745992 0.5602594140696233 -9.81181394349253 1.9374848758432466 -5.998197423191551
1.0 0.27501317299901257 0.867729270944596 0.1193125644375437 -43.58660731609308 -7.659942381915684 12.47335729877263
1.0 -0.7499693673244903 -0.10330365523775197 -0.36467431961766056 -17.622510754800803 -17.927081044930233 -1.35273856034663
1.0 -0.4803619051435739 0.8449053295006131 -0.14600204937476757 3.205957102707174 23.155696892423958 -15.235220003366067
1.0 0.28615707405486934 -0.7481990606499672 -0.30614813879885516 -25.906647224224447 -27.034860036837166 -2.5831133303807166
1.0 0.41341601809009293 -0.5970731382210168 -0.6462318082631863 6.291102931802849 3.5820552373150782 13.423406521622384
1.0 -0.1412271862413557 -0.6887794680318132 -0.3570788218763256 18.96174558029457 1.2731924241100518 -14.408554078975492
1.0 0.1659820670453783 0.782111963566853 -0.4299984313459051 14.454824355031338 0.7482868962986234 15.79543800899238
1.0 0.009486850533915814 -0.6867542280592018 0.24269636397059627 -16.48754862715949 -3.7801257444658813 -1.2188003234205085
1.0 0.40751902773950244 0.5579181401656256 0.44910516625949254 7.547864192618869 9.63043734379846 -7.321211642409731
1.0 -0.6823839708209132 0.23622362096559044 -0.5267436813174294 21.550848210711347 19.377765404947496 32.927288859677304
1.0 -0.21546897150545538 -0.749734004428705 -0.3419434488101934 -22.77284266231332 31.544391568080915 -4.9308677233824705
1.0 -0.8210667628719573 0.17825795969013172 0.012116435131526071 3.0338735142891293 17.746874743034244 7.795567715391553
1.0 0.43748370035948697 -0.2650739889016213 -0.4727326519718238 -21.213736537406458 -25.293850060211536 17.790409187209352
1.0 -0.2416466772696381 -0.38330134765311547 -0.32153767100890485 -5.74062322900497 26.223616962181897 -0.7577073136566452
1.0 0.10453016768259606 0.7879243894261393 0.08395775661277155 0.8978175712297458 25.396223474819138 -12.341082844640217
1.0 0.7741627234878399 0.22268527852690553 0.040388066777496075 -4.11480294145902 18.563088548029217 -5.765003512472523
1.0 -0.0005180580221740916 -0.5953399629627618 0.5302923580971751 -18.520179228821743 19.321017162404747 -19.14968561274433
1.0 -0.46504395036169105 0.668571876314131 0.36900823000362115 -16.364951261637497 9.841182712776556 14.8940440723061
1.0 -0.12160560737401312 -0.25698126833863355 0.5421015925082593 -1.133980032574626 22.757112324226288 -32.39352006599383
1.0 -0.4524983878540093 -0.043910933386353795 -0.4217446395367881 13.420591022776238 1.7863789763427806 -8.443108987108841
1.0 0.7256747353407469 -0.19229959923623272 0.2290986604252902 4.83693680027439 -10.835403538525851 3.057119852944191
1.0 0.40359039928765245 -0.15991887166559948 0.4457776388603598 -14.497674456871435 1.6168858669618358 -21.131940906055696
1.0 0.4001117444097626 -0.18177715121918916 0.12483820054788708 3.4161005787217182 -22.951574266950335 17.17294322870274
1.0 -0.570548057813718 0.012975704931226127 0.07569325618148791 3.059410993531881 -17.41740839978887 -7.24816748222115
1.0 -0.7241305839239508 -0.33033625253670734 -0.20064766336517784 5.372319501671986 -24.421973092311482 7.159031266230448
1.0 -0.33209234150390843 0.7323722652090883 -0.5462287355905268 -5.339591451783933 -4.63032938515361 -25.041247248343424
1.0 0.8886668255305918 0.10683155476887275 0.2780177903065359 2.791772306551021 -2.5458599936354918 0.6954237693404622
1.0 0.18834003798733567 0.6598373825160898 0.16026079759403108 -27.74192706842215 4.187400188885761 -3.6007642540490585
1.0 0.1819028549013794 0.7353663470605895 -0.35169257346253274 23.952458864728396 -11.173898634945699 -8.006275902817467
1.0 -0.07912670006020601 0.025070994060637466 -0.8609632047258162 -44.74092911476675 0.6691043933672297 15.915277697275766
1.0 0.20132135961187833 0.6679379823167169 -0.5253157971449205 19.669182914815618 19.45156753676093 9.215025786168962
1.0 0.2785068383136096 -0.25544327099821773 0.32119886536203096 0.3454978371185923 -15.373834585556121 -12.467160440277059
1.0 0.08519109495337461 -0.56665763491313 -0.726373423043425 14.921316525795577 -5.956791566817213 -1.7260575654960875
1.0 0.21754048500190024 -0.5344353382869474 -0.2907575977324936 -1.588594996241573 -4.389123341093388 -16.145626133052563
1.0 -0.5483671752076548 -0.04313467508713842 0.06261117425862267 -4.492664440709651 4.496586372912591 14.619128600557474
1.0 -0.18613467159593244 -0.6080315984097288 0.2753855769401314 24.328523300072142 -7.66528652711907 -8.092374379575968
1.0 -0.9545151666811095 -0.1584028128296898 -0.12038803498839334 -28.388524445563732 -1.210214421377771 -5.913301939047141
1.0 -0.11207914062770263 -0.007666011955338246 -0.10646779769685005 -0.22204678416579365 -5.1322940628226 -7.335606402197654
1.0 -0.681874548018966 -0.013591349075191803 -0.5545194590156086 24.905442656119032 -15.213741941919361 10.82608031280141
1.0 0.5999243880281039 -0.021723291895817773 0.21073811494127437 1.492104490196321 9.561823630681697 -13.283915130837627
1.0 -0.29390481525887524 0.1784588652742272 0.21174494446628045 -19.42701761998599 -24.32546001004205 -6.259761665757607
1.0 0.15451078858915235 0.6860754459434663 0.7047221003617739 -12.466298687498195 -11.664191557394052 -11.184898928722587
1.0 0.12160151020944936 -0.2767624065871231 0.6921704745005858 -10.59745117395376 -12.643586036813899 1.4048288684618386
1.0 0.6924450188574623 0.536566069502842 0.1699414903661756 15.324835463588556 3.5476737347900436 14.452735614285826
1.0 0.5573780659160804 -0.40644477934505396 -0.08196941933358619 1.4232401671637174 -20.86542177991967 -8.281252161341843
1.0 0.17664896339199654 0.8207993561016663 -0.48875734114954617 0.440225742242899 -2.2734277082277727 -12.648438669909298
1.0 -0.0753852139135521 0.8338816515838162 -0.4563075948972596 -16.34269572503825 5.366233131666985 3.5573057214888277
1.0 -0.06825379089323887 -0.30633271422869823 -0.8515744459693301 11.260556051063233 7.766085604973607 12.611197558686932
1.0 -0.20025151600367228 -0.7968274217056178 -0.4906426509282631 26.122796690310995 -26.561524645209857 -7.421686848566278
1.0 0.6281837074916453 0.11393737481909032 -0.7192324401686889 -0.5829192727492882 -1.8472459749021684 -3.3925412792176033
1.0 -0.3866607028961661 -0.4748977939818829 -0.7525985133783208 16.620884150403974 13.735132047493698 -5.666969929146437
1.0 0.48890816200703985 -0.605354959121809 -0.5608358262953841 11.768598705860565 -1.6828365718707834 -17.082356923257777
1.0 -0.6459140548587436 0.5472344479448502 -0.5175098808203252 -0.4856119359679833 2.4488755891681278 -11.086954898508283
1.0 -0.570092307599804 0.552365749337352 -0.5296782402288236 -10.604378126759524 -8.739572224761448 11.254931865607052
1.0 -0.28323795353608244 -0.4821173098482593 0.36237998149779804 -5.015506975981738 1.2484720887191845 -11.25316702840556
1.0 -0.4775073464504964 0.833306948886141 0.09964606292095025 13.569651646119073 14.25406474815886 -25.433794228034298
1.0 -0.239720336400883 0.14899447261050433 -0.6738764077643332 -19.366285766413462 -4.996256703701678 -14.85509582891286
1.0 -0.3305270092863437 -0.26718990932586184 -0.7544521406812987 -1.0838427032921942 24.54183882258633 0.2724190411304385
1.0 0.41189826011615005 -0.03163384625435927 0.007322099507271628 -8.694693864653182 6.491913870751918 8.58584006419918
1.0 0.698851549336439 -0.23069977616494639 0.5564293629237438 -0.45281118856351643 2.0606457298468155 -3.481440746414792
1.0 -0.5919855876394848 0.18291179293575463 0.6268011913709647 13.383037497889807 5.105695992167345 -14.762427081275115
1.0 -0.37302924305116214 -0.03335319616139309 -0.16499162407426046 9.201967699192235 -8.793050742520542 6.971020204019873
1.0 0.031356728002133766 -0.47564007341730946 0.09976003736998246 13.986402941083183 -6.954550065010536 -7.363669670159882
1.0 -0.3649842324307871 0.30104497443830763 0.10827943648753777 -7.6249590129611615 -16.50442653379887 11.500227938900208
1.0 -0.8251467925634325 -0.16656639350373445 -0.3571469184374223 22.85146228307237 36.701793917004984 -26.27741539001537
1.0 -0.7289258122559775 0.5256287474566529 -0.36481960108687844 10.743262472345513 9.424939589753556 -3.3634608592439563
1.0 -0.8262475284580612 0.32180707257616 -0.3920423883128083 -5.482233130542739 -8.544962296901906 8.873581942981042
1.0 0.5727575242636824 0.7617433961717209 0.2806569388659133 10.240828545486348 10.142866341041692 15.767485221757028
1.0 0.15319605788483948 -0.03652994715779064 0.06040756572804369 12.000203302703783 -1.4631158523109187 36.43658273996234
1.0 0.42551674817176555 0.26692454411710137 0.8336341375684256 6.137211371173435 -1.7531401951955847 5.992365215391362
1.0 -0.31667331617922223 -0.22150821067736037 0.32888487774305497 26.307185608453477 -8.640705462547805 2.85806546369308
1.0 0.0016039198160639095 -0.8899904538061485 0.22437609974523273 13.863487197685282 13.190471290395516 21.298274664068046
1.0 0.38897805813917913 -0.032676586696993755 0.07274033160119493 10.35719144159752 26.010359104686945 -2.110276398151538
1.0 -0.7903982051206182 0.2480348074206063 0.3574002079045285 -2.5503959706671058 9.06195038109414 2.6606531094330506
1.0 -0.1977096079610956 0.1758034253156388 0.3727218902871643 -3.2731629406135525 4.637710916399965 22.61692456822306
1.0 -0.46100058032435975 -0.6856237334877265 -0.5320040721912219 2.9653163463257783 -45.1621201977575 4.557239390346556
1.0 -0.2110182541419155 -0.9079159729605679 0.16159488114694676 5.165355838920833 -6.994843271205013 5.413753867995294
1.0 -0.48329341965099276 0.7781718853072969 -0.10881009152226821 6.848897061167743 7.472768405174419 10.394908005459923
1.0 -0.42236531559922047 0.3103277746687396 -0.7317711869083463 -25.368599502082766 9.542856287765007 23.350528546032486
1.0 -0.43456692016187637 -0.2549977222925857 -0.7502688409559429 0.001402209382650225 -10.453462987707018 0.6570618855994397
1.0 -0.36434299287816246 0.3621991587446327 0.29099254009818576 -0.9217490423780449 -2.253643840968511 -12.131422890651788
1.0 0.6554332874051257 0.16184237423241024 0.5590601598704481 -9.143038613610306 16.044775061410117 9.47647149216166
1.0 0.05348759838292561 -0.3888786930203925 -0.7635686038193804 -19.773065135285137 -13.491055339687552 -4.3862496602954915
1.0 0.25951644824527803 0.21461337069436373 -0.488311760203148 17.1073630330013 4.4546785132084645 -6.071519335375611
1.0 0.1436400569649479 0.3018699211340484 0.5569371527451229 20.754644338946 -33.532070368142605 -12.826861375220089
1.0 -0.3296194481871441 -0.2746215463350705 -0.19791348670135836 -1.2063508208654032 3.3293324057897733 5.574178177936974
1.0 0.416845593816148 -0.08299517406141654 0.6986106657105515 -2.2821868550128683 -22.086458486130702 0.8817320426492232
1.0 -0.2783417479530881 -0.7366264858419317 -0.2804424478067724 -18.203160290222602 11.457978139353184 -3.4646680706062187
1.0 0.6586259596964824 0.39054515341806373 0.2517135991411124 -19.299778848408263 4.987868375232202 30.225586274383446
1.0 -0.3968617210367691 -0.01154898667343081 0.8875836418363167 5.664937643108465 26.193164295162806 -6.407819156254349
1.0 -0.18222227076938968 -0.35082920437961235 0.2298099120915843 0.14076870794561847 -15.566987806412618 20.329586482632536
1.0 0.7674405906380595 0.10611099198232607 -0.28476315690221177 12.306330964694801 -12.717787998395357 19.198478427640907
1.0 0.15301796646609717 -0.3458814402669675 0.5048737744024409 -6.229293838068756 -4.968764277047735 -5.708709105582678
1.0 -0.4099490166107839 -0.6464328609207849 0.5587056582692305 -4.499406273829478 -0.6574944159846512 1.6930584734331315
1.0 0.1823293253384417 -0.09576414221024623 0.24244266711640605 2.1635329048989185 -16.91202859934153 -3.6603519338880206
1.0 0.6381223590781959 0.050081761146364596 -0.23047823778783827 -17.461679429334282 18.323300617758296 -15.308501753632546
1.0 -0.08811486452775552 -0.10930763670935034 -0.7661066572323758 4.628433059241368 5.607301228727446 -11.634305476868375
1.0 -0.5058563457708944 -0.0920158643496298 0.09589724073443721 20.17925478317534 -9.000074992598742 3.351180642758445
1.0 0.5133185684183158 0.5840792095554465 -0.5560098058326384 9.409827758859814 -15.422790599892023 -6.541756234086301
1.0 -0.31993887403377924 -0.4235113730103494 -0.13680868960902304 25.305835179080105 15.201313289281929 3.504138645944659
1.0 0.5614760199827662 0.19074534797932546 -0.531455339175426 -4.612802866424034 12.300895924046726 -0.13618784866602968
1.0 -0.17971585016707742 -0.4234072402488801 0.5626904458311588 2.879832002095261 -4.0455335484718935 -11.487887975140794
1.0 -0.2394164207992478 0.13784068762889815 0.30061683994739086 -16.87120486165192 -18.97859182051731 -14.486902437050132
1.0 0.3975923078335238 0.33838625932469923 0.801167781957949 -1.7121243985636214 5.051753781002206 -5.217254982553764
1.0 -0.4327404360044099 0.056372793457193 0.32538822232143955 0.6607891868854937 -2.006588556206411 8.071332179803546
1.0 -0.3816628172519594 -0.15774691679461258 -0.8761695825556896 17.182429231721027 -40.54920650483111 -18.427524158718523
1.0 -0.3963632370921158 -0.09747860114972007 0.3465869601033465 -26.15503396326259 20.21347350738812 0.13125302552291004
1.0 0.3005048149786619 0.5612377875338378 0.4403259059967914 7.6703537710691565 -0.08779973662367745 -3.179523223415383
1.0 -0.6976085139491022 0.16193356315996402 -0.16626551982794294 5.748406755722762 -4.229299222158179 5.105326335497094
1.0 0.13482207248398037 0.7825984820052976 -0.2267086114046603 -5.043459227656101 -25.476240237057564 5.959099526213798
1.0 0.3808921742948004 0.031947201389179995 0.5606081224433112 -4.752985739378379 -21.439662921061178 -9.61337027161007
1.0 -0.10691040038865808 0.6086077715427083 0.6425165065649264 -3.4912663571221403 4.239983378387548 -12.742515378811689
1.0 -0.17651072391649952 -0.7595993222678713 0.07026735740991265 12.48001556672523 15.889451009945134 3.1129509884883135
1.0 -0.006340235277695245 -0.18069649580556355 -0.32267260466044506 -9.080104590804071 -18.776175509189923 7.679309816976673
1.0 -0.3322268144688353 0.2622743499382654 -0.2185517478684962 44.15653017567376 -13.10974258648529 13.235903715539427
1.0 -0.33922858963737695 0.15146108378179501 -0.5458454385325754 1.4697932351081324 -33.181329467255004 -18.704691380620545
1.0 0.14084678473221524 -0.1436941716074219 -0.6528601790328272 -11.560893453769603 -5.526320861906021 -4.11818419238761
1.0 -0.2645695002169481 0.18087829658717813 0.022487201946349858 13.737554231047225 -0.35539289070832475 1.1675035257053634
1.0 0.1638745653180805 0.1148592455758641 0.9334459566198428 9.976295652317296 18.54997177152228 -13.902787043589544
1.0 -0.07907959021301073 -0.36772858140532616 -0.6963634446189441 12.310893871489103 2.965920093193945 22.505415846063624
1.0 0.2241319696371834 0.6199572481913382 -0.08987852299707004 13.963381493814536 15.963387756194011 -11.181761153503347
1.0 -0.8825357468431251 0.3206222086465701 -0.02266678745914484 33.68165220341681 1.6172478446068888 -7.319940358452191
1.0 -0.11428918330694854 -0.4760614039466563 0.08077052482212281 16.85184250988434 -7.9576803801311256 14.660923866370654
1.0 0.667798592490772 -0.5203437097059304 0.37831249381462595 29.834237293090432 11.825810836267767 -1.4190990744010994
1.0 0.2166950622677391 -0.07677261409670663 -0.21606779350331506 -9.012922981005756 -9.579159916648328 22.77384666058257
1.0 0.05439500692390812 -0.22393256333529196 0.7356793681845786 13.336235077277653 4.932625866773798 6.295388365293093
1.0 -0.3047667885549629 -0.05187206274166837 -0.9025400663732375 5.760820152214906 -6.524615923381346 -4.3357487792908
1.0 -0.038763223431265106 -0.478607508299739 0.38681048003749813 5.667548554403485 -3.044098099223398 0.4650366299487017
1.0 0.3819641502645368 -0.451883923251664 0.7616867813810522 -19.46650399877084 -20.195700826019596 -4.377027764581673
1.0 0.23425244836533876 0.7303630327235918 -0.16143215865671484 16.01115244034123 -2.2478015284779485 20.494727859675034
1.0 0.558750540121712 -0.8053301142973066 -0.00782868821884145 9.08613348423643 -9.966894135977501 -17.941079059149967
1.0 -0.29455878233369176 -0.3140421305370276 -0.8387843372388746 -21.394134655847488 -5.7988148863133695 -27.217607822621776
1.0 0.33379464841771045 -0.3681928072061211 -0.37575185289980234 -3.9076268827449203 -31.987404814495655 9.668112149194002
1.0 0.07682179039688393 0.02908548475658566 0.4961262620508144 -3.212668163943604 8.58528002449442 10.783701193115192
1.0 0.21731237059541242 -0.4678721654705307 0.4623137038849328 5.429997325039993 -22.166980247376504 -3.2859414763949686
1.0 0.20197090929933598 0.651465985283995 0.7161116114385324 10.665521342054143 -9.896153136196158 19.416101522485306
1.0 0.3106027826952984 -0.0977389499592699 -0.11889547357254146 -0.5535355545353978 9.511808625270497 -7.22285064375342
1.0 -0.9579303813496162 -0.038861227798665125 -0.27974181969770184 -10.03673377312805 -22.1149577109287 -2.037085087043184
1.0 0.1520909672614648 -0.804906689788337 0.5544760172745811 2.5109411432967943 -2.3691581683202823 -21.142944920022522
1.0 -0.08836556550467975 -0.42174735313414746 0.8173680342449685 -18.011642705971894 -6.062974942141354 -1.2263289699389233
1.0 0.8370682996955325 -0.14398065646973907 -0.4063088761171487 10.238654117528869 -20.545308401641307 17.01932840947232
1.0 -0.1737894749994367 -0.32206830981945067 -0.8098151937165776 14.34119023999596 -29.73767280023327 9.397272861166606
1.0 -0.693132143377358 -0.07160394573845537 0.705406183971359 -34.77805864969595 -31.492652857855223 -16.285548752233765
1.0 -0.3494428697679253 0.058264907564021966 0.34788927144660614 -10.356039822293205 -36.420609919406445 0.41037696614325264
1.0 0.4089053771923422 0.06263533326663338 0.2983937386649051 -14.952249409297266 17.132040986969614 4.018878412650842
1.0 0.5770606978327328 0.2896341032971857 0.03479023323598856 15.158918455312584 13.738241089304651 -8.899430148821217
1.0 -0.6546052596451253 0.3364111235027432 -0.5446130025949901 -4.9328707706627135 6.160512933614153 -2.7394905679124926
1.0 -0.2346456699666155 -0.4915392194254259 0.12263476067778904 1.952202271376777 -18.100845730195623 7.72237772076809
1.0 0.19468599848749754 -0.40039780643711 -0.24190311533512115 3.6282070372059443 34.98197003031075 -22.251460079558633
1.0 -0.3522182405645705 -0.25737685289890316 0.7803951101819514 -28.045196339722338 -2.7143391581114997 -4.1043244342869505
1.0 0.5840232315015416 -0.07647452849253773 0.3901699063659763 -3.7722522740870876 19.4712039121796 -42.48878006752038
1.0 -0.6522573190188891 -0.2668877206638905 -0.14462190518509013 5.595142041350286 -15.218981042745483 0.4173045379497208
1.0 -0.013685925873620027 0.9243950357268794 0.08220962029459485 4.87253452296376 -4.959209189631619 7.969330808823097
1.0 -0.047959630677645394 0.265439601067712 -0.7108104328681573 26.781333747471642 8.410866989651096 12.150500200990036
1.0 -0.07938789320583622 0.19709133350898425 0.3129445693438352 -3.434389495801603 -8.339310451143815 11.849553233318371
1.0 0.8009366922440242 0.3192580283745558 0.21535236976018632 1.8542394304392398 -15.201784159889302 4.263155477611752
1.0 -0.7877097221374791 0.04465390593820984 -0.2826486728922955 -7.131731080198102 19.730781082645642 -13.864126875085182
1.0 0.280740290421826 -0.3658349085023797 -0.6251164072341633 11.627384394394904 19.967384664456798 4.7249187888620385
1.0 -0.11221057547157312 -0.5544287990267294 -0.5965277198194008 2.112134264023861 12.846423487679788 12.579945644245896
1.0 -0.1685353621303775 -0.5008418475046683 -0.02627395117916655 15.218601504735568 16.15560130432954 19.161116072222825
1.0 0.07358180563549759 0.6846425496118624 -0.7074183410700092 -12.571230412652048 -5.971155272919202 21.909815428555536
1.0 -0.3177738286440793 -0.07122914663760321 0.06095385197220805 -21.598080265220545 -0.4859719364425527 13.948672406420261
1.0 0.791520408236592 0.2118336827181636 -0.31304919504783457 4.101975649190733 -6.996739900929719 6.334262416016697
1.0 0.38578474842523286 0.003943659736680979 -0.6516165639620555 6.581425739634847 -25.241484450184558 2.8547171865489727
1.0 0.5969376309628345 0.21909901316828193 0.6599799038173343 9.174096008647933 -3.638405279867616 1.4915670987465548
1.0 -0.6506554164896561 -0.340034300821749 0.55206259230955 -5.906626181674096 6.18277624143235 -28.20244189908242
1.0 0.40986034991921283 0.3074355155144513 0.5634524100390854 -3.5119452007598815 -1.0368581381215447 -4.799950630702629
1.0 0.5687195935387351 0.5333532939539121 0.27857338055787145 7.407293755987393 14.923372707542553 -3.9734313484915793
1.0 -0.08390459262893707 -0.29469803703500574 0.03869259074451491 -6.36729049909373 4.022806421215999 8.280660470856725
1.0 -0.4672161319068907 0.5475348963702645 0.6174805588600883 -2.2253638167291414 15.687934903043582 -11.677046089617956
1.0 -0.2973299828253865 -0.5605824897681001 -0.7647932613701494 1.0272564759706146 -11.6715658003234 6.219557674603165
1.0 -0.35778297128386716 0.6629393007846487 0.4574652140808556 43.383492925465575 21.154640582181937 6.561794627489678
1.0 0.3463074678652267 -0.5636367836164184 -0.15884849364191983 -0.7562295466738133 -18.739166738675138 17.076326490893376
1.0 -0.1148426723754838 -0.4064543018392436 0.03959245085428055 15.142411844593457 19.37810780056685 0.8258703927482486
1.0 -0.3846738003481098 0.5862041698582136 0.15226375330775405 -24.16442534126659 5.325672067057058 -2.3073925263787927
1.0 0.03006208397108139 0.7182788405363922 -0.5823293804860159 -25.389630725542478 14.805415093603598 3.285386734431323
1.0 -0.033167677556575535 0.6068939119048568 0.23057426591732177 -8.948207802157112 -23.151145235165465 1.173292624788767
1.0 -0.17122465160108907 0.2175674007575739 -0.5728642282133131 -12.255823544601313 15.566067484022518 7.9934358726627925
1.0 0.632454527363704 -0.5815919505497287 0.5032587964997107 4.621392601401138 2.3932131938644523 -0.95094272588509
1.0 -0.6244651608723687 -0.18388611375963732 -0.6017340721920381 -12.32690036650367 -9.490796246859023 -0.3238772229187945
1.0 0.39560335096999716 -0.40015871217986965 -0.5700857097787028 -14.126258781638361 -8.111550099690145 -3.116084789071993
1.0 -0.29164200356419717 -0.3862837131686644 0.45759760677424555 7.9151300372277245 -4.0187386409654415 -10.370312885741912
1.0 0.590372901359722 0.14385960444854368 -0.0887472326247873 12.040339893214506 -9.27847147826646 -6.821199654744406
1.0 0.558674997684257 0.533321070405428 0.606381947971868 -7.689646011294865 0.8193643343078035 1.5986133516367136
1.0 0.4071379567928502 0.5150770652693677 -0.578201673029614 -6.122429272032637 -4.075668920448078 -27.526487363912075
1.0 0.20160619717789285 0.24534632413606658 0.46992598493100957 -16.143274837990017 -3.1228947619537655 3.8008889561782966
1.0 0.303602069191375 -0.10074316738682158 -0.05787696790294685 -3.4258653821136438 -7.173538475993853 30.774395946883498
1.0 -0.7969188749074949 0.3257892201088429 -0.1779094102152007 10.506223224971157 10.454572923339526 5.307531882678439
1.0 -0.08009489044333362 -0.14634607636699817 -0.04757686034771118 -19.289453051127452 1.9490784267690837 -6.044332241934479
1.0 0.34594364661309 0.5738779004182331 -0.45488740987771803 -2.73862203790366 -11.410294565666973 -7.017842798032761
1.0 -0.0623498737460263 -0.29205322703039893 0.7946794035892968 -0.7234726686790374 1.7853525294878219 -31.765563009404694
1.0 0.42713239987746054 -0.23197876386009159 0.28413603819409855 -16.283601746409033 20.303081121797632 -12.589522010317484
1.0 -0.2066660649923159 0.00017603784046068505 -0.4362022228135231 11.915029517685879 -3.870478567772347 9.825113614571787
1.0 -0.6164685059672478 0.22393255263775136 -0.44522659627486205 -5.140133847100511 10.637609910434145 -22.500141482984667
1.0 0.27150192704993004 -0.3843321787853009 0.2998929646941192 -38.043521423065094 -3.8862522213238213 3.065936266116064
1.0 0.2898117401092293 0.45977219693566307 -0.6259617186314791 13.468718814559656 3.463272463728181 -6.441159767776259
1.0 -0.256968127771891 0.6614692842709359 -0.42715063623295507 19.25309593072655 6.2762956539705765 23.450401024612404
1.0 -0.2597024063455044 -0.1581509872593366 -0.16255130484592872 0.23927428739390216 17.58300928914649 -3.082668090167211
1.0 -0.1610903322426153 0.17262743629252264 -0.5102249760101563 15.581853390962554 -5.789180377601707 -6.1412997523908865
1.0 -0.928415413153847 0.012968631133891923 0.2829828081580266 -38.49081266779218 16.419723269524805 -9.803818461627948
1.0 -0.7582673559630673 0.4525830137089664 0.38661893227710387 10.952229436487182 -11.740646306168752 5.394538230828965
1.0 -0.18029169441110887 -0.4983140214598386 0.5599300176640521 -4.000475162405586 17.615161967713465 9.425298586958005
1.0 -0.4648822248624952 -0.5228431568815767 -0.24462228269643907 -0.5785960353350661 -14.417761396595745 0.1264413988556262
1.0 -0.4728171098427961 -0.36729985969517276 0.49505826274438774 -2.8796518427034337 -0.6231249790937583 18.356675631680215
1.0 0.3260483469586749 -0.731511039351871 0.19968422451149864 -6.907240886452111 -11.74236057248032 4.868186543715
1.0 0.16257994566235132 0.5616850641924203 0.3039091557171924 25.76656550337883 0.5744803525305185 -20.954204581427124
1.0 0.18038588561842453 0.05050624578746753 -0.6845621038641255 -2.8359244761260936 -12.585808231073296 2.594700175301571
1.0 0.32013875878679793 -0.11381941870762152 -0.7917340233869958 0.4599413323459277 6.102383608714752 11.90719836996733
1.0 0.1910853950535249 -0.16445769100418908 0.36022654848606567 -9.065542377377708 -3.393607904670579 35.26704197943167
1.0 -0.3857395787881894 -0.5173072190282657 -0.35616448462272804 7.951330965865959 -2.143072742533827 -16.275757368186344
1.0 -0.1861923081711692 0.12305846678908954 -0.032385251437708054 7.492189930788115 -6.904037102713216 -1.9293180007666113
1.0 -0.598719551752961 0.18256837707555357 -0.031669860523176226 3.8518135054707723 14.3048532295085 -16.164830222250554
1.0 0.22794773035993784 -0.5038598076108236 -0.4244242951218267 -8.032324788017942 18.484977460642224 -27.318284015881943
1.0 -0.3609928136062959 -0.24499264243582888 -0.31612378993639084 14.498184336069125 -11.536108002902335 -6.091637363223279
1.0 -0.04034197990506307 -0.5276748207943467 -0.4097136669168692 1.22916394180712 -3.469252428843994 -19.823162903594074
1.0 0.07858293807367715 0.027103437665079583 0.8516279460769867 2.2760675857991166 20.38876379119162 11.292255917444868
1.0 -0.1212464622094707 -0.2966151352616035 0.3413119121846096 -11.798797393214972 1.7266371741688027 -9.021369576257447
1.0 -0.04029967095668223 -0.36173732622845134 -0.4003768910985276 11.485891344996888 -6.986670481655874 12.553807673181552
1.0 -0.05793485330388588 -0.8797093575558051 0.1526106627903281 18.060969352992256 11.84006278080543 -19.739686204078815
1.0 0.017170433219222472 0.6310684492795309 0.25859228496827424 4.647664356335086 -9.540645996696927 -23.509166632368565
1.0 0.517899648329968 -0.03885202103209559 0.2957165022019335 27.937463035146877 24.373179586443044 -4.814621272327648
1.0 -0.12054406130936889 0.10465644970971248 -0.6953303145019342 2.0884830646485817 22.334478605224298 -26.121746736643857
1.0 -0.5115723697895648 -0.13996990762437744 -0.5079003133180847 -20.132710890566536 31.441247270326944 -29.035993424122218
1.0 0.3214864112193939 -0.3502952813657367 -0.6086689914540206 -16.943423503576817 -7.408955152192191 -5.685929025377043
1.0 -0.151527188777745 -0.08291922090317887 -0.4736028743820747 1.700842174857133 18.468518425378367 -15.053350546358484
1.0 -0.3369650711579802 -0.43874968411095266 -0.7111845151192141 8.995490830999534 -16.90267092682068 3.499596244048648
1.0 -0.026511385779312165 -0.5112704251827305 0.7597553582464436 -18.616510999442962 -7.466238733285612 7.89840451821435
1.0 0.1600571753496296 0.6460898886245983 0.298707510101759 -6.499272166523823 -25.266989595378348 8.90825384732583
1.0 -0.04995066807901831 -0.294189006351179 -0.918283719426677 -18.212566396541767 -2.4642225456722335 -7.537946485530347
1.0 0.3771918073345468 0.2306639135097231 0.8602401642215003 -23.29315193513997 -7.858482274582498 3.202752959762689
1.0 -0.09490536064711375 0.9088907133729389 -0.10966742323889515 -13.222824821488274 -8.919821978673905 5.24976991319493
1.0 -0.5030626159006791 0.6581362414206524 -0.0912904534811358 5.943161910975094 -5.066144832176008 -5.481610235070289
1.0 0.5084675100540964 -0.6931908850069022 -0.399561310917499 2.4865399615106534 8.212823578985144 -11.309509010806199
1.0 0.5696160183381386 0.45657651499536456 0.019792508284372883 -13.046801157674013 5.81144784547206 11.07911884791032
1.0 -0.8568869209047466 0.22583037475100093 0.30789283741336954 1.2065771537578076 29.375957122323253 -10.300171575333092
1.0 -0.04382717200884472 0.4689315890490093 0.4513607253404229 17.39932612888774 8.40773345708077 17.91243611233244
1.0 -0.05831734946392458 -0.3203248335517789 -0.5121339691243139 -30.94437380755168 23.454692243522818 -7.761849987685428
1.0 0.5941893938423651 -0.47612607680263974 0.6474106790173135 -12.471946411596655 7.688215482414084 17.779896264432768
1.0 0.5558915230397489 -0.6140092046535467 -0.28331965137717363 5.418821716641043 14.55334157295116 -9.633398058720738
1.0 0.6376610274720145 0.27325838210278613 -0.28491649767376986 -13.719966727001358 -7.705605169582986 -20.51245104927935
1.0 -0.38618677319373546 -0.9073900686253311 0.07097638100234217 -20.372256834097914 -6.80287440240732 1.5093152712656812
1.0 0.4744344105435989 -0.7562919107971933 0.4073720657937813 2.2409865638141726 41.738769727390356 4.12458231599659
1.0 0.14167786769913995 -0.21940598037882839 0.8865775988068878 12.041566785151891 -8.613502584261347 -9.286955002253217
1.0 -0.1694300036012405 0.18173718279369425 0.36505971485543026 33.33689577768886 9.759389104279192 1.3462580676540714
1.0 0.29284321501695343 0.4234836920012635 -0.31196512812563526 -10.819961971699357 -22.701855468605864 -25.11672811146679
1.0 0.8768973352398476 -0.025313733155585348 0.16907175039576525 -7.1297790587923835 -31.814963916004658 -6.781673289715268
1.0 -0.018572494381720324 0.68214044714544 -0.3233868278769022 -9.905003216772695 6.147639084397988 1.2285940420302943
1.0 -0.8099859394670696 -0.277015810912261 -0.20112880257604568 -1.0223256675306263 1.5015188172950857 -6.5287674747574735
1.0 0.7699037526056411 -0.5154375551640547 -0.15310834544523938 24.968698594234812 -1.551006331300528 -32.43221252414855
1.0 0.6179611599312084 -0.17328597009508082 -0.6615028153395425 19.080781685554967 -14.783389641339335 2.082953547413751
1.0 -0.6743043368146402 0.018063942982196525 -0.23435343891681754 6.641759360131741 10.188078190528858 -16.126946618635245
1.0 -0.43231736685319516 -0.42351388236862086 -0.41636200803994805 0.03328211873461822 9.721091135870141 -8.563072243133382
1.0 0.25910960785799936 0.6701311800044386 -0.4523395879821803 -10.426626892281652 -33.43650688272379 19.833470596330983
1.0 -0.36446023454085696 -0.1453839500204091 -0.5762950033295176 -5.901194613020371 3.156389267893591 9.662967254159716
1.0 0.3739553976971518 -0.18706949143831184 0.8305674339586051 3.7165072868380484 -34.12863049880994 6.625434220725149
1.0 -0.5758155812632338 0.20008685115562197 -0.22282934170394478 -13.85243446957594 26.274014700829316 -17.41069309224359
1.0 0.4116636517503658 -0.1369745294660846 0.1854020478215572 -0.7326048730303104 17.472425276525485 0.13177334845194882
1.0 0.43574420953122356 -0.3525068746561104 -0.2231967873765529 -6.993080765250777 -1.5845228560262827 6.353666773398463
1.0 0.28659140562597224 0.08509889666078495 -0.5890901922205203 3.5246499202213957 9.616461404880626 17.354090034372856
1.0 -0.5196361567929878 -0.7809091322746523 -0.08395062586771175 -24.846360651981804 14.719703788650849 -19.259286241718545
1.0 -0.1965359116243398 -0.7944944459373986 -0.4939959512551049 -5.084532154718235 23.066714729912658 7.824367847848899
1.0 -0.18424752783657172 0.9195165740032853 -0.33447579541292255 -11.156732773954271 17.948350849159453 -0.015211408572557216
1.0 0.31970716774169583 0.12446926203788383 -0.872069594395618 19.263015015301704 -24.16900395188524 15.626400283040574
1.0 -0.0994353628442377 -0.21989930400640031 0.23707822647153257 -16.42605022427103 -23.02260549488436 19.881891185894997
1.0 -0.8888760532687138 0.3580332083886978 -0.22706655544767293 -32.578542137399886 -12.058108728237485 -16.416036623577423
1.0 -0.2548157039042516 -0.3903726713582715 0.47856940722368374 -20.499585527663914 -6.814547458886997 -6.069455935920422
1.0 -0.5896593482574832 -0.3323770348205059 -0.5544465443971264 20.255409720164458 13.412618083535548 -2.678760130846703
1.0 0.9756093587137963 -0.08382843127542478 0.02344145218582431 2.0670474573666575 14.900263993020047 -8.148806953600179
1.0 0.5620866250003627 0.5045102023926481 0.42809632313236357 21.56201570602553 4.949101662273448 -15.909131813509054
1.0 0.665818688069523 0.48138675813040843 0.07379634484762641 -5.132451276673367 -7.703844182585531 8.931156745351561
1.0 -0.4677617998432783 0.5201976232589591 -0.45958899847086293 -6.818457386255167 -5.967089091438299 19.802751117240827
1.0 0.6439831933694797 -0.10123740883776974 0.032524166174852556 11.934775116979607 -1.1915285031819012 -8.538188728441796
1.0 0.521814491260133 0.303728889492552 0.5765264212024085 -24.25467998469193 11.70047932459644 22.396689709241812
1.0 -0.07593939649070477 0.7640353594148604 -0.08109666247339042 -9.609298849524805 14.690496353307056 -16.509850924923686
1.0 0.5668688318630766 0.044766394725555735 0.13612724358240227 9.799718505837857 -2.2527761202004926 -9.959361522375513
1.0 -0.7191442841607946 0.30950904532464846 -0.17999103530715058 -0.5374887239628703 -3.509011218690543 19.63535647895381
1.0 0.7635317457438062 0.15283659875160582 0.380107251107489 -13.880924612952525 -3.183798116978016 4.064260761201623
1.0 0.37726485175728636 0.19447580145752913 0.6228496566619668 -11.446502560425452 25.569866891069022 22.084180737374957
1.0 0.07019067404213854 -0.26948543044940987 -0.18675587772340432 -9.929669730403454 6.613019813382515 2.809268258034301
1.0 -0.7046536994862777 -0.02329598210246036 0.34204601877507435 -23.207448077858334 -0.11846268028293191 -26.536124009952502
1.0 0.02999850798376137 -0.1713402542013726 -0.5955005596118078 17.678029938465237 4.756081578025839 -9.487202349719771
1.0 -0.39935813143364823 0.05510144634753929 0.6265138021676251 -7.288953747155377 6.84604615282609 -10.238771493773145
1.0 0.04871188212710089 -0.8253196953404353 -0.18891172510824572 -9.885979846352239 2.7414475531618616 -1.4030444018300041
1.0 -0.09876494128065005 -0.29388159480476533 -0.22103051541845523 -13.35389063602774 9.332415941538391 26.69303497485519
1.0 -0.7039769563387916 0.3050749610075195 -0.3770179954208345 2.4327931237063423 12.92916309673825 -2.3920116940683878
1.0 0.4181477849586221 -0.030303482016528098 0.016576556769887042 10.08065794284882 -26.562914474583796 21.34302112329025
1.0 -0.11473317833087243 -0.6971762131477575 0.08330250402947666 11.209897288541633 -18.627996367400275 15.593619412373453
1.0 -0.4940781262829999 0.2544134217422462 -0.5710677319352049 10.221542390162353 -5.699091084441119 -2.620411006063278
1.0 0.5350455144871378 -0.23893894055639028 -0.5357064750944426 15.305382294149373 19.761742535166505 16.699783483511858
1.0 -0.4250592045039687 -0.4451162415320022 -0.17171286752683568 9.610764222161784 -4.2557236722554626 15.742936089589078
1.0 0.11901898645136148 0.5301066510462406 -0.6534398486230547 -15.76192231260871 18.009040776099187 -24.810797565068025
1.0 0.18427141788078163 -0.8738086994170725 -0.3046223069109279 1.6663591126889339 -15.92907914528894 11.323654441953405
1.0 -0.5023392667155331 -0.6113556440955901 -0.558698506430034 8.37437029835923 -5.658432580419506 -10.35119415207815
1.0 0.14559014107781912 0.48558735438283657 -0.0515534426190418 21.071851806866675 -1.723224586008973 -10.53622461078616
1.0 -0.44134251661149493 0.7838212051957162 0.03371971791752666 6.482521685572574 -3.75472312470144 6.671662782465719
1.0 -0.5492655696284923 0.2159750819589664 0.37229521501475915 10.440170768380144 17.412528627260546 -13.946217686713618
1.0 -0.5581081047410197 0.18292645892565534 0.7717632002176877 6.2479448928065615 -16.906664311196277 12.439964135464491
1.0 0.24376392044874232 -0.07640244744800143 -0.18787377713348946 33.62625784609763 10.35215016322629 5.617624344071454
1.0 -0.03524654529842803 0.0890128450247569 0.2565391335337625 6.302469366905823 -30.563865636737127 30.537849381571046
1.0 -0.5080598215422513 -0.5498889548734767 0.13634858433179148 11.71765582973436 -19.09787414262104 14.02294859883286
1.0 -0.7639051738615058 -0.4438190457090568 -0.12812669546868946 3.3260663854294146 3.0937504703539767 -18.29890172073091
1.0 -0.03461600376947616 -0.2576565761886009 -0.5701914886619786 -3.5984042211981118 13.660674327958324 7.7506637735754005
1.0 0.5797202470256677 0.26940349524509133 -0.050463896717322154 -29.86894592495867 -6.540869576835478 -5.34348553161396
1.0 -0.5677542780619561 -0.17280918220715813 -0.5800116062463052 0.21119211182539308 0.1876643302436219 -5.491174313176368
1.0 -0.5935695343708683 0.38393333564203386 -0.5184624627508828 3.785312643135204 9.935267154798309 -10.49441556723748
1.0 0.5282048417641892 -0.8123176574979563 0.03125558542074617 0.9194067689208539 17.208087728185987 4.4416523138057995
1.0 0.4077418662597742 0.44402908670300445 -0.605881306217526 -6.350546908409959 7.7994803238690595 18.73555682390668
1.0 0.6109033661146581 0.36463052747556507 -0.5351209755642685 -12.465909365993948 2.118039446802129 -7.8434372384309485
1.0 -0.10482572233707031 -0.7555794049498217 -0.5627307461934422 -10.61569205363662 19.28683017545323 2.448342512552075
1.0 0.29820686558108306 0.810513727306826 0.052178397337592386 -8.193481236218792 18.438434153715885 2.9844473957106397
1.0 -0.6523136196809466 0.0913152753251028 -0.034195000689204384 0.9741580162516399 7.192916099204414 -12.13276510354898
1.0 -0.08979596249658155 0.25911555876981973 0.9239199159622097 -7.277433344233923 -8.061143223694408 -1.5820285113492256
1.0 0.5206860045212021 0.6814572393583476 -0.19924952258698786 12.024817885391816 9.556471546553954 -13.661733923639868
1.0 0.44138726429731967 -0.5110887045639094 0.21755400282146067 -7.367092634525909 -12.611204164533973 22.343478380923127
1.0 0.7285062289916024 -0.44663307390633306 -0.25290014413866346 8.409816281857953 6.083824115855415 19.2715110237393
1.0 -0.3616634994082994 -0.6522941374323052 -0.007776210719529966 -14.417584684212413 18.370837422477024 -20.281029743300405
1.0 -0.6162427492192151 0.03877005059376623 -0.4382479717746581 1.9757729205953696 10.669651877088956 8.39910145309112
1.0 -0.3664585482794865 0.5150088984506247 -0.6269598085314013 0.08704936861216564 15.656150839768681 3.761850430224977
1.0 0.3177314542336424 -0.30810862269439016 -0.03863216674882608 9.805775826821097 -1.2367919200085313 1.1026342441664034
1.0 0.5974762639108354 -0.025346145207930403 0.6500034568113314 -21.58887506718392 -6.824504083257323 10.119140634733283
1.0 -0.7354420316488496 -0.22975357706834967 -0.11544429499066969 -5.2055383612486 14.024016324867908 -5.1953351327910955
1.0 -0.6976055604768432 0.052373912015675275 0.5604198571595156 8.312804135721462 18.03318299737773 14.96014002105702
1.0 0.3591526938555041 -0.6939590845534416 -0.2525406556819946 10.194624674230692 34.89134388076461 -21.51787913401456
1.0 -0.3393074766826491 -0.3011350274270081 0.5839061334705021 5.8769059170724995 0.47580955232146227 11.498515743546449
1.0 -0.7895040223456535 -0.1069290656231605 0.5313432944236038 12.770120052578063 15.433759881748324 1.0955079530844465
1.0 0.3924685712307349 -0.5940306305534295 -0.24345068072607545 15.10316173878021 37.3836099369206 -7.584960947336646
1.0 0.15548605142854366 -0.17001179666580007 0.4370360074743396 16.862690039213287 8.501692931039205 -6.813352774175769
1.0 0.5430704567269837 0.08178252235890673 -0.2957576900313212 13.365885590343845 3.8669983475057217 -11.951109235406866
1.0 0.0415083437323277 -0.0375276994094192 -0.020217212593864234 2.0700591554565055 -20.711676828706885 -11.95859243272934
1.0 -0.2186464993831639 0.34245402227319505 0.25683588165536997 -39.908133674487885 10.082351346950457 13.96831706438097
1.0 -0.3816588740492162 -0.17273555007709715 -0.8037092119514482 7.2063446126241715 2.7489576037029853 -9.121499070203805
1.0 -0.7575983096658665 0.09532756157591987 -0.22670514034790828 14.282426709139525 15.965779280815374 -27.14097355986886
1.0 -0.3419121833723197 -0.03526408547293229 0.2735938299149858 0.9619081192200856 -2.276609959107933 -12.888010840524363
1.0 -0.46409910270602484 -0.08540378167414167 0.8405712267407555 -19.33810592876295 -3.1555681895355905 12.725963771392069
1.0 0.2162887222471705 0.56023996199364 0.6916176664676217 -9.789898663206685 -19.006236657420978 5.8981454934111825
1.0 -0.1537560511598377 0.8276492306997119 -0.1774361721113356 -11.450758423180018 5.927256865869768 6.320860936286313
1.0 0.13087361697088998 -0.15507327287618938 0.6541466235141885 -10.621691922537838 12.385839442805816 5.329635612112377
1.0 0.8669826130826195 0.034915405346191045 -0.46417651315690456 -1.2269905665713379 16.095088120433978 -20.472096618604564
1.0 0.49386584882348805 -0.16207489755222323 0.08178608249114441 -10.407508851257521 15.62436760151119 -6.180576219958589
1.0 -0.08998922283790575 -0.5408421393860082 -0.07916463704180889 -12.523348838459405 3.769836996808759 -10.284723079093396
1.0 0.5185729418334777 0.5985050162960763 -0.4739120732327044 -10.677026046512703 11.363510584242336 1.5051198331458895
1.0 -0.10113498296239122 -0.649459973660804 -0.06097266558463856 13.062168294779875 -7.170768503007224 -0.16629556726142355
1.0 0.3970342346988903 -0.2736105279994931 0.8005524958797345 -9.606497544309947 -8.153500118705837 -12.839511834354454
1.0 -0.5745780525532979 0.19790056184767962 -0.049786620067174644 20.1171960162456 25.27811978878613 20.848184356180724
1.0 0.2800064197348491 -0.008889770497107452 -0.6007622471321089 17.36644349974794 -31.701914606053755 -10.915016051369216
1.0 0.12442916400660319 -0.22513746800508846 0.06623260486722686 10.201386583162803 20.75937208506945 2.003425445788074
1.0 0.19988754151804772 0.4549613696261281 -0.3524013699047629 3.7939069934113574 9.365879041466576 -7.653543565901752
1.0 0.3217445370060896 -0.8522379519181248 0.028856878367578127 -16.401377849550205 -8.30106381163012 -3.2623265825050503
1.0 0.36552702884279925 -0.7196113136132277 0.30977541465147357 10.496312702862062 -16.767467482786927 -18.845998870854267
1.0 0.300049581860903 0.5425118690210411 -0.46642750217054696 -4.174477890724787 -13.464664087980236 -11.870303014600582
1.0 0.40996906794504634 0.5054640001646605 0.23012622179740524 11.625267023431475 -3.643787071888332 15.820437226841166
1.0 -0.6576058967785181 0.7335704566156825 0.12453216784088483 2.464094434740882 15.012418323758098 6.672720327172289
1.0 0.764283048046871 -0.43281378124880865 0.40883006527988475 -24.89563536351841 -5.461184961825818 -7.07670772166804
1.0 -0.38446997384938875 0.13157213654126973 0.13463085700563177 -15.33891532963595 20.53547553848487 23.270064111344723
1.0 0.19833248441852294 -0.4027841320650493 0.8518602589020565 6.679499288778826 39.81025843978447 0.5407630056485411
1.0 -0.7422564707225798 -0.014664398158353067 -0.6112528854748581 4.313704442170003 6.3569718547058 15.6683645053051
1.0 0.04091132909410906 0.6312125045739837 0.29874546878004943 -4.664342566527644 -5.229354675887192 22.230373050574517
1.0 0.31672435110915653 0.38198736360300883 -0.270761247955439 -7.483092477708383 -0.27970512205697545 -3.8611581705821636
1.0 -0.17146988810542138 -0.6596285460347031 -0.02033477463864227 4.8417481363575146 -25.865251378070564 -14.577471805408328
1.0 0.24720755129923244 -0.26424302465497146 -0.12324371280431608 -8.796327556367826 -3.7738874422056186 -4.907211014615031
1.0 0.034019246199188766 0.4270319192859921 0.5307221653382755 0.7840722824754511 -12.979995876677897 4.434549912678083
1.0 -0.06115812729000457 -0.23056239468595163 0.4850743760590242 -4.692648948381829 8.707074820448456 -9.668328451423706
1.0 -0.7452010489129804 0.1860202267960953 -0.28492213268312105 -15.702629794080172 -2.518550756909523 -5.274998957439042
1.0 0.24668228088195718 0.17830728959149375 0.8497024412107584 20.953122458732913 -5.132003958841406 25.957110165985377
1.0 0.418340639679512 0.35850149431688366 0.7602984000918453 7.751204823482757 0.07012667190338318 13.397348975581796
1.0 0.551228284519038 0.3889524662319891 0.5886895723043675 -12.638813819503365 -42.081611464953276 -0.7118215433345972
1.0 0.8406300021498672 0.05601874311295871 0.39682993688904666 3.587446946823696 -11.632939031443268 18.914863131229204
1.0 -0.17454226246103258 0.23317715975544645 -0.7809009253120082 -23.282938027891007 0.08761760437673227 -3.9550699144521286
1.0 -0.5342306368103293 -0.5397900679384193 0.21105150852721288 -16.291461420595944 1.2864516845660194 1.9557731430096739
1.0 -0.2152974601663658 0.6158324772142403 0.6863565794484697 18.089882064363717 32.69573401312105 -5.419404725819335
1.0 0.5197680503174008 0.3580643279687438 0.710135846901377 -6.059202020097145 5.502695875998812 -12.804879063533404
1.0 -0.23783214571054095 -0.3530737895638913 0.5355140568418892 -7.840481411075383 24.093759028632576 1.4347371495465382
1.0 -0.3865604698957421 0.4477249621578787 -0.24873598585458254 5.348948475627549 -15.503315233898583 8.162600914839688
1.0 -0.29815488699876525 0.4410079993268394 0.6822565019692641 -8.501784583102515 -27.024423660486587 22.146182133102432
1.0 0.39452567311848286 -0.19713486258911384 -0.16492161662066762 9.957363377875398 -0.09178611978042969 1.527510149905776
1.0 0.306975275329002 -0.35744113795481874 0.16159847283258172 -2.940775324185018 13.221203286992775 13.893421154501729
1.0 0.39177251308924793 -0.38223411274038016 0.5007236056772483 -31.341009017562396 1.3969179070830222 -0.8611744326410388
1.0 -0.5587159001543929 0.6080921426964373 0.14716677235742454 -3.731483695693148 -3.7701392545210175 -1.5543433589869469
1.0 0.31328334554939424 -0.7656616052508568 0.10123307466456814 0.5232954425019537 -0.15733299076278287 -17.808453840468015
1.0 0.49437729998785246 0.5805459697044724 -0.1762791517816533 4.98907141603882 -2.7268961609088946 -4.023787412221783
1.0 0.6639771993252408 0.26771555357196153 0.36356323490147474 -0.7219177712102239 10.356816123019838 -4.489711665343141
1.0 0.9466604936298653 0.12113204138751568 0.06489469988317673 28.8931968243053 -20.453196147813813 8.859476785250711
1.0 -0.7487898785978512 0.04025922027898553 -0.06535995511337367 -3.242166114744316 3.783617331989106 -5.207334803454245
1.0 -0.22260852051066082 -0.2515482210414067 -0.8870777604235937 6.2139766567298595 -16.33469324487841 5.909972246927393
1.0 0.4084166446202486 0.32725578660432625 0.19581874747682695 -15.491138140779999 11.749510700603892 1.5478573254315315
1.0 0.2682897981341971 -0.8308424420405572 -0.4864507399090283 34.09236875663341 -13.326586373559342 3.2396206916830983
1.0 -0.06496803216052137 0.08586976905925871 0.03905449667994501 6.575904246118973 21.358258422501763 21.109602210989543
1.0 -0.07212505269951328 -0.12201180566122699 0.442032295753234 -16.32499111791853 -4.358688639038566 -1.546813284984944
1.0 0.5503509584101274 0.636556941157908 0.08287246066963702 -4.68367333388956 0.005887706683777341 -4.192843899715589
1.0 -0.6836440669725748 -0.45789456434489206 0.536112551568154 -8.18828331601182 -4.042520643111046 19.482999761501162
1.0 -0.10750323620483132 0.057776503282389355 0.5289262476101109 -2.3547593707967227 -14.548458404380531 6.824911091056667
1.0 0.02114212988258328 0.5671887049294245 0.35260153089927354 6.434436699845879 -6.521448560298364 0.8383193966369635
1.0 0.16964448172493818 0.4442828025738044 0.15558308780700106 -1.961714016800595 -22.484317532568202 -10.945921301897924
1.0 -0.5953754405091546 -0.5192394233887898 -0.30876990987147673 -11.320896853029263 19.941936477362717 4.186161750299553
1.0 -0.05491857928064497 0.06732731148918399 0.06563929955123392 6.56183619003523 16.642199429892734 5.2888420987670495
1.0 -0.07488259726802893 -0.4819072502932398 0.6235580850091528 -3.700960311760544 -3.560413300472827 13.220341612516027
1.0 0.27687834685787244 0.7038043968676392 0.5269198317764239 4.9631522950362585 -21.28867362095282 -7.756367353372729
1.0 -0.23552394320263176 -0.0026463344017054156 0.7728792437508439 5.832743361343159 16.73665782663825 -11.634505584735244
1.0 -0.037059545956665295 0.416571829040225 -0.3041772606541237 -21.23604253456678 1.654179095484345 -5.014909164917872
1.0 -0.19074012491421743 0.6119364758096091 0.4203882589957394 -7.02301402951089 4.591181813829635 6.610275632040296
1.0 -0.5266124508529203 0.16210385052242124 0.4097737684425401 -12.019620377309058 11.241063400642481 -27.89460127889613
1.0 0.06212148623360881 -0.39762040112560226 0.4790383195974692 17.166689959745412 -5.389781828230844 20.38179370107637
1.0 0.3308602146471561 -0.801362806100637 -0.18156148781046266 10.341652774222126 -14.575672854601398 34.90669382615208
1.0 -0.06642072622445602 0.7194837870921925 -0.4263528558393068 14.101301123560981 6.031768445316802 -4.590629828057118
1.0 0.12799246969381559 -0.12654595027546034 0.268483009015707 19.83557605343486 -1.2931508719356335 13.878844453690954
1.0 -0.2266962213119838 0.2526657737416359 0.8471932132594432 -0.05275178933902376 1.7901218440763909 0.9234554498267002
1.0 0.05159478634133891 0.7308660096975226 -0.13362803727884764 9.838174613973885 -16.7659575521455 6.339674393661029
1.0 0.2792682865265674 -0.8980464148620567 -0.2799358742025004 -0.8851223422157654 -28.535234763974422 -14.449550043437297
1.0 -0.040502527355967224 -0.6014392266887669 -0.7472524834235946 3.803820061427532 -28.087580930345034 -3.376815638498538
1.0 0.03188709437588786 0.9202805064012887 -0.13895438967704574 -0.1898627411534384 -25.250387233696934 -22.02871556864385
1.0 0.09569054273924495 0.6052947456478623 0.0820311078192599 -5.4286902655242 3.926218797689081 -30.512507325596598
1.0 0.3821159189646913 0.37448289608683805 0.41826252233030714 9.773361508370103 26.60448709762207 -8.312169602881367
1.0 0.1654684840415732 -0.02297866964849563 0.5700154949319045 9.616886408100259 -24.413596078636758 -3.5351284459309493
1.0 0.44476371613866994 0.02462855692176274 0.710840343457183 -23.835492027767433 11.069324606654673 -27.425477861883653
1.0 0.17348069238124245 -0.15485985415322703 0.7787048715951569 1.014200569870049 3.3612539199167517 9.736715121137054
1.0 0.5249284040383051 0.5748191581898382 0.17404909280101155 1.6602431918451348 9.865307852713567 -4.5725371038877585
1.0 0.22851647963223032 0.5398170455145813 0.5980225026409707 7.691225193275456 -9.081414171988873 -2.4398892183815564
1.0 -0.7671796319054106 0.11286067761434854 -0.32062185814275546 10.801289168035435 -20.740058911104526 -14.036169865535596
1.0 -0.4999069764294952 0.6949681073842597 0.003444366238689298 6.5954220040325096 -16.702415133019745 -19.301320999081163
1.0 -0.48645291079803044 -0.02572432318874821 0.47111836734344426 18.70513125713593 2.130917691112111 14.173686879245137
1.0 -0.03750383339080526 0.15145981700333397 -0.28563325580972754 8.892096949759676 -12.839020865574023 3.407990325563989
1.0 0.34480789482697927 0.7505420771945684 0.23163856910345765 -24.209684144146937 18.021743607504835 -3.077246653172951
1.0 0.26816104688713505 0.4607579354862933 -0.0742294021155751 -4.0406044050798515 2.5736409390438615 4.94381470924189
1.0 -0.5919602964020648 -0.5955493835703465 0.41657177143283275 11.64238298447859 1.161030349318619 11.76341936177634
1.0 0.19103209725091558 -0.7782663968374214 -0.10250554568294232 -36.164572017247565 8.294240988829152 -4.000023639261979
1.0 0.8744701185707767 -0.2469583581860096 -0.40543763294377816 -1.6222486972478805 -6.52148740639121 -3.6663300828243957
1.0 0.21739545468880292 -0.9089515400184313 -0.03800538853251682 -14.49630197704363 -5.3545045213911955 1.6187902150171767
1.0 -0.01566401644810279 0.4468860941725316 -0.36401290196916053 -23.425686763261766 -15.658863236822913 0.0179541727212401
1.0 0.14296086407524408 -0.16645303610865597 0.08590160788503075 -0.8093184991352671 11.616375088087135 -29.46081870543087
1.0 -0.10813505695995387 -0.15040311149219868 -0.5544142938741723 4.17458197200674 -2.63313961501713 19.38493846842276
1.0 -0.1561219858507833 -0.3059305267239768 0.4132390241263692 -2.4486886212079564 25.414359210204278 -24.05260622787653
1.0 -0.3120818468578527 0.8881779962094491 -0.0005989324653440347 7.521456502116274 7.568647413469702 20.316298920022774
1.0 -0.196033928860075 -0.4997330386291445 0.402911844489363 20.1879642053748 -5.5986016088967965 12.790745497189306
1.0 0.22713152811308496 -0.5904916907925888 0.6633488806227247 3.576021442615076 -9.433770410429114 28.137526556149226
1.0 0.5280576577930204 0.14521080509063075 0.3357892244468066 -35.55595042266732 11.03512717327033 17.874662348838815
1.0 -0.08974880351989281 0.2157420811227133 0.19246756621783012 -7.31774349828064 9.254984674311588 2.1625843978321098
1.0 -0.18112299693356873 0.5853158238072508 0.3872229703041554 -3.3289319525729653 1.0080474858194715 -14.318147357861566
1.0 -0.06152311206869968 0.2501819651875288 -0.4437346012058211 -24.313824312813388 -3.087686357302417 21.065751483043996
1.0 0.42234565892866877 0.12798157167144497 -0.10538200196371511 26.00895188093822 8.049831864513083 -19.552910827800655
1.0 0.755896935499816 -0.04801188443375874 -0.46936944123845276 7.738054186859127 0.7618732606035703 13.520423449785024
1.0 0.4777695556933909 -0.4722234344337928 0.4813425370386055 1.4215477962967913 -2.096901227368968 -9.517024205312522
1.0 -0.2904555729690721 0.31262671914332546 0.2584775547801153 -23.926612329255423 22.293209694506483 14.0138867326788
1.0 -0.1930695802270433 0.5137817593952578 -0.576128964492762 -33.35708832671923 -16.10804953663344 -6.5631992227823215
1.0 0.6895991716229825 0.3286467053849414 0.08483735535939284 1.0275497229824564 10.80946744256421 5.000984635049605
1.0 0.2014371242403714 0.6755758936034338 -0.11215576408909865 9.023406361626968 1.4211144803482076 -4.17251292651432
1.0 -0.04677346616736364 -0.7931944795151998 0.4673300472004483 14.338458522757987 -0.1884122832338713 17.871335812236254
1.0 -0.6335138234916275 0.1849846096823991 0.3618225220599298 13.917464580240644 21.671187595431405 32.07069725942427
1.0 0.21192747117077354 0.5668950311795993 0.26270921402100667 -13.636892183041022 -32.2146734446812 3.8340206461470525
1.0 -0.4746152798063175 0.029802636807836496 -0.06210495186568997 -21.194090402157023 15.120695082234002 31.385892499753655
1.0 -0.370689665128801 0.4749547726547443 -0.2344302620127999 -1.897597273870011 -9.627522972888542 2.1722612216648645
1.0 0.032249934568587234 0.8352465940440585 -0.3161771590258473 5.819097586409978 18.26037688590499 4.894273663618367
1.0 0.06539118107948468 0.6361254803681458 -0.22476409025778585 -2.4725001297840006 -23.743979917585662 29.759107918274132
1.0 -0.4515351283623874 0.39429003283842645 0.4052840753347055 6.334455956063814 -5.372231528311298 -7.766401894515926
1.0 0.6283658908777725 -0.3025984962575816 -0.6401079087610261 -23.033019108434818 11.861472010830967 2.809687660900219
1.0 -0.5724973825050264 0.05741845210816992 0.6477325849090575 11.629106532560272 9.728013093168718 -22.66661760969649
1.0 0.08802362808643496 -0.5894272626837809 0.5505728509001562 -6.984332220348668 -10.53626167591209 -6.914157639495732
1.0 0.28848147261243823 0.8237270002835558 -0.443634983308983 -21.939724460585563 9.178206210750517 -11.014912681741409
1.0 0.9452090819164286 -0.23748173286558974 -0.1756161262878082 4.8227286802015845 2.900421571797005 2.1507186033771934
1.0 0.5199261817838327 0.035777340037437384 0.7112124214597372 -8.356943450609968 17.125450154176562 0.40576234166690794
1.0 0.7191250607034075 -0.4337607170739147 -0.03134017787862438 17.45862777666252 -12.232822247140597 8.453574597009878
1.0 -0.6263274055119636 0.1176041992408938 -0.4942599302146438 5.611478700695322 8.934280834287499 1.7435275845451417
1.0 -0.6065046322751816 0.04991022448303731 -0.43086210526120733 -2.11471352587139 6.388739711213985 26.486096684368377
1.0 -0.2968842552292484 -0.6489597143240923 -0.587087755279907 0.006169842550894667 2.2257607495140594 -0.9586040704814685
1.0 -0.1977670432700643 -0.13035429975178509 0.5498675438484898 9.916631123276833 6.432629846480837 -14.61586857399143
1.0 0.058648633711441675 -0.31714620539314675 0.1832689273623896 -12.142991364157737 12.853444005587294 -13.227376233269657
1.0 -0.6524336163177347 0.3793861397349688 0.6350288258349226 -2.221350920592132 -11.270304146658496 -0.5196121671941473
1.0 -0.3289636801276184 -0.24447029755948438 0.718332716138088 -14.07495436949042 -3.3428481698997894 -23.64574580355587
1.0 0.18820992437260534 0.4984909249367437 0.3637372396687782 10.39099115652237 -5.404537293112006 -32.45941035885867
1.0 -0.1566374697915828 0.9345946034647526 0.26871200254086286 5.033393221040385 4.803650367805633 27.245398796813156
1.0 -0.6790070358869038 -0.19196362303944114 0.5206731354270275 -7.808420177991526 -0.645572397591675 8.004909843042194
1.0 0.7273342721200426 0.3058326740091838 -0.1350470633169102 -22.740347465782403 0.3046136009263792 -26.561993969252544
1.0 0.05258006071462607 -0.5037947216264255 0.1812400013251036 -24.59916186715669 6.104189604221553 0.39941606604537966
1.0 0.08357060425859454 0.4204087164040747 0.615739368148242 23.656363603260708 -12.040945237553524 5.091696872434044
1.0 0.09986744637973459 0.8781715183505685 0.41298255113540666 8.621550374212795 27.721462253491193 -15.368166171953844
1.0 0.4295875257330859 -0.29465241498288364 0.44532452372530945 7.928123800836135 -2.1751711487287495 1.082479243847375
1.0 0.24575101230109492 -0.7045335696365647 0.5614689854065225 0.9109865633077723 23.245366785257023 -15.571224963365246
1.0 -0.3773377025069933 0.1301328314964327 -0.6520474010136316 -10.110926769787868 16.70830336347247 5.405097261174455
1.0 -0.7460308886524795 0.2505288965017192 0.17313651815439185 -7.041917249852436 -8.582629921636535 14.370477163303773
1.0 0.2070284029123755 0.5733583642945279 0.5519177465101476 -2.1460413113375334 6.375147929193029 -8.278549835761929
1.0 0.17831193295367762 0.22218770489141654 -0.2682690551037363 -11.453765131366225 -10.332671587516398 7.119522740971734
1.0 -0.2072575237425151 -0.2984177945743053 -0.2814592006805675 -15.02736004465402 -19.254006274573733 -7.416864589712334
1.0 0.27605443793523926 -0.15391064476589764 0.18557112128444367 5.39995206674216 6.077503832951611 28.01426777989517
1.0 -0.2645627394599116 -0.7291397939697761 0.37123724607071684 -23.379327059793606 16.014585020282617 2.9390734285614
1.0 -0.24711843189340307 -0.28416123508714025 -0.2864741774804845 14.519645974506886 -5.387072627441911 -1.0387228211783308
1.0 -0.669953173983178 -0.587518899674725 -0.39782406873587306 9.43499863197028 18.146522302504042 -4.643469233996218
1.0 0.4528724439467058 0.1606062517197945 -0.32325215251892825 -12.782756060648822 -20.648046867387656 13.18896809442226
1.0 -0.4606295324764485 0.7090328631320792 -0.15543489335310445 12.130414646154868 -28.43852623214435 -2.4028222818025555
1.0 0.2791901658334997 -0.20852556670782885 -0.45059766061418094 12.164661418647542 23.921451439285022 15.721308226587304
1.0 0.4133647412143709 0.38460117377396297 -0.28160524662380987 -2.8721429421159823 -25.22827571824435 -28.430850353427505
1.0 0.7135541408766841 -0.29272792136114034 -0.14655906834528518 -23.30420063238768 2.338738834395179 14.352027045285746
1.0 0.676007417906476 0.385482330318817 -0.5665938942078258 16.198537381085956 19.754078003076113 -8.195258220403439
1.0 0.1597812983142484 0.019513952403595172 -0.11432992493665108 -26.51759807724958 16.800188410093664 -4.493641531387564
1.0 -0.2547222963614525 -0.11226202587594324 -0.8792048801654048 13.396685878221124 -1.6434186442574927 -14.153766826423984
1.0 -0.7438561602631073 0.279645869375545 0.4657136292213926 -21.746131132266992 -25.681832289029515 16.835213259862567
1.0 0.26717894834429345 -0.6576137650775425 -0.4730377925826465 7.3580658459235675 -25.666370249067185 -22.59463550954734
1.0 -0.1985714663918779 0.32756609983523793 -0.7550703138884046 5.865168708442285 8.517014134450589 -13.952246093435352
1.0 -0.5756798981733742 -0.17300003826012 -0.29543700726348165 -22.157037589998108 13.095975000530249 5.272162793287759
1.0 -0.330732665809823 -0.5946127256409728 -0.19173136694337484 6.493060300838449 7.47912365797184 -12.563230463892332
1.0 -0.7089835322194085 0.4923472827911647 -0.35179280965377085 -2.5833504273528645 12.63598722591431 4.765826709135422
1.0 -0.12248458030064023 -0.5779204333897865 0.043829745424802745 24.871219440050833 -9.473045684277201 10.5882272007644
1.0 -0.8167293921644254 0.0871678363644836 0.4919184497186923 13.66329170111375 -1.1842677839146218 3.7309231290845153
1.0 -0.8035180682583092 -0.08057799163149702 -0.5435229727941608 -2.1000074142839926 21.012345978169773 7.130751003741753
1.0 0.03442373901779838 0.21537501601770284 0.3098477180634167 -5.515238892283461 -8.167981560023199 19.67649583062308
1.0 -0.39364140500233585 0.23132619642601082 -0.32531778677104733 -3.8118283426140938 -21.14662141435461 -3.757198689907481
1.0 0.6636897277689832 -0.7006964682432422 0.22163040583552163 -4.891999447382622 -12.592711117159075 -2.809349760555918
1.0 0.4055149526344337 0.5793521304575058 -0.15961989253948988 -7.6784753112963395 5.337683836002287 1.3719063146314319
1.0 -0.03231248752824508 0.013591440903807239 -0.4888727785176758 -17.421219782786757 22.80773163486678 -8.00962563821875
1.0 -0.14419201861208972 -0.4827141631574219 0.5623286694042573 -27.206512336057592 2.630637856944278 -12.496533581276573
1.0 0.2045980310831211 -0.42550242961495177 -0.7693522416459708 20.122822676476527 -6.331400249073044 10.66245667018359
1.0 -0.05759992254778194 0.3763890213742541 -0.7805196325353763 3.3656603123351756 12.813894120750579 12.992838560706799
1.0 0.19382725303878673 -0.5558048071798525 0.13117956414707008 -3.020740673969038 0.5140112276625114 -31.39328564773307
1.0 0.14523959616994686 0.4026559262689905 -0.03457406342913119 -17.128708825760388 -19.55948159378832 6.000958721183487
1.0 -0.5133494061033937 -0.47982622917954226 0.09521680422226785 -24.341782755160946 11.104231652314045 10.282399233403533
1.0 0.28927697110801265 -0.8094104063593065 -0.2765006427491221 2.461781476457168 -5.472053173578678 -3.4596060629280654
1.0 -0.2558109200676884 0.024573820278401937 0.39789109366746095 -0.9196585502858236 2.370963400462646 -4.989441590011224
1.0 -0.2219359813288463 0.43056209850884114 -0.0015992988347391305 -6.145951389381111 -7.515988410504628 23.73297844570574
1.0 -0.6277650436106418 -0.38220678359348953 0.09276712578720289 -19.50026502185232 27.330733424875152 6.963805907559809
1.0 -0.43721590041850833 -0.832301068664327 -0.08398534077410538 -0.46861512271444883 -2.1827438178664793 -12.177280829962772
1.0 -0.41960071759508255 0.2536096472986755 0.05923903390125784 -3.350072742062801 -4.245491373181306 -11.802680336269113
1.0 0.08886230737033594 0.16435443144182552 0.0456485271046035 -7.924030029264443 -9.4418386380006 12.886426097184247
1.0 0.3767488818630384 0.6688069247195303 -0.5657684812424583 -11.936067503946338 5.953882141567139 -6.930151787528612
1.0 0.1254297847899655 0.5714070407420947 -0.3103173681722652 -6.952066417629987 23.90957211686284 -17.750342723744723
1.0 -0.1802104192909565 -0.005372091594258774 -0.6308185280222425 29.593338411524925 -6.809313401353936 -31.349230083864892
1.0 0.1705753750546775 -0.7843176771885375 0.4096815807170021 16.446504262388892 3.71620965397811 32.53620168831491
1.0 -0.10404657933357417 -0.2779840630003725 -0.3461267450875945 24.775853688318158 13.702764639675259 -15.060854944409153
1.0 0.41880072037192567 -0.538258634031576 0.369652713751083 -10.074541105406238 -14.794720133970818 -6.731889453086062
1.0 -0.36597251326026997 0.39837036583967256 -0.6730515263924663 3.002592747216255 0.793061579642233 18.72016812950347
1.0 0.01815574685145789 -0.6188152168096236 -0.7478111985576743 6.276381158812089 2.7288872516997498 -6.572855731763003
1.0 0.5626452858102652 -0.4348811403814162 0.41176329755590274 22.231433858085563 -5.053954268771853 5.323742792762609
1.0 -0.7841417765140097 -0.01333760390178022 -0.46962768665369886 -11.057971717950958 -19.457815725386354 -8.979603586746729
1.0 -0.22648330167116887 -0.5491810311157463 -0.28267976903715225 31.938537710396332 8.525868440148056 -15.898221137440986
1.0 -0.2653162589128887 -0.4236778531787925 -0.2806469302130978 -16.94143958862886 -9.519958061963582 0.17877131779696295
1.0 0.06626669621306706 0.474053082895411 0.32903712040042893 11.330455218646417 -7.229627522102534 -2.940377099749225
1.0 0.4253378729636443 0.42561958860728344 -0.4609762058901791 -0.6735822149860117 -22.890537323506603 1.482320044368438
1.0 -0.46621781598846085 0.44080716346160015 0.0162076766980404 9.89931005747606 -13.976532779522772 -18.36866159636628
1.0 0.2924931422642972 -0.3052290437002662 0.7865860150783806 19.94812716381303 16.48517007712565 -3.8621702407735468
1.0 0.33878833485953375 -0.33035602669558645 0.3784896973849852 -6.647061706602947 -30.887955871716915 -7.594502304229412
1.0 -0.2579606866636292 0.3908113643872948 0.3036756514775538 -0.6161107523116214 -5.28320500072223 -9.682134524107191
1.0 0.8157261506101524 0.08058851425399202 -0.5077082742422896 9.446419059857819 2.9179724571728474 -3.2519587756426502
1.0 -0.21438996608982075 -0.5436559258667153 0.5997278496872532 -0.32754907303927927 0.8151540575598216 -17.075134619103068
1.0 -0.7715961584482556 0.28978688232519706 0.5568263123983305 6.6754207706006685 9.812802843271317 4.406866076553983
1.0 0.4463373353336029 0.020167420255373297 0.4676113564823372 -4.030803129546824 -12.26994829028962 -10.707724121983128
1.0 0.8614024299255076 -0.3989783379549908 0.30129928207942264 -14.054736922526176 19.629387388069897 -22.4876349627367
1.0 -0.45803674180826837 0.24587277366984964 0.16712202147808553 18.390686889346085 -28.078876522254525 -2.000805861352153
1.0 -0.3739249435440368 -0.6555034346913117 0.40704483684919374 -1.9639919933943304 -7.879958034289877 5.0941649189929885
1.0 0.34843384115300885 0.13679930985061384 -0.18427935446413016 -12.369976374503743 8.160614588535317 -3.721511064981934
1.0 0.1293030021552876 -0.37645615850862413 0.7398169105211512 8.387327250042365 -19.660427710450524 -30.140702180832747
1.0 0.7085508090528262 -0.3246976401195371 -0.41305089404513895 -18.15908810475626 14.081686012191252 13.622587239580351
1.0 0.06999140147562155 -0.5625344519463211 -0.5404890461070009 0.28652979470114465 0.017969480093855864 -1.3099514405085766
1.0 -0.2670998292878988 -0.44143173095298693 -0.4142323814820177 -2.956628168815589 -19.08719218602982 -31.91795641478318
1.0 0.43219515443365486 0.5866674434009024 -0.2891052698183708 3.975672917144854 -23.837861275670896 -13.63684028001398
1.0 -0.5601741364561207 0.5193927806924796 0.3569748912213948 19.42000533785136 -4.6306041192811405 -1.7759142863043655
1.0 -0.5675898688523754 -0.09771761289184966 -0.49524035876754585 -4.031582839900691 22.42518496069091 -6.713755667635552
1.0 -0.00449589663025871 -0.4377164461773352 -0.394423906955233 -1.1761342595960964 -0.47973827631259186 -8.886439413358394
1.0 -0.3806630381978745 0.8175089738402019 0.040301101183038264 9.248978165356839 -5.526951711277213 -34.675144358470845
1.0 -0.6820754434975134 -0.28746117293447304 -0.518548458590408 -17.99716587793671 -6.274720358734368 0.32210927344760903
1.0 0.7158269039107072 -0.004160789289089216 -0.053292427800800825 -7.170290388586991 0.42586582870905715 20.21735718226
1.0 0.5692571814988425 0.20691134217592078 -0.31968316308883193 -15.263092294397646 13.497675345974962 -3.8935481362477415
1.0 -0.3473926853869591 -0.4024577493250464 0.5018737507116547 -12.16603719301211 -2.13563560360056 15.427963739726025
1.0 -0.09111766273782027 0.8734295858751453 -0.17044749253336508 10.895380531832737 -11.79260322802072 12.870217646596576
1.0 0.09821598706083758 -0.2017762424337993 -0.22262721974222882 27.518064949991228 -3.499584363132705 24.8233609857954
1.0 0.488087556763762 -0.47390912459148743 -0.12728583023751186 -6.697504367385229 5.051006652515744 23.926697110716248
1.0 -0.7420032003154372 0.6091878092716181 0.24781972407958736 -11.898656646764048 0.9159515624904672 3.4422793432207834
1.0 0.23674822126631656 -0.8958727573266521 -0.048372329203412896 -17.58454738747047 -2.265272936887121 9.136408929050962
1.0 -0.5585875905345997 -0.33665070751418263 -0.7204812353187426 13.703015421599678 -16.581992107414116 18.52340460585093
1.0 0.3546140539987548 0.3988645073223809 -0.6528392401572775 9.793217361369646 6.466297742358429 -16.8545783389751
1.0 0.5530545519437158 0.2884389604522343 0.45206789124267593 2.5194618920968432 16.962131172038156 2.420404634129256
1.0 -0.06687758346630837 0.9241752500187101 0.354883875522032 9.585008502720937 13.342274618081495 -9.565866080561495
1.0 0.22783773767437562 -0.7092396375726636 -0.5618044990254305 4.78429876046778 21.56483801673291 -8.385520890234705
1.0 -0.5465392824385668 0.507187871547163 0.5277002390777106 -8.401972942081564 -3.38236311414579 -18.71123300100416
1.0 0.5056209879226715 0.2100555286438866 0.6003985151488519 14.846099969619786 -2.373684553715526 8.896215431018828
1.0 0.5582804375611411 -0.1261574955615095 0.5794117379680466 1.0970266094584393 12.819936625272202 27.507820610176587
1.0 0.5419510980938613 -0.02708127099921025 0.3332446098003085 13.693128033975471 8.481791938582026 12.75262810369806
1.0 -0.6349339865605406 0.1285181499612079 -0.15911290727542968 -11.759208052421585 15.206423978745205 -4.011045510995254
1.0 -0.46970237199539927 0.29618537220987423 0.641950015064197 -20.573992594997502 -10.16873099166386 -14.811307979212428
1.0 0.20215105599208555 -0.28759123034751993 0.8133096635370537 -6.824434508529651 10.625519707760605 -7.712985202098207
1.0 -0.044551332894616345 0.7080106602252574 0.4567942784370313 24.42261325113625 -23.341393757850106 4.282750728091293
1.0 0.9285415771103896 0.05031814623405714 -0.21134791878265333 21.94648381487049 20.739160343208372 6.522516206298057
1.0 0.3532329574713121 0.8334766637467935 0.01394870257785487 -14.487416198344818 -18.830540975802784 23.109365634839467
1.0 -0.018229894359351708 -0.6737790386641082 0.17069645064840777 -17.076459772752266 -0.20103239847192167 -5.911893061932
1.0 -0.11473046320268655 0.18031607867160532 -0.7919169299810984 -5.9195519653513875 7.919362901361499 4.920645777357734
1.0 0.04869647884769169 0.34204280158063716 -0.5280242751820278 9.9921516240065 -38.18679499717522 -8.825507352650213
1.0 0.16478101516221877 0.6360048405157115 0.04779721589782567 14.212880791230864 6.746146813158414 0.15133886971726873
1.0 0.5608966976146476 -0.02553473624260806 0.0028327426440420684 19.180109656634524 -14.72609971412677 -33.64326100893979
1.0 0.21428918819372572 0.6857471953312124 0.688536560528667 10.030482274128778 -5.397867121035746 21.150097926238193
1.0 0.04771676865415759 -0.03734090482972817 -0.3727125356694723 -11.655880104428238 10.077710308686529 -16.924681979278255
1.0 -0.11752821313816895 -0.4676512911601346 0.6656513348396549 5.697592551188163 4.8159319805457 -2.427707871150556
1.0 0.75095948820432 0.0654505548650425 0.12049832634710907 8.423320010129505 -7.396580218090714 -15.361896883072971
1.0 0.831951610952522 0.2613771709447474 -0.1784033961993453 -4.892976289840674 8.216045484755536 -3.3689048189672355
1.0 0.7116978295499283 0.1999031304580932 -0.4704498331512194 6.134032516985242 5.401780508698016 -6.163409704033504
1.0 -0.39256159204814667 -0.8758883026152026 -0.2191526722323287 -11.724011906837355 -14.845772645173728 8.424382799199458
1.0 -0.12813318581353272 -0.6935638542403623 -0.2006994438349839 3.760794397554983 3.8698728823816007 -9.26339137287311
1.0 -0.33530053396710824 0.44350854319106015 0.5085527168632615 -14.02837195309206 -6.9061768159578465 -12.842021424766223
1.0 0.1754763595598667 0.2564382769870292 0.21729773150827938 -0.6366159521463259 6.125931881105683 -6.9121971472452195
1.0 0.24129989828853432 -0.06651660764198263 0.1588501154240914 -5.350431962535722 -14.033814433020034 -1.3444845509047039
1.0 -0.43406756079715525 0.4132982004889199 -0.6069502028521074 3.2528806109388646 8.289556773400374 -7.8775456115934785
1.0 -0.807983298592025 -0.4364904411674946 -0.2331260679386368 11.656469647178666 14.32536796143841 -32.2356601853293
1.0 0.343676333373215 -0.43702222288871073 0.7997387149001925 -22.75792791672633 -11.715180677234608 19.92646545047952
1.0 0.05925784271092412 0.24280964822829948 -0.5814162425363333 -13.648454625658786 12.473874191000366 -4.134794248771066
1.0 -0.15974751979092103 0.9468799461294726 0.01562072247505048 -10.857577840203742 -3.5242523046413967 -25.241777070123128
1.0 0.30870013522101336 -0.520745845604273 0.023501916166305037 -3.692998783249677 15.608781906728575 11.670847820048715
1.0 -0.5328519323613685 -0.06282266502464587 -0.18736479518060198 -15.140429152541001 3.1429398230911954 1.4840463670187272
1.0 0.49827066183805535 0.6080386073862718 0.35066291652269327 8.189009318878643 5.758090124389491 -12.666167900279557
1.0 -0.040006724289745006 -0.2568228094832609 -0.21754193792632487 -2.94355404243436 9.251415756053301 -0.7845037239577983
1.0 -0.4354237836783816 -0.12181490455218888 -0.6963709934445442 -1.7421629981782591 38.28537823519682 -0.3849587034932324
1.0 -0.1129825242280166 -0.2354674676891759 -0.09065968671520643 10.09283570145407 16.97418701742436 -7.053346883760306
1.0 -0.10728862511362632 -0.01588657152487031 -0.8628092720450842 -17.48305330603573 3.6982127766579036 -14.578588884779984
1.0 0.5711363261747773 -0.10302960351941426 0.0029846941069154964 14.390367218084673 3.1623313174600374 -27.350568463034225
1.0 0.2891206576649341 -0.635501269578416 -0.02965955349520981 18.59337886895816 11.724398181167885 4.457634641479398
1.0 -0.4261930335642866 0.6404722288230592 -0.1346855763816812 4.954161343015292 -11.849165417981604 13.880839075418926
1.0 0.450638948268286 -0.6627616552585914 0.06850486795624999 -7.3509320664686975 -11.702754101660451 14.781415270814842
1.0 -0.5303575717453312 -0.1665269805544431 -0.3916747356734639 -0.9719896269396047 17.40042202461266 -4.886467925321368
1.0 -0.3924721476266438 0.7073925857461849 -0.23322172515910447 -20.44675624648714 12.172686087079457 26.609109632309334
1.0 -0.010026699627488995 0.0124785220501464 0.37815134496045777 14.485684881877159 -14.730526372383009 -10.912498893064816
1.0 0.8608524063799895 0.029629225804219443 -0.3373071118704039 9.451463580577006 -2.6346208884766873 -2.4915940949332724
1.0 0.48295488306107653 -0.0212558149576404 0.04081708090937474 0.20215122043222933 14.102038444281675 -5.719921925784767
1.0 -0.09060978133356945 0.08706256618728463 -0.433506243020241 -9.327161555699579 12.38754204417863 -5.932248598881445
1.0 -0.03947588638367218 -0.35545700328278973 0.02411948784697668 3.1990202315368075 21.588901537036882 -19.655401405529258
1.0 -0.3362310377006311 -0.06700184021455763 -0.7434530584510344 -15.066488956267847 0.34062242041401386 0.018054394796990652
1.0 0.8545950977410779 -0.42102089748192784 -0.28645256290883186 -4.165795341582102 1.0142887874819189 -2.4116076808182734
1.0 0.11794219040692042 -0.07103598855315807 -0.38007122790302433 3.224079995022878 7.177338927636472 10.76481488729249
1.0 0.11961824756988258 -0.2785907073236721 -0.5758371188005238 -9.540285093928338 30.407827847605866 -9.61311262937089
1.0 -0.6625858329327571 -0.25398283016290146 0.6759509983572611 2.6233887653048398 -4.991924338414844 2.3366765286853735
1.0 -0.0698002860252161 -0.9702048267027031 0.047141661485695666 20.0496214123224 -10.68866090950552 -21.911174268560888
1.0 0.33178616961559226 -0.5170820918449057 0.6781197065532566 -35.372889643154316 27.857912372086147 2.2854633552369377
1.0 -0.4358922147242602 -0.2891911924159421 -0.06915822818618697 12.310069128110378 -2.512180045795941 -8.149168345362657
1.0 -0.05680821388467457 0.25280642650488416 -0.5206107071358665 -0.12728501533671918 -18.868893997022262 -0.9676974863060032
1.0 -0.12853248203380124 -0.667591786052937 -0.43118223722245935 -4.039753422982316 -5.671699052833449 18.61764206064971
1.0 -0.006703110369735121 0.35512643315811604 0.13406749905190418 7.674817422151098 -30.089338508125813 32.31232860653557
1.0 0.39611873650951573 0.32738314244148115 -0.18137350148535636 9.922988211795412 5.752821275596068 14.75490046177849
1.0 -0.5703137617456315 0.4135656404593188 0.39739837488586965 -21.31473027671533 2.942628355316777 1.3100101178804424
1.0 -0.8436890938250187 0.2831129621421379 0.09959956821314818 -8.19101748601541 0.9482504522634427 -8.408660532241683
1.0 -0.2686720599458732 0.020050422058210265 -0.6606525810681935 11.228725595901176 -58.7721363871143 1.7179844166903766
1.0 0.5383796519346205 0.11144130096950967 -0.002096465874762155 -4.933435772051013 -3.2259131697429035 7.2611230623354865
1.0 0.3297257405195897 0.5607740800647825 -0.08112785455439409 4.242513653812007 -19.625514791770215 25.688320431711816
1.0 -0.12899935823527553 0.6188269005997123 0.18011272629831146 -20.787212518382482 -14.620415443423516 -13.063294300790094
1.0 -0.40318134567426916 -0.28399268466966415 0.6509725429622307 3.296977554720003 21.205242211655165 -6.631295946311834
1.0 -0.6797581671003051 0.47056999436229824 0.024209130699115615 9.865322976534436 1.0540797665015862 0.8051027829057433
1.0 0.7323256411948089 -0.4866753437253264 -0.3447398740057227 -18.97141662941291 -6.834752213975978 30.4656240649086
1.0 -0.35427279756689106 -0.259353292697448 0.7270000465941746 -4.414067138410378 16.332377584056474 12.267715955783256
1.0 -0.7844404296806254 -0.19783753349072805 0.4014661202416345 23.461263002077445 0.6116107752565009 23.070118001688833
1.0 -0.3591609823373732 0.031979087779513866 -0.5749525263237539 8.50043356936001 -12.265983768944968 -0.7738242983526855
1.0 0.1932195580083288 0.8211633384722912 0.5237626001732687 -11.68882119628767 32.547104734642744 7.6914538815758045
1.0 0.00714870883017029 0.4510143869632032 -0.4947989905222509 -0.3861039993158058 5.9995734888573535 -1.7534214616523711
1.0 -0.8196982986159467 0.20742522953443573 -0.3347249261008374 -21.1023614402903 -1.1150692607558526 -8.155580194433488
1.0 0.3143287514025123 -0.2526709231394635 -0.20515616623140742 9.69049777075835 7.614467154203553 26.00472267723487
1.0 0.40966256377663357 -0.17556178193884533 0.4876701950213522 12.00729383900423 -9.530828314039187 -7.724248072547433
1.0 0.14814601692067886 0.6380857751381815 0.6263948550185173 -0.044516465583422135 22.33160753552509 11.206804533718584
1.0 0.1688748152053091 0.45150264591975997 0.4978062468696046 -2.6415836094062906 -15.71386033975998 -4.340120652912793
1.0 -0.5050664548597895 0.31709334062582506 -0.7994592549182107 2.0281418235214863 -7.832071369931347 -9.044900545189886
1.0 -0.21883409989198352 0.38220445193707203 0.30291969527866197 14.075448645742417 -5.788738544981166 -1.655490971502246
1.0 -0.40958020635126274 -0.006386503889019928 -0.6294192690736207 13.061120217263625 -22.117399846570354 3.2070659003366346
1.0 -0.0022763487555760493 0.8910327290847093 0.44752463515417173 -2.3357288869562725 11.437776500742595 -2.3393872019479303
1.0 0.1569168473624827 0.39837103474949953 0.7659600863212881 1.201693010627225 -4.068321238985141 -3.2198710441369185
1.0 0.2706036656991008 -0.08947281188221021 -0.715517270151689 17.697205468105683 -24.519481308469658 -21.615253735246405
1.0 0.40056780000914605 0.3566437364993062 0.4437581100778122 3.794952950530752 -7.313106863937617 -31.210102003721527
1.0 0.7587589690202248 -0.1828376965548469 0.6080652179286222 -26.307291563089088 8.641413688861755 -2.8863769009780906
1.0 -0.0583855050682828 0.7917732873696408 0.15237645371281425 -21.308583708037382 2.826919679120828 3.670435170095442
1.0 0.5308449667043892 -0.17319441528115984 0.7446225107340737 -3.407952353708163 1.0159691400584925 -12.010311107378238
1.0 -0.21098901215855986 -0.8682468614145539 0.40619165539367585 12.130366251504583 17.36070610517956 8.526988738540386
1.0 0.24567609373458568 -0.6744478861864516 0.690215746339893 9.1502400328643 3.4658714196005134 -25.57834033142065
1.0 0.28556669007528945 0.2709023578186572 -0.8186273999566981 -24.30627272806675 -2.910831019188955 15.174814845102881
1.0 0.30955037090302684 0.736595351916445 0.4743398722987912 3.8827230697187325 0.5695606139015935 -6.386859947054494
1.0 -0.42637375335403416 -0.6973796102756268 0.16757492959057416 -7.663819032814326 -13.296172542590751 -4.122789352111338
1.0 -0.756346190680988 -0.07568719727876433 0.22718795029314834 13.401337148549961 8.281986587080258 8.225304170509949
1.0 -0.44647017071181894 -0.7763957135159177 0.3144050539971332 6.9564949677795545 22.190871006480748 26.85298570522422
1.0 -0.0010001993470539385 0.00011368402916411437 0.9437250404792259 4.271750333772538 -18.330500208157677 10.06235979664238
1.0 0.38585830693971573 -0.48832929310330625 0.06589333008590191 8.610892522511158 24.476672363639807 0.4346076481560808
1.0 -0.6171181744115122 -0.21582688604173306 0.3898022082580612 -9.842105672607875 -9.701703504150888 -5.799112976500183
1.0 0.5734786233886078 -0.3359903751172459 -0.483568337101326 7.765376218330522 -4.134509164484713 -15.284917177072959
1.0 -0.3827430977717035 0.8609106009682643 -0.08910760494027642 -4.391497191601304 9.59284545900807 17.529129945499665
1.0 0.07138454748943211 0.622398272734738 -0.10691336544075163 11.886266760634628 -17.369371777603945 29.16679307039848
1.0 0.30940089631878887 -0.45758120535016816 0.6176266020540556 -16.132902387067773 -18.788492378882992 10.388464153533356
1.0 0.465672900673388 0.5779502787152588 -0.36115684325631386 0.034806695249952016 1.523753897094655 -23.389049145320097
1.0 0.2951160799387879 -0.46890480700402953 -0.5328743469578873 3.0141974197497303 15.046712780572124 13.472325959222225
1.0 0.17496386825519974 -0.04161896833561153 0.49978976698629407 2.856816418378003 8.676563347300615 -3.870968167592763
1.0 0.005216215100647797 0.4210103751855674 -0.41954926729037045 2.965575638208439 -18.93390802868344 -13.139594346744941
1.0 -0.07722527310410725 0.4426642245646041 -0.7019664792855791 -1.6832935204640134 3.5871189374413066 -12.47350200539455
1.0 0.19487635972644463 0.3716104195510399 0.695655097379177 -19.48558201022096 -34.58848504365145 0.6413581462964592
