0.01
0.1
2.0
5000
1.0 0.3990954101427503 -0.5583029725830027 0.05902548839319088 13.627708752535913 25.529577001426603 9.58720300863631
1.0 0.5376174379348624 -0.3787687336661127 0.18415598020765078 24.803027697905982 28.199270888801347 62.2324590630247
1.0 0.2959153304848111 0.015091615129014906 0.6095181398758406 25.033781271903504 -36.85268271027576 -32.80034477677055
1.0 -0.17918520681875072 -0.9038513753576869 0.010836879648102288 -32.37814233080487 -6.229096268726928 -5.062961226656571
1.0 0.6668074577596078 0.0941400516985764 0.3852504163300265 -13.089136734932984 -10.379826345217522 -35.17997440164688
1.0 0.9689969062298273 -0.1986026847189707 -0.009092793600860584 -5.611592161335692 19.588323300799775 7.33165678360116
1.0 0.36572498753866023 0.6099963860163538 -0.35668876733410015 18.975652888485754 8.860745492063463 10.1157628114853
1.0 -0.6465147277880355 0.05440440340453439 0.6335377861426463 8.414130519656586 41.3691108913091 23.80487214380203
1.0 0.7807771413905419 -0.008549887957090663 -0.37790451095473265 -37.5283806215062 36.56823440613773 28.744396542952767
1.0 -0.007882393115009455 0.2585303505258209 0.2740551916950841 36.06664248829911 1.170046937365724 4.17457373461236
1.0 0.3108081027643661 0.19394255820017914 0.07153539599462613 5.540536596521648 -37.26122134417041 -29.66149945182571
1.0 -0.21771989007014936 -0.13719481924427432 0.6837028450481464 -9.205703553930835 6.495459024237488 -34.13221250875383
1.0 -0.4703562605038325 -0.40304278051991854 -0.02394110506678559 -12.229963835396735 5.491962680211101 -20.901826797995376
1.0 -0.6124504439768079 0.454064702168239 -0.04067797855138718 -3.9301241201844173 0.6796062487843735 -81.64135947205168
1.0 -0.630916621972283 0.37888499820531796 0.41361956442833514 17.9831404120047 -15.47983874831803 -24.902049849770158
1.0 0.10113065946179996 -0.6186882538536058 0.49985207816252764 -30.786782002953288 -36.87957340718018 -5.544713120123609
1.0 0.43718105237673804 0.4651780555508222 -0.3721816596967865 -2.444880513781327 7.301951205000102 32.35952253672129
1.0 -0.8796206365396387 -0.07154187585518688 0.14057486083964876 76.54933051827624 -31.328555221840997 -51.03638665298286
1.0 -0.5054127926505235 -0.22621571063128187 -0.6016517648430573 1.2005797210539906 41.01701292972099 -52.129880900012196
1.0 -0.6664052493971641 -0.5649596322929421 0.2918907657505696 -0.24798466095609617 -11.302971119404214 15.577937927176352
1.0 0.18021339503782724 0.329427638505089 0.40607114052431903 5.231247795850785 -11.023662598795505 11.165536926985425
1.0 0.364987491098699 -0.7789670309178306 -0.3832577562939306 -6.700499224430329 18.50309692977387 -9.119072620809934
1.0 0.1616187535579981 0.12381163820646085 -0.8936448705281224 0.8828166535439708 -19.047839326837206 1.1377275370486215
1.0 0.20850351077344859 -0.1302729710986583 0.9601980512878593 11.844129954072178 -7.983027381935649 -4.658460249701195
1.0 0.027996842822642545 -0.09221048043607143 -0.03816015188459448 16.474731549041692 -2.7651180813572567 -29.493903633660803
1.0 -0.49099759508741336 -0.7430806837946565 0.027022278033400748 1.236941085814053 0.299886239204785 27.93486869849133
1.0 0.3391977236866769 -0.11924401088206767 0.14313495884338973 -29.922047739346432 2.3750245380495 53.75997924354479
1.0 -0.3223670524389918 -0.09827029052623276 0.317068190625138 -12.020561730682108 20.164542816466067 28.107900136184476
1.0 0.3687228111723529 0.10029031783581546 0.23078760176874025 10.141982215203168 2.071906761815643 -16.518512139460448
1.0 -0.05087326196232161 0.35215948082105286 0.5520731820150326 -4.53639498496464 -33.94502809605936 11.289135112113408
1.0 0.21256287962175652 -0.3571602550144815 -0.6161057524833896 -56.27609613792302 -8.566371518534055 -12.058562588812238
1.0 0.18252952099709607 0.14824195107191385 0.7336000404449337 34.287553517825074 3.1952773840301654 0.18042870139733067
1.0 0.5730264365254905 -0.17733745949099283 -0.643266185521459 -24.610872884614157 -6.203177110949982 -13.651499252120061
1.0 -0.0329278577973395 0.07179241338930825 0.4430007175364923 -13.923900477785487 -9.083675503476817 16.01400008535589
1.0 0.8145062458084465 -0.4629686121125402 -0.31360376244232485 -22.969855158269755 -75.52488685736458 -12.946126884793044
1.0 -0.4671768062910858 -0.18734441154740897 -0.8195370499162301 -69.65523670034354 -12.91131000218784 -12.184015678512914
1.0 -0.8492100773595238 0.3861542996096839 -0.16808584600154258 50.15361513786534 -25.64027654589664 18.35886901829909
1.0 -0.16954331137884027 0.21933467932787998 0.23471406982463366 -58.84950472134282 -31.415199870688365 -81.26518939209106
1.0 0.15111624011320998 0.7156505894003323 0.350418189191493 7.063259126923757 47.32165735255256 -30.39351225250578
1.0 -0.32003054761890837 -0.3822547313908883 -0.327123229496061 7.47818116008033 -79.82913794135659 27.659624052828903
1.0 0.030183903930205015 0.3143420811585832 0.4069793909716882 -9.519722373790868 -36.425055061724535 39.71599040831086
1.0 -0.44762679096295865 0.20809485262291072 -0.8587901173425027 32.69133574465439 -9.606872440060755 -8.581668134867966
1.0 0.18536836839937565 -0.3885263034240438 0.6099054329637831 -1.1988798025925667 -79.10267579503312 13.589588718866102
1.0 0.6370431978143158 0.32167696608857743 0.3552780731139686 -23.58743830823197 -52.106652846773784 -41.4967151359971
1.0 -0.03005708013189699 0.08885410754998303 -0.7255894930475012 4.021960582642784 -7.21690039343405 -14.345905321197518
1.0 0.37522841651883726 0.4718692256627015 0.056327658950533446 34.75537475862035 1.9387217504172365 15.785889210420448
1.0 0.020204004337561678 -0.3249333808008554 -0.615867034487475 -25.298648073437256 -32.184432878336665 8.101762373188828
1.0 0.5777870644778393 0.4703860127113143 -0.020698518449392595 7.741840006320887 -13.94436762344935 -6.339228374446299
1.0 0.2514489390612925 -0.6622001369486604 -0.091578636026148 40.70352043397615 25.50321046358415 21.986421778487113
1.0 0.0029620495819033662 -0.30721509510609285 -0.5314654947893553 -32.16254304905527 38.9769509567939 12.218911656655358
1.0 -0.14893895154349246 0.27274478818706793 -0.31310896742528416 -0.5158998189042192 -3.1752735309915083 -25.122628849617264
1.0 -0.1296426269198426 0.08514182757171315 0.28957429309608873 11.933786429629818 6.055354814914341 83.46793658743739
1.0 -0.0642728995577529 0.4932408816881806 -0.7400923100651171 -16.92606235995305 -26.048896320254048 12.420372824316146
1.0 -0.047845320480625814 0.5788142132407318 0.5902067665818975 38.12887331046301 49.33866174517366 -47.35432310318973
1.0 -0.4026031690012931 0.5317752049272297 0.47981073892018755 30.000078238841304 -25.9073279285507 -81.25291357820475
1.0 0.40894396256966664 -0.6596106071896138 -0.05095582885644572 29.049713361677657 6.921467413799558 3.802592229015341
1.0 -0.05072594135538068 0.027601701719360622 0.659389218093598 -53.80530615247686 -46.07422196026093 22.606616032573765
1.0 0.6989194033476259 0.21964287901777443 0.19865744420406453 -12.979089213172733 -17.643145196084582 1.5437037540249579
1.0 0.5151544376875264 0.24859845314498918 0.0378889838547316 -65.14139763119614 12.388397778053223 29.296352788202086
1.0 0.09824193355404223 0.2841268272906016 0.46053718911468516 33.881502054851154 -112.64461405228528 24.988283646281864
1.0 0.40898702829330774 -0.2851461210327933 -0.28533619304095476 1.8993337241992687 -39.4669793863769 -13.625185051006484
1.0 0.4147644156559729 -0.15219249771723586 0.555306987562572 17.86168516742794 -36.83064845938823 -43.63164683117321
1.0 0.7542242802484026 0.5246556593357125 -0.044957778198367195 25.37897828041981 -66.07485251827485 -15.296497955835559
1.0 0.6890948825579977 -0.5167649182437816 -0.18418944038315 -19.989122637148576 -5.846654194098263 50.571709862659766
1.0 -0.34484379715950464 0.5743637394778702 -0.7117541136226602 3.327185433077567 -33.46568741843319 -50.26613462631945
1.0 0.4209155274389846 0.629214595540406 0.45093054678578515 19.51838537791055 -22.471198530491368 29.538894892545333
1.0 -0.7699901943686029 -0.08432679562851177 0.11111729635260982 42.79236699464545 14.369101709858205 -25.269297815443874
1.0 0.13817489942904113 0.2359988462162523 -0.630981702505188 -17.13933399165279 8.748676193441911 -11.344101287537958
1.0 0.5073792576330678 0.8374671134360622 -0.16435816215269528 41.54154653569379 17.677083046914227 29.230573313722125
1.0 0.44081026846979826 -0.09820955922303627 0.3430938565225687 10.49113468372327 4.092331545679599 -12.935872511081358
1.0 -0.26179992977274663 0.11667815349521966 0.41037747149093373 10.471454542082952 18.64494164744506 -38.34929818618504
1.0 -0.28175559128660355 0.30618169064768724 -0.46138215316780795 -36.60396349076699 -50.33657471837063 -54.92535254398609
1.0 -0.10837655092303992 -0.07479372356484862 -0.5960444666889264 41.28335772252658 -48.395658275387206 10.121688678823642
1.0 0.2413632569173938 0.016072266839032553 0.1755297221869495 27.124079526266723 -24.645186506874182 10.293272634632691
1.0 -0.10043165680062269 0.6777023712974973 -0.10609437815171967 11.206026771038603 -2.76472150884616 18.323411908141274
1.0 0.25160730181895 0.10206074477155774 0.014128189503853089 1.4828240759006304 -21.36666494599457 -57.64868957583556
1.0 0.05683719029805575 -0.23178399227516167 -0.5151038177385554 47.082953988058485 -14.658758972922683 -22.640517669929164
1.0 -0.11325128350826398 -0.8149541198783147 -0.2942337180974383 24.874458477372926 45.49937268448956 -15.326059366766186
1.0 -0.489974600790324 0.22243398997230712 -0.8255515176457237 16.847868399220634 -1.2937975506747146 12.509309155515808
1.0 0.2180675465173759 -0.04654431812404959 -0.11584305030453389 69.69005481640275 -17.37616928033227 20.52908033043887
1.0 0.04589112713880935 0.35646379165106956 0.6307119335408303 -16.744752209088833 -7.658738517461352 5.644039221734976
1.0 0.44349255915444513 -0.18281026877255266 0.6921303684438126 17.60665961334026 50.39807320872604 13.572707249863381
1.0 -0.4072918511702703 0.8225297197886322 0.3868311741070896 10.344480824229066 14.792533848891638 -26.294580105771466
1.0 0.14153114558537105 0.6411818639804981 -0.7206440760556941 4.708140454734627 -18.4383396005413 28.084748673973877
1.0 -0.17159148110092382 -0.6664081419289093 0.7166700796880725 8.42223262901313 31.388216584911063 -15.310116757744908
1.0 0.2555181544171868 -0.5412608708575749 0.7332275579657753 17.30403832414341 -44.88254415601927 2.183648471196509
1.0 -0.6001084182922116 -0.005873772024450863 0.2183079466987906 17.568869138321322 -18.929381532064895 -14.864679046119562
1.0 0.5475542656488174 -0.20030565328988628 -0.03717592639523071 -2.353030222201115 -67.44739467084375 21.806419146999175
1.0 0.7598127067273266 -0.31785490254502613 -0.5047132058036616 -11.844893029553038 4.419665484603582 25.85142061380835
1.0 0.21822176761113116 0.32306371490354696 0.5628878783346576 -15.898710768613457 34.40305839531468 10.633587262624214
1.0 -0.5814984431037566 0.6916517819225086 -0.25330707105520706 -41.01536233160862 4.773958317555168 36.25563586171641
1.0 0.8185228559792396 -0.17497636979743417 -0.014594923727016219 -15.74522867653396 -2.8853929713737356 8.449323726867668
1.0 0.17360986341241635 -0.3975660808599927 -0.6758720471894987 -30.57469423835095 -33.95633812118491 75.50622235973535
1.0 -0.42227311996389744 0.32808950327148456 0.07382677762167207 -52.214305915428206 40.26717851910711 20.995374469987578
1.0 0.620327268896568 0.4324869699455547 0.6170858467471025 -8.31339251193019 -7.827902325038954 16.1439025084079
1.0 -0.5659397272088096 -0.3548855573657515 0.09743831247340547 5.374938381691054 -66.99239913710694 -29.768968436848628
1.0 0.0693010618461311 -0.33994630679439786 0.20929559260782174 43.7974013616145 -18.297230362485262 -8.756358770616162
1.0 0.14744674204129474 -0.36930233496436693 0.2129218440909737 35.03320162688694 5.203879704236989 33.61900584611321
1.0 -0.11899372890030863 0.6648960221219654 0.21478656968064852 -62.95958690162733 38.566285879489605 -50.067629780230675
1.0 0.2522415430167393 -0.04715659423396171 0.6370265638088496 -12.391534127501338 25.91522959403292 -34.76456213998183
1.0 0.5777679537774829 -0.5463869864429044 -0.2541108313062969 -69.85611316292719 -25.241999406951713 -27.311096453946558
1.0 -0.13289528661257427 -0.32349368449025834 0.9019044419581121 31.233984428796006 12.365297702297056 -4.487941185310228
1.0 0.2424803606990355 -0.9313903299554906 0.04383049059237705 37.39010143680643 -48.39620500098616 -32.84272295891745
1.0 0.8036544986735299 0.11664165374519175 0.38957489592918726 -32.45970552159377 20.814535433495582 1.3792295691140422
1.0 -0.08096726448654154 -0.6428006654857351 0.5611186668016153 23.32746328842721 36.07636858398346 25.13482492456626
1.0 0.3832187305528327 -0.5768461333607142 0.6253239553083078 -58.739748961963635 13.944667095281869 37.68127410378443
1.0 -0.11110860471479354 -0.7889498154034444 -0.3707993957840276 47.9226334602382 22.326301332899064 8.773514360259872
1.0 0.41689905400985217 -0.009805908896162329 0.09588811417129092 24.04576990692234 -29.697909299554766 -40.58619707515854
1.0 0.059461202108815225 -0.553656854819571 0.6664091894336969 -25.986499072081468 -23.191470367264916 -13.983470180221653
1.0 -0.25604037931250484 -0.6629454041514001 0.1973591001520498 -6.747769895063366 12.797533182476492 -36.32132538944863
1.0 -0.17092697992440195 -0.5527585420711805 -0.46951325983708947 32.15804485436018 -13.247091119698135 -11.906273502893688
1.0 0.33217035249187465 0.41850955907804394 0.8069867219081887 -19.989150321263132 -20.081765374478294 5.621677194620001
1.0 -0.31906062676929753 0.1353559607783191 -0.49115319021418014 -15.172215766530725 33.508413858565454 -56.786659132287696
1.0 0.37499900961023347 0.5334143160004405 0.1420414488041255 -44.92026522516227 5.959161905018217 9.270383041780704
1.0 0.5489302672533735 -0.017671062288138015 0.3945168901506634 -12.907620800605011 26.576282653558568 -46.50740900936378
1.0 0.02888369487089969 0.41433718469660663 -0.46003612506590386 -50.69326850317368 -8.365271427963258 29.182745131281596
1.0 -0.6464575144247634 0.5254675444184898 -0.4447868393097289 -62.405996857756186 1.4808503084275368 38.12913850368543
1.0 0.41827058213200763 -0.5100898296468631 -0.37625511483802454 -54.47254612320544 15.446744391347325 -70.45053816983354
1.0 0.49287066472123886 -0.42877489430167715 0.017407120738748335 -6.962149164221712 -0.5484082265965391 34.294588370953136
1.0 0.6620255218892307 -0.45032153497018135 -0.0437690372354568 -50.614156269083544 28.569169776352517 -1.5063993608574189
1.0 -0.15068276498664568 -0.9438133521595606 0.2814526740223439 -5.882957972223722 23.56528143632391 -5.179344433497879
1.0 0.46942238676371056 0.5588409801755548 -0.6160611057734972 -46.22770931586075 22.441448376709634 -50.63304915174298
1.0 -0.05991670060509926 -0.5038232631620759 0.5049655042386137 -15.840228890747357 17.248000996271323 40.87657369042593
1.0 -0.42603340943651313 0.180409214779822 0.1759998479738363 7.75342896992965 25.03369740342806 16.43332829754588
1.0 -0.02433411294768639 0.16245591548476393 -0.12333876890600093 -14.824065335798526 6.033737644650909 10.605053742909412
1.0 -0.5183327591417135 0.7614886144538014 0.19031851259074445 31.90342445960999 64.7171328604599 -13.00953239387654
1.0 0.27577251390020596 0.2773311855000874 0.03183730478184396 5.888693472909024 60.01188125417815 -33.555843601961634
1.0 0.033913211426534945 0.5584184238481508 0.4331748970686798 24.19249575749617 -30.159256443028596 -39.97879170345263
1.0 -0.692586495116658 -0.06832544486593256 0.08698392527279156 -10.512827648325707 -15.58438079730782 41.94218188104166
1.0 0.6506634355305595 0.03556019383595579 -0.40003706858318067 16.327646428374837 -57.22818826003712 25.59667667962138
1.0 -0.32613195949497725 -0.6906969608648561 0.3549630733064662 28.929778446366985 -48.88154576390394 -32.341563324344754
1.0 -0.5534827049069163 0.15380478490383093 -0.4500870404165065 51.345900383486146 24.382492803593372 -25.722759224479883
1.0 0.5744440608036101 -0.37147925752688066 -0.6586997301608435 42.6158145353416 -31.69009997782111 -20.692779172989386
1.0 -0.4494765966096674 -0.4149730721175707 -0.0728565296600366 -28.93436870280013 44.77098561739523 -18.23083202042908
1.0 -0.14156399913151754 -0.08778103229523938 0.9402283406828109 9.956622385322397 34.91279084149054 63.591623863150694
1.0 0.7865167465115686 0.23689263211535347 0.5340819655450739 -49.236426209425204 5.77587885229355 9.448199684086115
1.0 -0.1648792474145667 0.6576114541870157 0.7093021031798218 47.21733016590316 25.321140626155586 3.5752009967512888
1.0 0.8790466458183315 0.07489871156945667 0.4535912526570315 -3.5864683957442844 -5.698254549159886 -14.830739579762742
1.0 -0.03259712447133505 -0.5489899029545288 -0.7431753914071406 12.440657614155732 -29.85272032648449 14.157322074770194
1.0 -0.38935041852491664 0.13183728770274006 -0.8024049389364725 35.37861370219706 41.83973513456678 52.136512382424286
1.0 -0.39314713162808873 -0.7228057934410308 -0.5593688455371248 -68.18113901478634 -24.912478560053703 51.828716215730395
1.0 0.1682578272069244 0.42079654107699116 -0.6276327856455584 -18.134279195770546 -35.02119685131261 -18.830088592500204
1.0 -0.028989046298899795 -0.04503838611078314 0.8704440244437672 68.27279840157388 24.459927335266986 56.04848936173124
1.0 0.3569409929529691 0.6706322190288655 -0.35611530418979287 42.51471602769753 -5.937792736183055 -10.101743827844743
1.0 -0.6514503137358802 0.07700416139432899 0.5562490005714711 -15.825395144430045 7.719806957258108 -26.54155099107234
1.0 0.07797277382729144 0.4627934766329228 -0.4951113492899566 22.35168659801423 -24.738005216910924 -1.9423213996465987
1.0 0.112687189731807 -0.28073036703290366 -0.44301654655640593 -4.77786182456648 -37.50365947944892 -39.92610729495158
1.0 0.16393313968987885 0.33949754131442406 -0.6217612553752371 -13.10565435176855 -60.3278397396065 -44.190728047028415
1.0 0.3032726533123439 0.7479535924384715 -0.14275761236500223 -52.008120620949796 -22.208441787061265 -35.55026279370446
1.0 -0.12827505455833524 0.21447659755367157 -0.6237811166498632 13.122123971985863 11.214405735904535 3.550240078102196
1.0 -0.4151987351316527 -0.5526472880667426 -0.27182176285216414 -14.601147863863217 6.7974818067392695 27.87238926214254
1.0 -0.5565952599900893 0.21848649556365923 0.3611836511898987 -3.820103457347503 0.9599467143700684 -50.56539925187733
1.0 0.025287585041422176 0.46861293633627304 -0.1303234810039296 -32.67397572028617 23.201209831054168 -41.88083012692474
1.0 0.1525029441703164 0.3208823182550494 0.5088068026088293 34.640244981056036 -15.603405032278767 -9.904357409429375
1.0 -0.6450813557197804 0.3570660403420758 0.36947407383986464 20.63171651453692 -8.221922363773519 -20.143270050987915
1.0 -0.32727220431615356 -0.41259499276242056 0.05117433261226067 -8.040835986953889 -4.913656693310722 -30.832117216235954
1.0 0.36055791889907923 -0.590652141169583 -0.6366588870561153 50.541044933670165 14.182341334689609 10.466358809447431
1.0 0.3006090769476712 -0.1864217834988609 -0.6969512226100149 6.004285922817909 3.1628698088984746 25.686950241872697
1.0 0.8875831483247545 -0.2857092867937535 0.18746229785268875 -8.766407900168112 36.17692783233954 -53.374989897972306
1.0 0.3774385709460928 -0.33039972610006224 0.5772036136381792 -41.38539356845098 0.8843438856532952 -13.644641274779415
1.0 -0.7076368831811057 0.48067819797003186 0.1294380640455483 -33.394615284977775 19.893439110797893 -15.880041108702823
1.0 -0.01425260279740199 0.6082668854759391 -0.43349294119140286 -21.24763096188547 28.181780917668977 -42.6747964244367
1.0 -0.07041342669435906 0.394810667362335 -0.4025595242450228 -51.08391162221461 34.1617793137782 14.151176198247416
1.0 0.16883680407787707 -0.46829507465867376 0.03185323850411296 -4.5160811290440686 -42.459478076700826 -9.746881942846041
1.0 0.21283476619529162 -0.10089679015721256 -0.20456595692538773 -24.3486007446873 -69.78997967608058 1.7571713139650083
1.0 0.2072286002277036 -0.8188602355846966 -0.35742877199738454 74.71207407456791 6.976859710964164 37.92829425977739
1.0 0.6180016282674933 -0.045648498971631056 -0.5187195699146839 11.699490495090002 9.16726058879018 33.06164201336161
1.0 -0.011201540461445541 0.7045873838508964 -0.2967921704818582 11.32914762184853 -11.784127061999667 58.73847558675727
1.0 0.6623415211829912 -0.24581654171393888 -0.1820648794917483 -8.603135264455641 33.63967358711807 12.906030069447029
1.0 -0.06959762937640353 -0.44742710350674136 -0.2751173507601052 -15.24237870612502 53.68033736302202 -29.45345606937675
1.0 0.2503224542712464 -0.5686354077565557 0.7286928986875821 21.691748119593584 9.455776352680124 28.91700605146988
1.0 0.8273597179692099 -0.5429392356763655 0.05833859080850003 -10.375235070210062 6.155391055922738 -42.00848598942786
1.0 0.68275965832208 -0.007021196929937781 -0.654407770795806 21.353099107786772 -6.200839989709924 -3.119730690473086
1.0 0.6413537088108194 0.4690322572246189 -0.5035647532174886 16.389186766564354 39.738954667612106 38.54489573516976
1.0 -0.3508564882395414 -0.36373593760911965 0.09696177658122247 -22.132577076947644 2.1085823726533532 -3.8590005096235194
1.0 0.40853384208027527 0.5771702972313443 0.6415268295733779 -36.50133209746034 -43.9432366005103 -7.500754482862688
1.0 0.033788793592963766 -0.6767082684783396 0.07908695113669792 -14.426710927904786 66.20176708008944 22.508736303097002
1.0 -0.2573654401135841 0.4447818635502244 -0.14467585670689265 -26.13877690222076 -5.764576246832092 19.951117950292208
1.0 0.27972301940058253 -0.27359317755562096 -0.34747291876488706 42.92255140778249 23.190320950264304 -5.6976050646357645
1.0 0.052748026681239686 0.07753887325642493 -0.5882516678963639 13.265038523601579 -9.077566881245989 -6.917198647460231
1.0 0.21407823375228546 0.3246868217572134 -0.6011288983713635 -3.041703253550255 20.887077115516988 2.065587090663705
1.0 -0.32333894980716943 -0.2239562718562734 0.7566056892288109 25.197888495086985 23.799225552594887 41.080454211149636
1.0 0.33566115057038465 0.5119919774476529 0.10647218834550985 48.4174632156779 -48.99466121400344 48.851378484340714
1.0 0.20497206867405707 -0.28272384390033073 -0.37972109814113464 -18.378206381380544 -26.386869195793462 7.1355426380832
1.0 0.623343627273981 -0.17968400629695552 -0.3558626544621476 7.913096702683531 -8.956322505397043 -2.8814264172932647
1.0 0.2588089741815136 -0.16787387518652622 0.5080989306763921 6.105739678472713 -2.2602940145347894 -20.42053065211749
1.0 0.40932130268545475 0.1341289551833041 0.29744595808919555 -19.350911457155682 -3.4027030221433385 2.0533909844285834
1.0 -0.03152927675932015 0.30637940381334694 -0.4443581619148656 -14.240139647271134 -18.320850297312575 -17.42555270385584
1.0 0.4620410347971362 0.4802089417128923 -0.7023110632532297 -20.451997072738425 16.63231181918813 20.225394459791055
1.0 -0.383609522737762 -0.5530122443812527 -0.6948418447005855 -27.114057842713535 -4.083105339636656 8.855063404460257
1.0 0.44822433890046987 0.40718267171360006 -0.33226334747528974 4.1823229739162455 15.52268570775777 34.247161810833866
1.0 -0.035169151126202496 0.5980024237832882 0.5917308980483188 3.3395575049337003 -23.74647675266788 -2.8369257634672054
1.0 0.6611407123274458 -0.3453284859440033 0.17586360793629854 -5.437476408920561 -30.92674399697557 -11.693947132710692
1.0 -0.1380552591252163 -0.16703988691660004 -0.8851263560024633 9.729427838922046 -32.49555583538855 55.109820875546475
1.0 0.019319361439411785 -0.49320154642025216 0.34925935156967425 20.22856420819331 -43.88340937196293 -0.21799789749772655
1.0 0.5107370216420121 -0.7060262632648012 -0.3472846240940956 -27.85597259598156 -8.199369828032646 22.24267577507063
1.0 0.21514611851298182 0.2121740027324146 -0.8893282312794312 -22.92268656395569 -15.703637409724866 -5.189408419447154
1.0 -0.3777710043252832 0.13935819914068998 -0.47156977735852235 -26.801330068764205 -27.073838860546406 -42.5859973276479
1.0 -0.3686362268704573 0.16286574186043679 0.8493741303950698 71.90047646426163 28.50780555173991 -2.344792835684776
1.0 0.3211439064871139 -0.6395619956524733 0.5600935835274068 47.6517891011426 42.68628831079072 -24.41653110678237
1.0 0.5739422130386235 0.3672730291247299 -0.3052261545296173 -19.482124417860422 69.96193270582363 46.272899868898705
1.0 0.5898834927067751 -0.054734621889799454 -0.41740426982838186 26.31853994529662 3.4474940559615894 -30.6640473985305
1.0 0.2467276695949356 0.46151382308162686 0.6991659072672215 55.964615944150964 29.5241137872382 -30.630181146446287
1.0 -0.3966791940783597 -0.26339656763754987 0.4987210707140411 4.838126546850127 -47.0259899416419 22.8257909131218
1.0 -0.5672699985418113 0.7154607875840056 -0.035707845451681805 -48.87805687683625 32.23743093708588 -79.08688065104518
1.0 0.29175036283921824 -0.2869262389790647 -0.38934767674667714 37.128374204451596 31.2097349868797 35.71826913143585
1.0 0.9158714335186522 -0.09046543243929699 0.07569492217009825 -19.86134374497353 -29.154126232172327 -43.62503326204724
1.0 0.16476856655409924 -0.7030497938258712 -0.2221572954444975 -11.062087960359987 11.975629765411982 -16.14269416038616
1.0 0.17218125439452447 0.6760774422585019 0.517751788151318 13.543791092765233 -10.19883419185372 -12.615010084772766
1.0 -0.13573464942557137 0.03355762772754711 0.6430698084100072 58.95273124199427 33.10515302245199 -7.322246443301495
1.0 0.19233643943916262 -0.3844117446355743 0.5039893297066306 3.359907313867193 49.9021509549021 -13.029764170045297
1.0 0.47729763143438614 0.25791493714738295 0.6828571012875839 10.448143328155899 80.62394474285053 -22.133710225474463
1.0 -0.46441462657117155 0.08150049495512163 0.3113904631096369 12.614029262851746 50.41842143869286 6.963129716167842
1.0 0.04742932771558822 0.22663501988221832 -0.7966434426008233 -32.40697118618892 34.079257622657096 19.0797912759205
1.0 -0.30173473747574536 -0.22786429251039533 0.33920480606802905 22.472222475582047 -8.124092180944805 3.150133069811839
1.0 0.44092279102833004 -0.12306149446492307 -0.1434159499832104 40.51726595932807 87.65481657733532 -70.71168799202863
1.0 0.48327414295533183 0.06000422733149456 -0.2568264987534039 23.33618884408323 -35.60012170653395 50.97368490146134
1.0 0.40203485009565 -0.6853119266143317 0.5033116133899828 -35.91985291988308 24.52434937661076 45.36811936648208
1.0 0.07750483394026268 0.542532493758105 0.05755194376200779 14.136652690245603 49.54935065230727 -43.34438882250815
1.0 -0.2450660956744948 0.8062477503701175 -0.022299110920744578 4.073438657701873 21.76153148896386 21.889342484919784
1.0 0.0751677079986361 0.43283982387474634 0.7349698084154617 1.7981163111431586 7.612929230410429 -27.814167780039107
1.0 -0.2456802924128639 -0.7965023004132382 -0.13173883711077278 6.445892387096899 17.915170521667704 24.028933467625787
1.0 -0.7358519323623999 -0.5011723053591864 0.39324593709072325 28.39330012318436 1.3232803475133739 25.790131994444614
1.0 0.1759772209573489 -0.38323837825030627 -0.18554344276642826 33.83647905085916 -26.601989970690965 2.299785494285401
1.0 0.2075350925961769 0.19301289600018912 -0.8974847534588363 2.2215114914528153 41.76940765665743 9.777514587247174
1.0 0.26279580936653524 -0.05996340463238532 -0.05507286342431349 25.45911547650676 -11.316290680345574 -16.07900087654878
1.0 0.49764835850434785 -0.5475757415693426 -0.45902545272501205 38.769608248607035 7.658271158361861 20.388819903368436
1.0 0.31366192252306085 -0.5097411532117782 0.7154069954763616 44.14293141919281 6.129411688189412 9.661375163423303
1.0 -0.2620287519752198 0.7474339512537093 -0.11279132926591798 -18.712226478569615 15.747677099526328 5.348164337196443
1.0 0.35269745219282933 -0.4921400148709234 -0.750056889903863 1.1870604686915938 -0.7032082549655787 20.43319528823853
1.0 0.3068230319432354 0.3355498888842291 -0.2552387516521448 -44.756727882923016 -15.339471011272643 -6.0881981470315125
1.0 -0.23296059183579254 -0.1497214807521107 0.608164123784686 -51.53037047494489 -20.930942314944538 -12.615734249492043
1.0 0.207317050716161 -0.3579747227467054 -0.3940761273657916 14.812119214585532 -21.828736161017805 -40.014576820122464
1.0 0.01116195233349376 0.12109529202903196 0.8452822808723047 6.086972430344908 8.452951908310064 -95.39438537667294
1.0 -0.28518745742510315 -0.44349709159491385 0.745434063155087 23.934190237003424 -3.9931807470750598 62.45910600699308
1.0 -0.42482939102332573 0.01699072016457831 -0.5327380829650489 -29.978967802205347 -28.912500500713673 -33.25832822435166
1.0 0.3304081560426068 -0.29272419864019095 -0.22420983028278535 -67.33861473038684 -14.921890109162055 18.96228857546715
1.0 -0.4422267915868403 -0.02885868527975437 0.00457392484564653 18.541248777732466 -14.948758192050791 11.15894314805006
1.0 0.7361810530932905 0.3140277141163037 -0.5924215875304132 5.676283022231299 -26.920824051007237 -73.38388518386928
1.0 -0.6368309288317819 -0.404266194457137 -0.3365201243286617 -9.012041812966714 0.06069531779803477 -21.659260199041245
1.0 0.31983801983389576 0.3845428620722627 0.04977067127726426 7.869331825218872 12.430722062719145 0.2284056065854594
1.0 0.7024301379822091 0.4474497824130563 0.42632379543097676 13.49125028639302 38.60332024957048 -36.12703263286769
1.0 -0.10330476183822027 0.8023612462769327 -0.5347280435061501 -25.840373837593344 -43.40053622364803 -59.38749462209968
1.0 -0.6871057987592241 -0.3725022760291157 0.5014229041982562 -4.747939228428126 -21.324370552978934 24.94602487460802
1.0 -0.6523455329931174 -0.4004572022214756 -0.0009812674225312104 -54.01154966209365 7.329908798185189 17.647410466600288
1.0 0.6592646384144213 -0.3461833938422908 0.34561955976458814 -8.883822980129835 26.04498092858959 10.805010484554687
1.0 -0.4647714953947667 -0.03281660850040036 -0.7510031690299545 -0.22553789778050443 -4.143120803283195 -28.869676568121708
1.0 0.784272752600555 0.34929172854105867 -0.42286237345499883 38.57476555063572 -0.45858059496205283 -11.849742196929762
1.0 -0.08609703020371756 0.5098399589411325 0.6640574097571225 12.113570797921835 -1.0838641698949774 64.8058667906102
1.0 -0.039048506673063525 -0.15768273914027434 -0.6549709745952165 -22.625134040229316 5.964144123152931 14.964491464797717
1.0 -0.07073267461263255 0.0849159862149662 0.1717822484548667 -31.383086379042826 18.067124653413224 -40.030792591009536
1.0 -0.018451033606428222 -0.11162796122308426 -0.49739392464518856 36.66153199971553 24.0678718686278 -16.1259355006795
1.0 -0.4381737053827789 -0.19528947579433453 -0.15622744571753241 -21.763046951563506 48.76777983683028 1.6016177818729058
1.0 0.3129017858073183 -0.7751109995229268 0.12086200952059745 25.337611583096493 -31.67856379803458 14.248635867150607
1.0 -0.49411857772321655 -0.3789868031216659 0.21999908766480097 -85.63211866564436 -55.32073906920705 -13.515240972863774
1.0 -0.42626863432846374 -0.2975944173719098 -0.6015037687098738 -26.645669331351684 -15.182567114179328 -41.84171322428227
1.0 0.6532486373060005 0.021663524194963632 -0.14969490402735267 24.408298662308106 59.24757647593476 -11.847133450734189
1.0 0.1754605457907993 -0.5882877493796176 -0.5233467996161424 -23.069764490677866 59.30759670438502 12.162159656544636
1.0 0.06678127509739838 0.32598491772612476 0.21844836955954625 -52.512023071290656 27.26145837823344 -0.3377974161256046
1.0 0.061031300063714454 0.5046890165913086 -0.4947714793718662 -29.094776755418636 1.8964573947299248 -7.315654616678451
1.0 -0.7140960682253517 0.09734542474213721 -0.6298686635935429 -50.74343732284828 -38.383015751796286 -24.84507972579677
1.0 -0.0470909957968608 0.2173543149147815 -0.6004160374761743 43.61540324111799 39.68259379185042 -67.21128238453454
1.0 -0.13253595274400137 -0.15061056891916777 -0.28701141127901897 45.96014732990848 -36.21926402709969 -10.434790684486165
1.0 -0.7142543272984423 -0.40689139102143734 -0.15489049069855895 18.96404043502393 -13.135028828385114 -10.951308962665449
1.0 0.1809773712139931 0.035734160657022784 -0.4841485394580192 -24.278069055343778 88.03718063908069 -4.109633110650807
1.0 0.4166583964536372 -0.23337487924162742 -0.39832598583329093 -29.411696099760523 -0.40299763158906576 16.360879431640424
1.0 -0.48458743580880514 -0.008628333385625306 -0.7862469182860172 44.754874937257405 -11.362054726163018 14.665403828569842
1.0 0.7840990879864544 0.33089479915738773 -0.06965961792119296 -3.6793591569724375 1.0068319043224376 23.86747855061901
1.0 0.1715946358113434 -0.17200414735725175 -0.009241292762631238 15.636512603320098 -41.43829677634437 49.60068236545959
1.0 0.9166369997367053 0.011020397345944103 0.24892170676151196 -19.203272437573812 -48.93183709006734 38.99587662733267
1.0 -0.16000218277944575 0.49393103989314985 -0.0013655244072991268 -5.036802830076014 -35.64150502956603 -24.203765495639917
1.0 -0.13909469148223919 -0.13581848430090204 0.382142347065578 14.257736305170843 -36.336522531075026 13.415948635545872
1.0 0.7841102421099782 0.5282936976233195 0.061404009092007654 22.449219107979204 -43.850055018458875 13.444543015530003
1.0 -0.030863402456689105 0.6625950218113661 -0.7229227813649035 16.51403418134493 5.5822029803209645 -28.499630161038997
1.0 0.28263238069353436 -0.3325365437403138 -0.24712569015141825 15.31654388372446 -8.288650399691845 -5.351424956472411
1.0 -0.33646378885610084 -0.15194656320324823 0.1635814219170701 11.03659002060741 -6.378487767478349 39.57837527349361
1.0 -0.6373244341458625 0.2014462386785518 -0.04703414782315897 -42.92961160150771 -25.58195607989323 -28.780666763660353
1.0 -0.03815050461444466 -0.17957879408031757 -0.979033476499217 11.690637899739317 -29.80109340814584 2.7284657450323935
1.0 0.5262982052798925 0.29741369091123776 -0.6442466430554723 -33.172470928788954 -14.038533146227017 -61.61108051949313
1.0 0.5023729476624381 0.7207185998873534 -0.16412909036434017 16.4836226790749 -39.564287009271574 2.616559246699507
1.0 -0.24134494670619638 0.3965610551065708 0.30086164994385517 5.0274991556582265 24.277064801426334 6.629317403922569
1.0 -0.25613525434208323 0.06301636651846577 0.15224069564226417 -30.23929409261238 -18.066884594105055 115.07426129563721
1.0 -0.5693002878101568 0.22208593910272767 0.6578997494818676 29.774660082631947 16.432017507327902 22.233700585157433
1.0 -0.6377222015542706 -0.22181268948693092 -0.5248149647508552 -48.734388118318556 -21.179935099402908 10.898578741473269
1.0 0.3525736551466408 -0.7842245337938907 0.08101861096068011 24.54188589212882 -11.868696792245668 1.5686205603416
1.0 0.11663063921574501 0.0724926740272168 0.06838085713658287 51.99298192986149 70.37755224883377 -15.43861580671625
1.0 0.2335338229483655 -0.32396757711117274 -0.763905705099443 38.82829048771207 17.02134859900381 15.58776173980183
1.0 0.7453303031170967 0.6220147229322869 -0.12020822466331908 18.905293445715863 27.7576321184241 6.083743971917573
1.0 0.43744155599628903 0.03639456756115462 0.3437197030696421 -54.38226936993168 10.767105946037814 -4.450903708766804
1.0 -0.7288385554260406 0.4758621197613599 0.2802815884370432 -40.63379698867631 -17.125931724531995 -57.034007706503736
1.0 0.4466232657816465 0.03377764398831931 0.5561178510108991 -15.556809614379455 25.06343843231432 -16.120430835898006
1.0 -0.35625331881080097 0.11871365012429314 0.6139787580610414 17.274654869529428 -31.734468161922667 32.68854205572873
1.0 0.2683360228013051 -0.18202845016180996 0.8561153064795559 -27.884702020644646 -6.212995706135441 -36.88306229144701
1.0 0.04641410670714217 0.520653638055057 0.1413469242834429 -20.45845025389846 9.03568063591541 -13.841608208410047
1.0 -0.16398783765596026 -0.43190986165751255 0.6702672937091282 42.09032102859541 11.560733199513777 7.0884728111274296
1.0 0.6495640690985637 -0.32545907782251277 -0.5993552581627234 52.03605533700769 11.269916654283127 -10.552664817695987
1.0 -0.4374169018252522 -0.7385202890823758 0.42805889049903784 -105.04561977085392 15.416041233056506 -2.895530961141152
1.0 0.2356608469698184 0.1536005528924931 0.036489451242146614 26.85736615599487 9.013074060653787 -13.216079672819983
1.0 -0.310276034301647 -0.17554386057706414 0.907270447621954 10.74790895321121 -9.822405348152738 -53.39356867783163
1.0 0.16265835118929398 -0.32453029050442017 -0.8278582222724945 -7.153777760253324 -14.669534640222047 26.502669082032572
1.0 0.1502431191454576 -0.8836848742198747 0.11925914577889392 22.049586376691337 0.695644226243909 -7.742773744788358
1.0 0.2607675950863604 0.5308028192870633 -0.5652878647923488 -45.706206602647825 -28.32915136753327 69.00602117821184
1.0 0.13662990672365644 -0.11836517931311742 -0.33910712754656397 40.912912164671454 -24.343125057501478 36.79968502458223
1.0 -0.001974056586077808 0.09490114861605424 -0.6161255003428132 -12.002139166654255 -65.12427035657963 -44.500034718811726
1.0 0.7406599477434822 -0.4215975426480376 0.2613223298726628 54.02504275447803 -1.9419181987332708 3.4956898457096726
1.0 0.449593244564005 0.47178899800936946 0.42554404953876795 -9.829453756918316 24.467328609963747 -34.085403238701645
1.0 -0.5976226469853652 0.3358126543983356 0.1746821374584829 12.575741648411789 4.0715260686364045 29.011455209495715
1.0 0.6041653429196046 -0.0068768352550545265 -0.7580631308534554 -32.99417432759949 12.762170551953814 4.293598085952594
1.0 -0.46221446804618366 -0.8002502412474424 0.34919733736551317 39.417505537559066 45.183027239643515 -17.7391223971388
1.0 0.3920820068995337 -0.48511197613979506 0.22456173714653294 -39.350968217881025 68.2798651254618 -20.95502039759573
1.0 0.05219637742182053 0.6257124133781553 -0.77189215625889 44.82157734489602 -28.37556321615594 3.5100277695461948
1.0 -0.4200752903508072 -0.843653258792002 -0.0740277286998872 -25.23161701480897 -12.897298750857704 7.31181588551298
1.0 -0.06846366586756976 0.15697270704737015 0.774904017141158 29.778309897425483 9.835332134579367 26.900100754170595
1.0 -0.051242347770196345 -0.9657149067027447 0.0984726304226202 -55.33031070890945 4.325212214463472 30.561849213311636
1.0 0.8221604072249598 0.025935303383417048 0.12399303587378968 -62.15662639313388 -6.683070388963255 41.64042462965077
1.0 0.8851235875904648 -0.43427754822593556 0.09412390045300516 2.8835250812161064 42.25945402425608 55.042193487512016
1.0 -0.4214459023986123 -0.3798970947355599 0.7108024772473731 -28.578212433413103 -14.03319751813097 60.69925658695319
1.0 0.9539801479008502 0.26496472638628815 0.05583752762816001 -39.68399102563696 -53.424875077516155 50.21850379554891
1.0 -0.06665545655339083 0.495112566407756 0.7797421400930492 23.324624333974292 -0.6661405876661 -13.791918280588213
1.0 -0.12068588044558846 0.42391625442157316 -0.3118157807574064 -28.450225215434564 -57.60396418264526 -26.411908998883455
1.0 0.09891137062688969 0.17275803049474228 0.5505765058129176 -7.441202201283284 -6.504804899929772 12.920323034386238
1.0 -0.6895181924676507 0.4073981426599595 0.39998973982170605 -33.02062137663407 -0.21315726294058923 7.4823336576646415
1.0 -0.6851856715826474 -0.5234379044392825 0.11935697775539804 -1.9722930465907678 -55.48468188257544 36.33485031808659
1.0 -0.5749194450875821 -0.23404360933582252 -0.41932776729565285 -34.32673530736779 0.07828332661607458 -45.6248309641579
1.0 -0.7280770991207605 -0.38264606696096465 -0.3383480824361911 -19.610658194834702 53.244712863706354 -39.26176335233295
1.0 -0.6281395935968835 -0.5857997416874324 -0.21171815586476125 -24.719628277775932 -46.17341486134241 26.336658478136663
1.0 -0.48886629208283877 -0.7257405582111102 -0.245597884580613 38.70653435936694 93.3542317722121 -6.783196207262277
1.0 -0.1687379028969046 0.015214171417904486 0.08519930597735079 7.119569468233291 2.3019284883117788 28.71951020195259
1.0 -0.18766128329598294 -0.7854512366407748 0.5602649458984966 -20.588807337037732 19.407693714270305 23.450261591816208
1.0 -0.546658291130082 0.19018971604303225 0.3025305147931575 79.88264093056898 5.8254598250347485 16.749913901862776
1.0 -0.39671451420174436 -0.040896102902386364 0.6155983441246445 -35.00374096247123 5.939675125813639 -11.079287300098162
1.0 0.19094574124380306 -0.07725135968111183 0.16296296374194918 -23.499342784880266 16.39679024540785 -15.217493029958336
1.0 -0.7467958734309063 -0.1486260580877149 0.21741066998419925 -44.238634472671 -2.5908854563630825 33.8164163957544
1.0 -0.1964277266460395 -0.022785953116894686 -0.7867085947011768 -7.659681560983168 17.04465238000703 91.98272411079094
1.0 -0.4234017825623978 0.2514484226514696 0.46701770286072836 14.038604909472303 62.22675551022493 3.521776128330683
1.0 -0.16042851229530566 0.06384580624734675 -0.905579602925506 34.928124077243 15.461289751708563 34.33426396328418
1.0 0.1298656433623131 -0.47398659958233336 -0.6283141790370763 -12.185322017758706 12.014526188355536 -6.70336505155704
1.0 0.2506722169551063 -0.5206991055998085 -0.3203205809840911 -20.92385870423092 57.48180148696891 -21.76443607977857
1.0 0.6117473519051239 -0.11507702981382119 -0.16614648694916853 67.55003674292024 -66.67008314610344 -36.02218536443742
1.0 0.5060619788027191 -0.1628677084595825 -0.4940361942633593 -12.36375529562569 -0.23240449550376285 48.47637847446179
1.0 -0.037734847205706204 -0.5249567834503467 0.4386797465998039 -10.849441855449564 -12.712193288157318 -17.39239618688815
1.0 0.40348593370017266 0.7339012049813827 0.10193364132577079 17.14414746905998 -60.733954187621336 29.760651631497574
1.0 -0.0811216629520215 -0.5914310033399702 -0.22035427090385748 13.546678291694834 -22.072652449060506 -22.025231011104
1.0 -0.4878730831694446 0.1915299735077668 -0.3605123326008953 35.5072157918313 37.123107461815735 -8.901535644556716
1.0 -0.4948195528556503 0.3632249523283431 -0.5287886487647367 8.038500224022304 -5.469668762453704 -52.81224343004044
1.0 0.6685527643922757 -0.1572870185331965 -0.7091569442069083 41.89894035484517 -31.540662888969642 34.790108661809
1.0 -0.32564862403571543 0.8138284787813177 0.05078078073269925 -23.64256206888986 -38.158455278052976 26.569146909999436
1.0 0.5319099872889325 0.5633053196505227 0.26481294377416303 -33.80822967316412 -40.19689569694591 37.740891636131416
1.0 -0.1286499252234832 -0.56225181496313 -0.01315741194714884 53.616288008316666 14.41408432290025 -10.589229486433839
1.0 0.7072431764439121 -0.47764201565217246 -0.4646938428855338 -23.69404098337332 -43.88657785629754 53.64228545816951
1.0 0.530508903432366 0.08674637531615807 -0.1227929323007219 -53.30020710789851 -12.982187367151479 -39.44984396147582
1.0 -0.10346224062259606 0.3213672115181097 0.618792809493408 -14.584170509998033 27.19077996319761 -30.1232760942136
1.0 0.1882960033867433 0.07804931196844371 0.2573952815271666 11.194984450865439 11.811216635868401 -49.1484661470921
1.0 -0.11215438573022724 -0.17426056881128285 -0.13852956026632354 -16.836794644320424 24.274008250943275 -32.488216483584516
1.0 -0.182729023058418 -0.778122180604709 0.306245785927554 -9.308699048920401 57.2723586393297 52.233529904790785
1.0 -0.3592060041980285 -0.808024325322958 -0.028297280763131753 -55.890807857667916 -34.8128268879159 20.48687672715086
1.0 0.45638778675924346 -0.7879328639611543 -0.2954273057518763 68.28480032459669 -16.67503727530103 -36.07135019566563
1.0 -0.11488002874984868 -0.6805989616676699 -0.43916031241029263 -16.6555655042482 -5.783861991798741 5.873286592752043
1.0 0.6311209811956596 0.4419012602729567 0.46525382308233953 -37.56571321524773 7.982457490723521 -10.793506915657472
1.0 -0.03693333628031009 -0.31449942128749747 0.652926805698556 -4.066352488998734 -28.304876762910425 -17.69280725584863
1.0 0.519006116087197 0.4702944665982646 0.018314643484023733 -20.361878766129443 28.249010583588813 31.048945470054758
1.0 -0.7868958202523 -0.40062578270803717 -0.3893178512148441 38.95241068910863 -6.732052827271099 -58.23985880869562
1.0 0.6678034385027175 0.19159647186708662 0.6343097600440627 24.508817300461303 -23.69015254973186 -4.728173329432744
1.0 0.1329600883105672 -0.7163734684147424 0.24684287025690813 17.370245057696046 16.44142878883589 -51.212801849462444
1.0 -0.1296037563544865 -0.5513550353243303 0.6910279279509641 -25.40449695799106 -2.68881759175319 53.696369120162835
1.0 0.4462049806699804 0.5118337706125643 -0.1739120983547061 -20.645797126014664 -0.6553846934545969 -28.96574368992419
1.0 0.6800909594140808 -0.11514654165326461 -0.07863266598158947 1.527033944981823 27.07660037905005 -10.080645180137171
1.0 -0.019239135552214213 0.8213173771244626 -0.5678389184472737 9.078102527730112 8.476209041213409 -26.516927505328777
1.0 -0.1777872416591527 -0.5078866133127642 0.7066135263718478 9.590414160313175 -45.595456449402064 13.622880595351551
1.0 -0.10316080358885675 -0.6747215259036455 -0.13690277032196166 -82.03264988924242 -9.015824326387612 5.749250336455433
1.0 -0.5465289124492936 -0.5305043173720546 0.2032181443258289 -5.773001922665667 24.66601654723622 -26.85054923984105
1.0 0.08860332824795383 -0.587919546755793 -0.32608468711346805 7.211502258512219 -11.152467018804625 25.57736607046603
1.0 -0.23141851032787997 -0.19152784277369966 -0.17482322474227086 19.436648571297958 -1.0933639054284248 24.888238724223065
1.0 0.6328414768189894 0.7193492003760427 0.22923825846462967 -20.644355229728784 62.99254265850442 -19.872885567184255
1.0 0.20475782881255386 0.4143209934222093 0.11831764912222918 5.440266887529125 -54.33185507439914 -8.509680069014847
1.0 -0.3175476650033163 0.24643608203201794 0.11085839556812993 -25.076596073260745 16.449005401298702 -1.5885765281204394
1.0 0.18869355386054662 -0.4168049755390343 0.4780010265431839 26.36699527802272 45.35365520547315 -31.839264024258
1.0 -0.3558562347705145 0.20690612840337774 -0.8419588141064148 -43.28243190934586 -21.858861122499235 49.53740050407339
1.0 0.26481451636077874 -0.1312799432377145 -0.3087472891449041 35.648688927141166 3.576406386082429 -49.245324151710086
1.0 -0.7678841778468706 -0.4263362678587538 -0.22991665047710813 50.38411904765554 13.181502285129433 -21.893800767494714
1.0 -0.8069326009147392 0.2713714288364093 -0.22739543337469423 43.81487298994542 -17.60510733131086 28.379784079839514
1.0 0.3348893617800421 0.8508007244273906 0.26466800742601726 26.16390419594806 11.846664624613764 -13.015719312216008
1.0 0.36516438592048006 -0.3880494462409697 -0.04333441301338236 28.04342241301384 -2.465734414208713 14.766292078433839
1.0 0.7566909734684076 -0.23369477397528773 -0.36073143453808876 38.66560916713289 9.500600736629078 -4.338487767030905
1.0 0.5911034955428421 -0.5213359235510581 0.483417935159457 -22.924263320490322 -36.06075666758467 -16.961216179687327
1.0 0.0829221327899306 -0.1860998549000381 0.05499396133885971 -32.695735492572304 -9.204790165253428 -11.879318783499162
1.0 -0.8785974636067848 0.1965054677847727 0.04529907952998034 -30.40121026300088 31.06461928999352 36.27679920100791
1.0 -0.19394588167765106 0.3378024099903048 -0.35594733992527905 -11.684190946512116 -22.226966259384778 34.849382613088565
1.0 -0.006181530226784401 0.03021174315356778 0.12919777157155188 3.8263758422914274 -8.271078845921384 35.188459592312164
1.0 -0.08785811015320148 0.2668325573657799 -0.4467500289858071 5.231003222065885 48.09068825369507 49.67173515492017
1.0 0.48765933447821685 0.3346828452175037 -0.4579099875139749 38.88731416651856 -25.71011229807907 6.930140630857923
1.0 -0.06133419956374196 -0.868393816298954 -0.22444850198757665 -1.7344662575310144 -27.70061165992008 9.529366566610038
1.0 -0.5642148476698297 0.1602963737875029 0.45555464660841744 -16.478725371817806 -26.178912386986624 -48.34952276568284
1.0 0.9231015513380101 -0.25219183854492366 -0.014484765847803692 0.4188380054097294 53.19905778461042 -20.123312816341393
1.0 0.08267911180688911 0.5151311973953825 0.6311892382930926 49.640393344772136 2.979513967359031 3.9690031941092023
1.0 0.913250238292087 -0.11556616501036249 -0.19812632990358833 -30.227834309306456 10.978709198503143 5.072075677378893
1.0 -0.15744166124080142 -0.22246820082479207 -0.6816918819247285 8.800863398711723 9.726595550021088 67.9009267754584
1.0 -0.39050733103681506 0.7409350774151519 0.44289812971533626 41.15207785503135 13.912672412999276 39.75304898978501
1.0 -0.023028881971895548 0.782128809082616 0.11341748662749254 27.764894580780126 -7.400256122434266 27.631674720869263
1.0 0.6300004213356007 -0.04362204748099765 -0.4596160748281573 6.971636841244377 -44.82562057391624 -13.619325847682052
1.0 0.066505658522461 -0.4559964450500423 -0.6295611588448966 -22.24217312917666 -47.57650161755127 28.859573144536878
1.0 0.4950113517947379 -0.3366170578141429 0.5560705985495757 45.159344273591024 9.279111205098744 2.2843001822026716
1.0 -0.07836209460871137 0.19511631687841716 -0.8969340840585197 2.991679335065393 -88.55205963239624 25.54444860917973
1.0 0.09992626673058387 -0.6175322199722469 0.4046874596949845 -25.11141203476481 -6.830075100022395 0.33785423199364295
1.0 0.0877816603162357 -0.1698132904880085 -0.8970345446844646 -28.049060271962265 -31.198168981636865 4.866268251619618
1.0 0.06724288486883054 -0.16387784040755127 0.5595569855882601 -51.88974517158394 28.888534585782587 -16.640945864617393
1.0 -0.27406836596902057 -0.4906407235518366 -0.35759009805541814 -27.206259855216857 44.450667446451796 22.3492105366314
1.0 -0.06431068632088782 0.8083804186152328 0.2322273960623889 -9.794248003607882 0.15818454332417423 17.95888121428965
1.0 -0.24135721517867287 0.8130911475580783 -0.4350041819783882 0.7907561638397786 43.70514198441994 20.86748535798729
1.0 0.33450400505846994 -0.04995327284674861 0.4527068275508334 -4.476932049799482 -1.16301681685727 29.038788925360663
1.0 0.2364548292775411 -0.6752663802087053 0.41232504639001816 34.072902740118835 43.47148848272424 -32.2247399267584
1.0 -0.8572063237371046 -0.4065570917218647 -0.19201551544810413 -40.753409534347156 -4.590459850130324 7.572851713663689
1.0 0.3433408945250614 0.5768010987465813 -0.13799119674842564 30.61447102042114 -1.2277601504798987 -37.15611122605789
1.0 -0.37800724232385774 -0.07141246431429667 -0.741835264356241 -45.47900622736164 18.132319462799497 11.10225349369001
1.0 -0.04496808158201438 -0.11778594845657878 -0.1523556613615501 -2.815859020090771 -14.544635308366528 14.368108743070344
1.0 -0.7271169190297609 -0.2276412894880461 0.5399133173961329 -21.805975478293682 -12.613224141849265 11.11650459392875
1.0 0.8326206421538336 0.26346135360054035 -0.13570080831472078 -1.407905635527982 -8.76321696783679 -5.60372971422071
1.0 -0.5050353093810688 0.049826485604606896 0.6743138227786493 3.183235347940888 26.973696282978395 -2.300364145606811
1.0 -0.5731793417668627 0.43356792815520884 0.2926670310879293 -22.76939132723213 15.784379926578001 42.709228270132044
1.0 -0.20750646288603794 -0.13993756477772645 0.9065626261791433 -34.99727626190268 -28.125419970865863 -6.087663884531697
1.0 -0.7699380197759236 0.3535788353341623 -0.0684700374849532 18.9481238132584 5.003690873943489 -41.72077728548647
1.0 0.6203982080310068 -0.2767015527211893 0.06595145839932616 -16.913581054050194 58.1676002302714 8.297352079699467
1.0 -0.7545646079253954 0.5535861159477156 -0.11014098945894488 24.37821153126349 18.57133146405873 -9.91320641564844
1.0 0.6848602876233435 0.1276923891903404 0.02543898925858545 -23.159105957767707 -3.6113559496441585 26.093402460109886
1.0 -0.800163280486858 0.24173411768472564 -0.15135793528033326 -3.4837701172226483 -61.49136125751693 5.436165168501539
1.0 -0.02810499845528682 0.5023003309177155 0.6906466204520963 -28.703166845880446 -1.4308902759783237 -12.860005933241538
1.0 0.5525035651196095 -0.11686017089502622 -0.3220203267916876 -21.474041320796534 -27.534617451942488 -9.293043612756977
1.0 0.4636869748168395 -0.40614584044491 0.32900873669309566 -12.559162527051377 0.6568438684959624 64.60611660841334
1.0 0.564619155562186 0.5661115552718083 -0.5038608664796268 17.13212966482273 9.06735900405707 -8.08909093968196
1.0 -0.06207796941795788 -0.2138101474185388 0.9069533203952759 25.72750551985335 -27.000450821322907 -56.84526603506004
1.0 0.6719287199437048 -0.1837315266857374 -0.3147952126383808 -5.419776015702803 25.939533831662292 -7.97264054070391
1.0 0.33407004078582253 0.756536136766133 0.3218324079402897 -2.9736504037646343 -22.228607595357513 36.38554982981598
1.0 0.7440083751815388 0.24843628213754596 -0.0005728663258269665 13.086332073302215 16.308976181793888 10.283496319693837
1.0 0.7321472503745282 0.0624993191396196 0.1962604605356052 11.071178049197087 5.4044201102662255 4.214169159768763
1.0 -0.060374666764683255 0.7466615006062661 0.35091490655025165 -4.715188620041755 20.401852899669773 -7.342905121238593
1.0 0.19730892272221037 -0.2784423948885028 0.3831200387558385 -1.091702353887769 -2.9414348425930332 -22.410072419935968
1.0 0.736827193654625 -0.3063630944436894 0.5778909938780027 20.493202240928564 -24.456726974580555 37.01556288552727
1.0 -0.5924697438474874 0.13776849679902325 -0.31785813555288583 -19.500041632281455 -30.484050198566443 -40.01928252012729
1.0 0.09557434816662033 0.06520152065109308 0.8725679836666176 69.14367371377207 -27.698636164793964 45.591584041020425
1.0 -0.32648537531333593 0.5950078098346492 0.37775898610088776 77.96362517077509 52.651254264217656 30.512525214260357
1.0 -0.2602057968314115 -0.19875469340698024 0.432770267117396 10.253687455710239 65.0835228125283 17.349948992026068
1.0 -0.8291830088828573 0.04680430485430052 -0.17942771477030559 -52.41496620112442 -8.848412417699832 -24.667773397277493
1.0 -0.3152821086045202 -0.8673212422492261 -0.32874580516616025 13.00201125307552 13.045246760927494 22.83206565113727
1.0 0.22927126746467857 0.3849492629952536 0.28684029623213253 41.74721002046781 -14.533338863817727 -47.519676673244255
1.0 -0.18789326471008563 -0.5929786108387922 -0.19808969676814706 10.004048245804558 1.6078293558807293 36.16589222987822
1.0 0.19415899154922256 -0.23542231102360148 0.8697436779006237 33.20156744330476 -44.08272732869047 9.830266403204234
1.0 0.739756226245563 0.2683477418265354 0.2900430425297143 -28.59637131788346 13.09652319946576 -13.766696782357375
1.0 -0.6470180504097219 0.43599694649701837 0.18923321510660018 13.21559374976814 12.873779461565974 6.898220642452162
1.0 0.22031475898845826 -0.19255778321884903 -0.5155240248956714 41.18013920545664 55.99616493789548 -74.93389703959586
1.0 0.06425134064383715 -0.6836466859044336 -0.01813729368718817 6.005155872227238 18.605929057334077 21.311267284572953
1.0 0.49527363666379903 0.14066099125581866 0.7291355579295065 -7.030700850950236 29.35105618628594 14.34291842579156
1.0 -0.35171498321736894 -0.6881688101046541 0.5189779767765146 29.016379832530877 -23.164526098888935 51.51158446754176
1.0 -0.22339849747264823 0.4390118624932673 0.47850859390579153 -37.275851031072214 2.954472806372945 -55.14493455368462
1.0 0.5914943211115103 -0.6836369890674977 -0.032929987050531524 -20.601782469255284 -32.953133483053776 -24.281837174867267
1.0 -0.20649325523231896 -0.6034325133412886 0.6579666563553089 74.28178047946692 18.072631538530523 -12.110585512819048
1.0 -0.14757187176183853 -0.46016684976873334 -0.8330297731348497 19.127145036392687 8.813427259694048 -14.178922918899193
1.0 -0.04742736483770403 0.8242195374996495 0.3245497780320661 -26.661300942308717 -0.11145252328784777 -12.971549862110992
1.0 0.137717286882262 0.21374193317177903 0.8243775393492189 -0.37031953438903575 74.3705796741541 5.356074881534718
1.0 -0.12530997644413863 0.17862622934211597 -0.14278821576099487 7.484858632338509 -14.51101986569963 30.408858750371678
1.0 -0.5397845843458036 -0.3792354837340496 0.025867914377511517 -36.20720035391902 -2.303017169382866 2.698457140219586
1.0 0.12812444833977266 -0.21543888396132932 0.31795599865134583 18.489089182054943 52.80545614250709 -29.82777223975145
1.0 0.522830005367329 -0.2784895831714411 0.5460203940226267 43.6274753841196 4.288637107725887 -45.13961903073004
1.0 -0.1711521665175795 -0.4487543725406857 -0.4112456860320798 -22.181291742138832 -62.25203288116569 54.58310218295975
1.0 0.13229810737538947 -0.39465934993294843 0.5754074696171612 -60.708655700192864 -33.694965422158944 -18.118170692076383
1.0 -0.4746242808446775 -0.013324589966152305 0.44287545794124683 21.930905160803057 -8.642320287210119 -32.58996138681382
1.0 0.202189871162288 -0.6916476131825567 -0.21050222053413528 -5.291242213392772 63.1909356453905 4.307620211509499
1.0 -0.6640892042182148 0.06589020005927194 0.7022025322931783 -13.613915469259043 -28.039238279381024 -7.855611829084135
1.0 0.43794926023537767 0.11139208437815727 -0.2313302057177079 -14.457697401932572 36.52350730295334 -3.737945000989812
1.0 0.5835893264474882 -0.11216874502595968 0.03403886059116232 -11.240932048453166 -18.740145917063504 14.970582248274043
1.0 -0.09847658821201222 -0.42261136665617655 -0.40021132877348203 6.367025943186265 14.010340711354607 3.372859191458431
1.0 0.4684757296363437 -0.3178600125212606 -0.6385274540500269 0.7974929706897446 -21.36453570586658 -4.109898776182077
1.0 0.2034224062164742 0.1219791269492002 -0.6250866900942068 32.52063002652078 25.653050635620076 33.176939190051506
1.0 0.5280488513784518 -0.09378154647655519 -0.34144824124767964 32.05008232621988 -18.634562180188333 -13.85592977381808
1.0 -0.43339478888321936 -0.5331600968287452 -0.11241141684210693 -18.678847387863268 -5.865905829009129 -2.8261431425577452
1.0 0.25302442479882586 -0.4080897751303746 -0.23525303307266598 -51.65969719273639 27.728284762485522 -30.51578858034578
1.0 0.47135318812897065 0.43749589743526235 -0.13146662643369159 -34.53086330184573 25.23428613958877 37.79524104596591
1.0 -0.9056078884085782 -0.2034915375205872 0.3421030241007942 3.62885309331233 0.09779973735360321 -22.780637520797974
1.0 0.09994563748081078 0.4856673902390517 -0.6547742536260757 -22.90287740675557 -18.164208009137454 0.8853234076321946
1.0 -0.32249400818938534 0.28635221544682404 0.9015933170904094 3.901023062767791 -8.506956674896998 27.01656356569753
1.0 -0.5142173593601038 -0.7210453598648886 -0.07796141797725072 36.08081034677072 -2.8104235396544173 -0.6826192294639681
1.0 -0.05410568571338406 0.4611426222682983 -0.1732057584845945 1.2993744052384315 -40.418073774427945 -6.0680904824215975
1.0 0.4487975952549668 0.49662613734610567 0.06266239162163242 13.242515101172502 18.67838402932092 0.9455214484214974
1.0 0.29797880878015903 -0.38265373552056564 0.430399806362815 9.567622553653031 -22.05632311162898 67.54097438005263
1.0 -0.671990669661395 0.08626112976941826 -0.6226344097445979 1.4542070894664654 -26.653491765764436 62.43244383562995
1.0 0.4172326559571124 0.45429270607933614 -0.10099108281610865 -26.499410909620227 -15.986972698171757 25.47461259640791
1.0 0.34320844455949007 0.30288232881087973 0.8761033976650155 -16.344414969138892 43.28938451530569 -28.920504926019795
1.0 -0.5511173047381761 0.7952015974155133 0.04114937123897549 17.536583851413575 -31.200111501108708 18.34647606383229
1.0 -0.4383426871729678 -0.6167704780746424 -0.19040339230585965 54.72999960385653 33.51318586761102 -21.3726504284829
1.0 0.38085691577427455 -0.050095719154508805 -0.372940234185958 4.515934403413464 9.343302852122704 35.38985711048455
1.0 -0.4492501876065231 -0.2874689923051299 0.7081107445144568 24.179681622991477 -24.515644076067424 23.23937798836936
1.0 -0.2789890898966825 -0.41475795424163836 -0.7984824651082285 20.37642215742904 20.991694205327008 -12.601905088424084
1.0 0.08175952172370575 0.4230559924350027 0.260049490470917 9.540893875173683 3.6660366298442484 37.512309959535365
1.0 0.3127113817207462 -0.3785306667013919 -0.3867538721888835 -4.407325473908706 -55.6479831794847 -42.393508908928986
1.0 -0.04020171586023976 -0.018720345719327777 -0.434124915325028 9.637577632467446 33.180459992135624 -8.651967763210667
1.0 0.05262467521815507 0.6065332202813393 0.28227295993804313 55.13339109291278 36.188159174839406 50.51470943514819
1.0 0.1856111707979153 -0.2545329672675235 -0.22245712858343514 14.386162467104283 -22.266189548958444 34.11671165059329
1.0 0.04104975120122332 0.8011407430623707 0.1532285912578841 27.094253003322944 -10.808562697591807 -76.39787300669397
1.0 -0.552672458632411 -0.3881532547706511 -0.5885633607214387 -54.050191962444096 11.803693794406065 -5.377322143876695
1.0 0.5635623087892171 -0.219696356324297 0.29283088294828535 -25.369340333228767 9.707350753594895 18.966013936826048
1.0 -0.4228174352420191 0.6124841440612772 -0.3459024489193115 10.716842949399293 39.79002873141798 32.841892781741244
1.0 -0.16966962731438337 -0.47244630271783716 0.010157351656027448 -12.913120325211517 -7.580188568267304 31.32899348124557
1.0 0.6791603669381394 -0.4872439653466385 0.2592783269973017 16.767261447984392 -17.526493890911816 -43.112828097616415
1.0 0.2113192560889061 0.7628200460935731 -0.053736771408598366 -19.97046913162249 -20.113243351855278 58.50566430127375
1.0 -0.8874089855611538 0.16648549303346333 0.24172423283898423 54.98300417174505 -15.309411561296978 -1.6346572539031268
1.0 0.5939808164473976 0.11808838226649138 -0.15647305649051027 15.825916117397949 -24.27944644454195 -37.00957174236812
1.0 0.9504046700360784 0.2773005324875297 0.014443822641409696 -44.04523631514006 -24.976755576253165 -21.851758696621157
1.0 -0.04957031996648388 -0.2457071127953814 0.7915100979008873 -25.635022126485257 -27.350599455568233 -33.71209603713321
1.0 0.26351885186365 0.38486066162595334 0.0107197884446188 25.059938931887384 76.54552055639496 35.29423688892788
1.0 -0.0890207019518962 0.08711708453755423 -0.3933041719753013 54.41755013970215 -7.3904281989597935 -21.323754166649568
1.0 0.8754673317713962 -0.3644527170723445 -0.28858591326446537 -6.450059070102294 -5.536903350642936 -61.638209917876516
1.0 0.07338892368391119 -0.22576142782086492 0.6087086768055079 -7.970236926686118 -18.771777271986764 34.462607270823625
1.0 -0.08380585093925223 0.12341808869662972 0.7886317290634168 6.94324845062661 -13.687130816300748 -30.893753370782022
1.0 0.10161515644182585 -0.18594585204570685 0.8486010628062198 40.30814786673932 -22.048427699980532 61.70018002222622
1.0 0.00777817466094479 0.17289889830240848 0.24682871999375278 21.05074804211204 -30.5758357373381 23.630321796230792
1.0 0.4152226510947574 -0.3071097493207402 -0.5987209594615176 -7.677467889785953 -41.76638993742597 -118.45143254892002
1.0 0.4067978169561532 0.7411154253811421 0.510600875990545 34.16071883076141 8.270263455966589 20.441945722338012
1.0 -0.2527494254847476 0.031976353534770276 0.013838184560669755 -3.28961746824493 62.25014984356517 -37.24337871346623
1.0 -0.12230274516826756 0.6818877316197606 0.05988623844580372 7.961948855533483 -33.02705920578646 -31.473482168194703
1.0 0.45138631891057424 -0.7173996202755201 0.044285843920375816 -59.18972031557649 -7.349315175378697 46.52880909514425
1.0 -0.41662719404035164 0.26314171300680556 -0.27834516843618023 14.485965992121344 31.99741821422192 2.489015528746183
1.0 0.27228532974008857 -0.5509997787382018 0.018268075834062935 4.6187312735662855 7.675594292103885 36.91088737368193
1.0 -0.11886756877007237 -0.25282684618460693 0.12477247408387689 -4.084823714689724 44.94838962595648 -3.8951025117146187
1.0 0.5468209228733146 -0.1480746090989598 0.2838976581266665 -12.075835738046983 -45.13577958593922 -6.674549461788073
1.0 -0.1939862990318506 0.34406589157593953 0.6941581270455657 -71.93792204060401 -13.174047503739999 23.830515303192527
1.0 0.737932009077064 0.23039377955496235 0.3473246643924384 33.770590644921526 10.189431661709124 -89.92514930119
1.0 0.0921272078494725 -0.2644978135844383 -0.7701346943089403 -25.042805237741845 -6.0882800548332385 0.32424190084093313
1.0 -0.05955792729140762 -0.33349833644246824 0.15395832092775444 -32.30015365239993 -16.70138304735344 1.4969606328234433
1.0 0.4656197014087004 0.4939218027215671 0.6274602803158564 -14.991102919447695 12.431759729398175 56.868311471884425
1.0 -0.2721892105901935 0.08569750509344629 0.40829649780922167 32.90940806799409 -44.6908196226479 13.68225845444208
1.0 -0.12647538938002167 0.10845052268138053 -0.1993172549142719 26.39145360054765 -27.85949580514701 23.117153552503495
1.0 0.03685718307182511 -0.1937362546407642 0.02070126818153079 4.811665640082975 -7.779968297073054 -15.96597011493125
1.0 -0.464704642866749 0.010465714525395674 -0.3800285714937193 -26.853139511809253 -12.415122408626672 25.79907252566438
1.0 0.4576462581883004 -0.4152024728691635 0.2737519276572104 -23.228480243556 52.67783498024663 2.9137939817811715
1.0 -0.27081026725820084 -0.33276432983639964 0.05427315117184141 -21.198808247692135 -11.819057198347943 -57.40021289453508
1.0 -0.1692628711192084 -0.9355102547422957 -0.04883636898656399 -14.360344968468869 -44.74105744351877 -24.039653153800398
1.0 -0.7014209763816815 -0.059923429589096106 -0.5555448082813973 32.17795139699571 7.618576931442646 19.788251318194135
1.0 0.5908879377974257 0.2865130254388608 0.24911371998014178 -10.951922995438915 44.52032535094437 23.593372332487018
1.0 0.29192326659608103 0.132788311588295 -0.09539765941020388 -2.675431042147697 0.3230586649383087 14.985866023069129
1.0 -0.37578169460471006 -0.7773229616700655 -0.14418519077426645 33.98925391735247 24.44510362380907 -64.19178623518388
1.0 -0.20625891398052768 -0.017783787141743085 0.3520456915392079 20.17883974715559 26.60201847519588 2.825560796843398
1.0 0.39530115787571324 -0.18016028433582415 -0.3414220595444005 47.191185500920575 -17.917649546318025 -2.566351306016093
1.0 0.5300543284522816 0.6257103732424207 0.5150483014894386 -17.190126169913903 8.537166431066048 11.542557830276362
1.0 0.05642819244365577 0.3185708124845866 0.8274608665064441 -8.004086448123429 -14.037357216206308 15.854332922354136
1.0 -0.4077609671638818 0.8060412262665769 0.18280082804833714 -47.327089823624995 61.303793361592625 -14.115461619755443
1.0 0.40461772100674015 0.5550898737880307 -0.5266090006537306 -15.813800047032727 2.1890065337257507 -21.006300665173615
1.0 -0.1380210702167243 -0.847035688503702 0.3984149250356551 -38.914387207763774 -3.62272304582984 33.93228082152165
1.0 -0.23329029389594438 0.6278318569117162 -0.4716435611168801 -13.271652872370428 -27.36431329523162 27.522153605045037
1.0 0.35287697513119554 0.4544016664784909 -0.05999806380526325 -27.38843529278007 14.312715055144274 19.75466973143978
1.0 -0.07914244665482666 0.13714869361622367 0.05518690172797402 -52.344062066913764 -56.4811867303468 -3.5861511806294937
1.0 -0.4994203548117891 -0.3169876375104107 -0.32010950664636567 13.114523790613848 -29.766426606342137 3.6144080899327578
1.0 -0.05435010963225558 -0.6088256940282415 -0.46257173779447724 -73.66809366989354 -33.92335938591984 -4.1916510850211
1.0 0.5441627130305117 -0.33571130546793937 0.7220784902683464 -23.470198718528973 15.130482563747966 7.18823251399343
1.0 0.27547180250655257 -0.66714189735092 0.48357718705740427 -8.48851682864678 -15.738271637467697 -27.556012690125918
1.0 0.439916643876304 0.1274333530047252 0.7327128629230429 78.69138038631861 0.991939834009294 -42.113371939155456
1.0 0.7826757658601038 0.4038133630083028 -0.11226077271520515 -29.25755298151773 -4.799602276549132 -52.653441987530265
1.0 0.9423953246293698 0.21268910634320545 -0.020614537624256767 78.9246276265866 -14.112356724234461 43.13570624794425
1.0 -0.0015942626064608999 -0.016965496738769438 0.7422941935597092 0.27409906793125205 -47.22747916806399 43.094634057428514
1.0 -0.4379538540990744 -0.25049281389693345 0.5060432811959596 -7.522383443671233 -86.24849323254499 10.923571959987845
1.0 0.3369278066518697 -0.3771444739401231 0.08320395264292103 -34.07114250753064 -5.9061387628074 -9.692395454499279
1.0 -0.22270841033787417 -0.4490814811095354 -0.8322611678146264 19.57542648595092 20.457657140066132 13.111822146338195
1.0 0.26266757348656805 -0.5487661829173126 0.3506541996635851 22.01713373639581 -8.21995033108647 -3.166471228407886
1.0 0.1596301248408576 -0.9362356708619521 0.08088145194640882 -27.026144619456957 26.673425383976024 28.386701338840442
1.0 0.4949612524273442 0.35240377340413725 0.5312982615832867 42.20192092525329 19.425741228977554 20.7547689842802
1.0 -0.325805557729916 0.7500254403125517 -0.35256488337519515 36.48838666822143 -53.556252325853116 0.3882704056948583
1.0 0.18412780053299252 -0.7953547426670033 -0.24220663459316333 -60.42891354167066 0.05997342692827525 -46.28031949408859
1.0 0.3007746138094985 -0.10465922715233125 -0.216919267792798 -12.334776434073751 0.4126493825492125 10.276932826032112
1.0 -0.25019152498583236 0.6404212861386059 -0.38390131040609965 43.406323413168025 20.71279536650186 36.6332064890603
1.0 -0.5334797596796411 -0.08576802992846812 0.26142479150106623 -47.740484719211054 1.751856377993259 13.145009429624933
1.0 -0.32389689511378444 -0.721131459304941 0.4578345046268539 -1.321054634032343 46.37712835079273 45.3002705962487
1.0 -0.153139923622645 0.22974484518968633 -0.2429112454903292 3.1978429030892848 -27.90349742938991 30.243374039079345
1.0 0.8081927304469713 0.3062318610313239 0.43719051426181843 12.445931839727942 -11.624313744409159 28.295429919315872
1.0 -0.3349405265681007 0.11317629160261741 0.8042830717695992 14.007992238799051 32.992295326438864 -33.99632078134754
1.0 0.5625901201076828 -0.46041516381947434 0.2817296097583243 13.149802622534683 -47.83690014651731 -44.398054489331166
1.0 -0.17740736476851593 0.18906792518792895 0.38431806374924915 -11.914024024163815 2.6569756053265263 2.73911838243486
1.0 -0.03582163663370276 0.5840124960193969 0.15134459686050908 -34.481134440727146 -35.96694115414119 20.06361007698482
1.0 -0.35818554707779815 0.2692894941479222 -0.5979952893113737 39.798233861638955 16.122492191581514 -38.25222232648913
1.0 0.38048410861129167 0.31199059470923984 -0.2822091979264817 9.60461772380595 27.02530865638567 38.40665251006687
1.0 -0.5605506159599404 0.17689057999008317 0.43431667854010886 33.815268836022376 -57.55598143829378 33.159592834292646
1.0 -0.3459897053726833 0.5157098804937097 0.0747238890491084 -0.4858854106390217 -38.51529427415184 30.621915852241553
1.0 0.4426517932493662 -0.5646519031747746 0.5518442909354421 -17.38477384967139 21.434305834747196 -18.853323136102517
1.0 -0.5074470147608047 0.6422613087143446 0.0028220544117436627 1.5312270757897557 -48.53128229546489 -0.36660994470596825
1.0 -0.39511248416378625 -0.4692542995961713 0.1586224751281716 30.78558552294575 45.33284574962523 -61.72281864073037
1.0 -0.11331540758718307 -0.46507582893986577 -0.8236911775175836 37.33723310504703 -10.14722592284249 -8.090225505396882
1.0 0.25032750615423394 0.5383854279857785 -0.649783540661962 -49.689598224064696 26.369036031204896 -29.597436618066986
1.0 -0.45497821456213466 -0.5931132451551302 -0.10845073974709515 15.731992757227035 -8.372066884720308 23.521869760998687
1.0 -0.3741565203501683 0.12244246815637273 0.5632364718383684 14.355271457088037 49.91927594269613 -49.77419170329519
1.0 0.6698447445020155 -0.16081812461523667 -0.683291680793767 66.0675249359625 -10.706225647367916 -53.72155242033332
1.0 0.6109990991980265 0.14014215908400798 0.7408059590898799 39.94175453736116 13.509236718131579 15.983791292390265
1.0 -0.38828501447073477 -0.5853715740018927 0.4718416409796423 -5.82202837167668 2.7110976181722317 -5.260312518830831
1.0 -0.773913572282208 0.4078213171294627 -0.04666521076173775 0.8761712116301511 -5.524699641147963 -3.2662691291015893
1.0 0.24862727480431268 -0.3987636878881923 -0.11381119673763891 -12.482851263656173 -30.120117846167624 -37.83121341239913
1.0 0.1608742122628412 0.4924058986558083 0.6832625509612672 -34.22822769134654 -4.219716416765504 19.88046278749408
1.0 -0.904308049583866 0.3182098397773498 -0.223729452068831 1.1695220176060113 -24.808671745819588 16.078187451811107
1.0 -0.12611929282172218 0.33998163985116847 -0.4382850250097655 8.839787936748738 -9.086462649717086 -27.393166757315747
1.0 -0.0723755683149183 0.8580203995746402 -0.38057500475919565 44.46612159507805 -60.57012834032881 5.808508340334547
1.0 0.4388180391742326 -0.6766054963717554 0.5867531247403108 -33.18127103018385 -95.05171084229815 27.5598748223065
1.0 0.7650120250954906 -0.3643803882634773 0.25872578251051903 39.70728045924641 -5.548006372924143 -0.45789270245307456
1.0 0.26639637801127836 0.8503215840147802 -0.22121617539036276 16.360387479156394 -16.311331703019018 -1.3129766509526848
1.0 -0.16157713155001008 -0.19991141350935196 -0.5208622113591216 -6.990351181041389 -89.5372477023819 -38.91898441643556
1.0 0.44732048726875256 -0.03208200816505602 -0.7000996558170298 -23.34414180889751 49.43239761870674 -47.187648109156584
1.0 -0.2060590196851859 0.2530301005985136 -0.24437703729893925 16.84652500631477 -23.53979193743331 0.14464982662087372
1.0 -0.020058228854825097 -0.9091275243033611 0.016115907875878206 16.191079584627385 10.713977265838725 15.884660019734882
1.0 -0.15509570574440582 -0.2741513813310415 0.38539245406370937 24.831051510713067 -40.37152392951677 -59.06338876570448
1.0 0.8400533560655022 0.38966038577583884 0.3509105429262543 18.48438703702887 -31.36219874858653 15.517107360459061
1.0 0.7266851233266112 -0.10776527805176055 0.3434015268677547 54.59130874278077 13.322278265908368 -5.50776379803116
1.0 -0.6544598542819775 -0.05581070404753896 0.6920478274944096 -34.751458763297116 4.685418378736767 20.685094516711455
1.0 -0.4741936342568404 -0.6304474548152504 0.012411703041739844 19.038824557044272 17.719301591959972 17.8367797013953
1.0 -0.12359492545132962 -0.2820020639033069 0.8735305732339351 59.23796788843253 12.896780303567711 -20.139541066678923
1.0 -0.7945049806381004 0.004426876111309859 0.5919347861372056 3.3412830335626773 17.031660594730955 -62.4037566717567
1.0 -0.1996848102298494 0.3421453888333346 -0.45476244581812814 -7.364162376441756 3.6186746031134196 31.19540134669135
1.0 0.0455426758071835 -0.5214050507447904 0.7819501801261965 12.9985274046229 -5.342306053031728 82.88317471707107
1.0 -0.7821257208810752 0.08126292923250875 -0.030573210982023643 1.1808003479908247 -7.98722103980746 -29.899471303040766
1.0 0.9400542281889027 -0.2586952488005602 -0.14803042667707872 0.023712625034541412 13.912151902429102 -0.1892105289557986
1.0 0.7987372412139498 -0.23882960307462978 -0.30433911257916113 -26.709106540213146 10.64378015995304 -31.816926541161152
1.0 -0.046559953033296506 0.09608045022760198 0.06954274036228676 51.1293655348823 19.582787824659828 65.37791453669858
1.0 0.15168942252958234 -0.6279807572452553 -0.3223659798267684 38.26269238991234 4.045141676311035 32.42782527112979
1.0 -0.0032319875409183275 0.15087410599515438 -0.5010121180056846 64.7449394118389 0.21114878273061818 0.5842671956161196
1.0 0.15834811417121764 0.5651534237750615 -0.6140694196387578 29.66304914610004 -42.42199193039703 -46.51410183419379
1.0 -0.4373613108066242 0.2122585398584429 0.32059612080366134 -29.075905901011957 -6.9952061076979914 -1.0036476127516585
1.0 -0.08286219257438593 0.9044957280101495 -0.2594172504875536 0.27068791760978556 -11.264500105386091 -31.350072407100452
1.0 -0.6496318430031497 0.19224503470792426 0.2429745260989299 2.4870923522625503 -14.449270925827268 -24.973426666912278
1.0 -0.08760958607475623 -0.24829905367326957 0.4123123097414439 -25.30885001431139 2.492424332298394 -26.561135378583288
1.0 -0.10795155422427974 0.5174592699514592 0.05656024642132011 -5.445404942847776 14.192668020087819 -16.620959696366192
1.0 -0.42203916541650294 0.5183619539691234 -0.3561154117688733 39.76363978772174 -39.39789803343334 -23.168691127146413
1.0 0.7061693383140615 -0.13537352435889263 -0.39234111382101944 -0.03953056834913999 -25.305155009462347 -14.40657992705039
1.0 -0.13842423274735713 -0.12426238184516625 -0.32353270669354517 -15.845857416532606 -45.335740425778766 -4.178522954564561
1.0 0.12721400567676208 -0.03421058331228346 0.13716829594321825 -34.051288294691616 -27.986684924369545 -31.496198788078285
1.0 0.13688270668004518 -0.19734175356362288 -0.5828115792019954 -33.95185642003065 5.231569389398473 77.21971980344637
1.0 0.09432777914581492 -0.9328545899358662 -0.049907257603772015 18.06636207609146 -4.681772715378484 -35.40953356198724
1.0 0.5787271488200907 -0.0416664872048468 0.037859829771275035 61.26889519554157 -47.899095182071996 30.55498308270342
1.0 0.9531559378894077 -0.15003662121135455 0.042538296552424686 -14.161970917364563 9.325088211565719 2.8989611557609933
1.0 0.10472925481409703 -0.7137166329823298 0.1254487274938309 -17.486151616855146 59.343219960124785 -48.71876972738398
1.0 0.8145605819727604 -0.38870488639522843 -0.39618956810670264 -19.537532806659545 -19.818307188635956 -43.68280396404032
1.0 -0.5184071441470346 -0.4991061850291663 0.4297084162285169 1.7603193257823953 -2.4230797322747057 -33.86194014609481
1.0 0.711008341506861 -0.014924641893632708 0.4108365088738955 28.758768097162186 -5.651891983394702 13.251243560845166
1.0 0.22228848630544887 -0.39272668822287154 0.7420877043116549 23.542954415999073 42.752602242851765 57.60320194824821
1.0 -0.20959952819957203 -0.2155183106875025 0.8411811914653827 67.087351873136 -28.80577707440354 5.203113762517512
1.0 -0.3695840229832612 0.17996348026859058 0.09766645066281729 7.798238131254652 -78.10753836930101 18.40401141225528
1.0 0.2834732194468197 0.5898234983065981 0.12974471779331395 -53.951688974835925 38.663404429335436 4.778903075868742
1.0 -0.1098660399435128 -0.09262220381328713 0.8569531206439918 -32.41101453206929 -15.53043071176355 13.968973098655436
1.0 -0.04104723434247035 0.3195013598991465 -0.6317068131541342 5.5491441864710565 8.769862263801999 -38.628873346764124
1.0 -0.587738786792789 -0.41075517141836354 0.1463309945028519 -92.90293338233161 -22.63966035330949 -35.194866576616164
1.0 0.07134283037651874 0.8444599144283966 -0.5127203898478156 4.62437088108581 40.271752127278475 34.5474910501039
1.0 0.31872058720883784 -0.42837996076920454 0.47329565739301943 25.47810790558816 28.58781317613325 1.8495276516916588
1.0 -0.16411202852724777 -0.15046991262421172 0.016917289674780688 -7.802153008256012 2.9195041592667854 5.702627175235375
1.0 0.7665678214618366 -0.40870563637983826 -0.32189778215388565 -12.000949853480861 -31.044393553627987 23.635532339243905
1.0 -0.8655582228983469 0.22773828104588842 -0.11460664727670201 29.33566220307161 7.347741239586574 31.70205255362472
1.0 -0.3119373713619694 -0.03311001781445365 -0.4638504557281738 -15.812657863561336 0.9659652932894427 18.580385439373547
1.0 -0.6190508735622232 -0.6583213435635809 -0.42406707940072563 -1.2884899492304396 -4.59628801213729 -34.336492826049096
1.0 0.025226444184453807 0.5868093830650123 0.34327250264746256 -8.014358812065618 2.111064243779815 -23.667042245781296
1.0 -0.46383354679187 -0.5916541413962962 -0.5232213244467121 20.446735203631768 12.617016473300788 -11.262911281853594
1.0 0.6506146112424883 0.06023600780919882 -0.6285287875362292 -49.33933070291379 -5.52092530527614 -18.039025016764988
1.0 -0.5940380685496761 -0.4566672171864627 -0.2248842623070088 3.759882308232042 4.746889429474664 80.30755946302034
1.0 -0.7135443822193204 0.5122346610045735 0.3902284618587429 -7.669426722059325 -57.144074894820555 44.3210232532485
1.0 -0.010184277997923031 0.926506760716786 0.0908613415718155 -39.96966472014496 -21.904125264973676 -32.77545777111366
1.0 0.35636516837485094 0.30968798157424027 -0.8316594378215177 24.091112754261776 -15.947591777743206 41.204461628489405
1.0 0.2464331171562704 0.6042376336325495 0.42875390044774303 43.30440345910971 20.753118158745334 -39.84919880125473
1.0 0.4584120446368257 -0.14645344992259748 -0.28212174866279377 24.268257589842264 -64.03424348845208 15.511326152512353
1.0 -0.16014756224380333 0.41473666424767147 0.2436623743812457 -24.17456440743742 32.51378050300947 16.344310117129993
1.0 -0.6877480064567296 -0.5953821780071911 0.31055630004219414 -53.23136919665271 -50.061705561436554 -37.105880366104294
1.0 0.07818384494841751 -0.8556212787858734 0.16665739946734487 -4.413560322413167 -40.82501590631033 -37.95199832696565
1.0 0.122960197958054 -0.16990634138398497 -0.9591491902779051 37.97457899193131 -0.4709949267593653 49.31397078011993
1.0 0.9669314757037161 0.17880541120848514 -0.09974631863802244 4.624589772929695 23.569728479970866 -20.81718807453478
1.0 -0.242183801197854 0.8940936706626739 -0.05617622219977299 -8.752024437205806 61.85316462730677 -13.91542753131307
1.0 0.6119667415745583 0.5263948729488106 0.01702827751469076 -34.02442160422243 -49.95673630871438 -8.735543478815867
1.0 0.751923020050347 -0.3887302860106094 0.08135590255360908 -10.377330051905433 45.84144592573603 22.689361032481017
1.0 0.8615332894828707 -0.23036534078742632 -0.20268112899913085 51.807211239015594 -73.0051381762187 -77.68065340960791
1.0 0.773111362227922 0.37267088045596714 -0.26752735654592436 5.933047555457101 35.43218266615856 17.864174310349163
1.0 0.17510462499101778 -0.3588053327631207 0.5040000176195734 -22.383374178277347 39.940517593419294 -53.117195935197145
1.0 -0.1902246796677664 0.016674925658852636 0.33344733312803665 58.38666053132784 -7.311469487329341 11.11253411368969
1.0 -0.6265802303748601 0.3953151675783487 0.3032425823426349 -5.754241745540566 -32.48607110080397 36.4174571219687
1.0 0.2703841386127896 0.6378521596648599 0.6274895529285286 46.83476812453649 12.992157538591513 -59.71949194772971
1.0 -0.342486503651107 0.14046170168742095 0.7867968637147277 12.772177515439774 -30.79598488740274 -10.513024068411244
1.0 -0.04904822783112905 -0.1057828668372895 -0.024143502915418207 -7.387671835544391 -58.80860064868795 22.699477992330973
1.0 0.8025597600248096 -0.43054308798232505 -0.224055312808468 -17.19707494492442 26.182208262449038 101.83651567959602
1.0 -0.09136144785564411 0.783720805555511 -0.07263492610003956 30.400695731376754 53.473061010782025 -45.71510850664944
1.0 0.6690046944891745 -0.057211775200100574 -0.27137922437697704 -33.33374417331587 -38.399755876213135 -3.9473318626320184
1.0 0.43854060285033664 0.33832233083681545 -0.6336291500396789 43.48734432410584 -14.99376096065793 -15.830830670704547
1.0 0.2243148398997328 -0.03354370030551141 -0.5220316544757975 62.212729195460724 8.66185068466209 -11.949538416677383
1.0 -0.12633994736374998 -0.7179392131110721 -0.4892778093226268 -23.166202867966803 16.397596914212258 -47.45802528185831
1.0 -0.17546190187939598 -0.1979438985422511 -0.1624787057104266 -21.000944820872427 15.292096947834157 -20.355007165116504
1.0 0.45499616726345565 0.27422991056983903 -0.1926745218718811 -25.194228674868864 -26.68454551470125 37.84359096980097
1.0 0.40174603800315395 0.32060401044719117 0.7252900515049385 -32.141341343546976 61.22442257370175 38.45964550635614
1.0 -0.6671933731376319 0.18135416887766237 0.3092869291663882 -24.7660725747993 20.65602874332746 -8.848458850500954
1.0 0.7469540076791582 -0.356644006201485 0.38074560554903586 57.49887092657954 0.024167578716097614 10.143455968438037
1.0 -0.5929152427998211 0.41577868285663216 -0.19502836360543388 40.56392952192472 -31.094916441907415 36.67204987924373
1.0 0.36712371589809195 -0.27446703747637563 0.4485831937378138 17.56111987745928 -47.850118916199925 0.5969409747403732
1.0 0.6503626766559005 0.48238571487559423 0.49336171421770064 -36.54359822273395 10.266063870233479 -2.2721968567008766
1.0 -0.2651448475890598 0.8596769495122204 -0.3352224756602475 -1.9991507995604554 51.81999530331666 -51.9758105449863
1.0 -0.8329676818568175 -0.10285376429588551 -0.13566424316799605 -9.128999990812416 62.44744926662044 -57.00091531933763
1.0 -0.6124423788277811 -0.6403974674238285 -0.009134708983356743 15.47941350989731 -20.821502052099074 -3.306861814397762
1.0 0.5660585634955015 0.00817273723563325 -0.42034896542410893 8.948534817624703 -4.243308021300694 35.942716402828516
1.0 0.49498290983157595 0.6834232911348509 -0.03548601400869768 3.818433151879952 -20.404906779567153 33.0548016392536
1.0 -0.7436087524372266 0.46449333646711355 0.31358715066634557 -43.227565598077675 -13.792866760156908 23.872334668700557
1.0 0.14925833761744928 0.7521380215950098 0.2339440671595705 47.90405666052657 12.550270231355404 -19.446526381151152
1.0 -0.771363590057452 0.24304862570979638 0.16026873740722553 46.45967526048856 -15.846396317199575 -4.818373538495315
1.0 -0.680564184769245 0.09962530515955197 0.21540848368501792 5.2718680889783345 -50.36745701173923 106.92817282213299
1.0 0.49949035695858834 -0.21042436016061267 -0.760050719287263 -20.03209510235766 4.503913969664512 -52.729677972636644
1.0 0.39752965824304703 0.7007923806159362 0.07160109999999056 22.577576104668463 -22.576743695499033 -6.676455030976389
1.0 -0.36116597236830394 0.3728221757399987 -0.3002225749422798 -34.876883380735094 7.138052516343122 53.00962966585439
1.0 -0.5327052197841302 -0.05117514103187949 -0.06569329020410983 19.838902417099668 -100.91363895340986 9.12041303134251
1.0 0.11781475024234948 0.6017875912585754 0.6555719327878494 48.70854659288947 -4.142119217985911 -3.5985246697436706
1.0 0.418472045185887 -0.08734044129066135 -0.31979465037071547 13.366271315617253 -43.860701527073836 -33.28671925833481
1.0 -0.13205171907035204 0.7196955067440051 -0.3256216364242868 -47.53776151912163 0.20660612657742947 83.82632812078899
1.0 -0.16223647506894762 -0.609745339197892 0.7340907362943487 -15.482918049247992 16.571305638178867 -21.55988963690217
1.0 0.0814894266102304 -0.2421663383274645 -0.5889703952469116 54.918372797072394 -12.064310998554697 -8.267759533093871
1.0 -0.5269201614542564 0.25094674595995087 -0.43287778106174135 -7.895472321649525 54.981209953811494 11.370576432121197
1.0 -0.012311509670410484 0.318495467463793 -0.9302459501065273 -28.703161109115168 1.038541384738818 -13.572245383175675
1.0 0.6147632693466494 -0.23835720091514268 -0.6659450284583258 -20.13852813182348 21.774659311765205 38.6381687670203
1.0 -0.4982108503464979 0.30329781710652626 0.5254631210659122 28.947637776336734 14.206485913409681 -5.276854525565244
1.0 0.08824017358322864 0.19992215734288757 0.22252936751568425 3.411412316847326 -34.789235846402924 -30.194865467545252
1.0 -0.7099228887965283 -0.6186609555488327 -0.10782398415384528 -20.16392238400094 44.37571496886644 66.28711796879709
1.0 -0.19414845658600358 0.8604741239203345 0.2151229978133112 20.74142089799686 50.41402363043066 23.46641501969677
1.0 -0.6815598222512804 -0.2851718264029626 0.1667730514751042 -13.68063859450475 39.79945165087283 17.65413590758223
1.0 0.16465689078513512 -0.056574707116315605 0.11858457014262451 -0.3258074545313246 -25.063185770530314 41.28249807300831
1.0 -0.7657618689963701 -0.18288358323871182 -0.04209188396861542 97.65587526235954 -35.16653422832232 1.9243379778680574
1.0 -0.19084945227211045 -0.01610057095412002 -0.7763272450154647 -42.87230239091036 -30.41203060862965 -48.03915438114149
1.0 0.29841439545585313 -0.12658160382409425 -0.33678354426840107 -12.03983536206565 -4.1686318011339365 -39.67243486914796
1.0 0.22959564895924292 0.44830398231035407 0.5747532810104246 -29.978771158531917 -35.02991963997091 2.824421613127216
1.0 -0.16287392003006762 0.8141237694332402 -0.03678165682347922 10.044632949321812 47.822141028811174 -7.686646376235702
1.0 -0.5372880695273046 0.13200638200344056 0.3915069269404435 45.11043817543863 -18.201301575160485 12.134325466354225
1.0 0.3256851796769549 -0.3208963916722425 -0.7233268357486178 47.49158867343514 -11.289514764202526 -67.2143300093017
1.0 0.05904653715369537 0.4661176254690778 0.7273385142497171 -1.5536416675668046 22.864997311185338 -17.16768537947393
1.0 -0.6445809124233881 0.2750058310129286 0.029438951276955668 9.458481660082631 17.103663781410507 35.70743748503338
1.0 -0.5821640214777233 -0.6266672633194483 0.13300765905186923 21.35236476885048 -25.28874152403169 3.7988598070230424
1.0 0.5278698932930879 0.510309642195389 0.4465560540193848 -19.30652786688804 24.776459357072163 -25.69877134519095
1.0 -0.30714596654665643 -0.7749818640075675 -0.21522495918697207 17.56552455693885 9.58919881403303 17.948171587302078
1.0 -0.5468261695997338 -0.29321512839714936 -0.39490274420964455 10.393447599337602 7.514323112595996 13.254897400774539
1.0 -0.015350455976874485 0.8291598487563954 -0.0018054810336932267 25.041550243082632 7.814238087141622 48.30215427762636
1.0 -0.2900730351384719 0.3768931249913046 0.5641305072164389 -27.423284063435688 -17.998829926721655 32.14276144749502
1.0 -0.4958671251923586 -0.13307156184881377 -0.552877734778143 41.49313035630954 97.65675053392563 -41.9692366805738
1.0 0.17669791605974752 -0.6439300089465771 -0.03302543927676651 -6.372725304475824 -15.699044163244823 32.498877103482435
1.0 -0.9204420998464858 0.03609972109565671 -0.24027463743317481 22.98704349239109 -42.85330831787497 7.014452828758229
1.0 -0.17373050143296248 -0.6173408632940864 0.5410749529375073 0.5158900062897385 -4.318198888736737 -0.11100344571165123
1.0 -0.31981235359789095 -0.4827310998140273 0.12105175858389007 22.746548087097104 5.466576726022885 32.98161748940131
1.0 0.5297974123905266 0.16394448585983615 -0.7075427813304801 7.715238853549339 -8.229816685415196 31.638460299081714
1.0 -0.6713860173547652 -0.21854298942332592 0.10189292958161028 -47.208226742681305 6.914727191576035 6.530478684036439
1.0 -0.485986253731943 0.4732407851606388 -0.5810351866635 -10.774626793253558 -20.886984747763613 -8.950486231664156
1.0 0.13104650846253177 0.5680645068628961 -0.25480449503723795 28.53134605387255 -22.910472412472387 33.45903250007485
1.0 -0.11870719721411163 -0.3730669454654843 0.8420866944201393 5.907521027686164 11.827237061323935 -3.7922739084828803
1.0 -0.02090298299966511 -0.11691023685599855 -0.19725470264159106 34.49551312463449 100.74800815159068 40.786836878543326
1.0 -0.10630474790046951 0.7504305039515373 0.3839230387978151 23.413549358914004 -17.456307971919585 -20.177936597464836
1.0 -0.6932299046350795 -0.032489071518435005 -0.1347824476218049 19.039383113228965 -34.08814859140421 21.930128178049227
1.0 0.544211639236009 -0.5539360469577657 -0.22276758056156573 -9.501407624106484 -52.237103839528096 12.104226828720378
1.0 -0.7267050808733267 -0.040266139874925604 -0.024483830858281125 -30.33435285505271 8.026953836283615 9.823160724972755
1.0 -0.878410681838432 -0.38900068482070616 -0.2397825290453018 -9.965829338890458 -64.91960714525636 21.645959640265296
1.0 -0.571758554915009 0.5909268906918106 0.15991463905999354 6.264780246598119 9.978458297819529 27.55107076662505
1.0 0.2898638457723676 -0.0912981599617001 -0.8160588429576049 3.988516330954872 -31.451261691140306 21.99592422528525
1.0 -0.21269664531930219 -0.06448442600333348 0.22410333336324206 12.703012118859496 18.02558668409768 8.418988373608062
1.0 0.3712092092022469 -0.1158504627843354 -0.12352208439322829 -4.019735384677072 -10.721447950373888 37.99490304420165
1.0 -0.412380033014966 -0.13100988613317976 0.8249953995884156 -49.76460046725846 31.394549251134485 21.23839109236238
1.0 -0.664164143434915 -0.23693426757067998 -0.5697739504007114 -38.62428693150077 -25.40918706574801 -27.48080523174747
1.0 -0.06332433085350428 -0.8677869471946519 -0.15552397864922332 13.066265745719248 10.120458731649986 35.025602437489994
1.0 -0.5311944465206089 -0.24171054475059744 -0.5638858582770077 62.17819315838238 -7.150383112734773 -29.515054123318752
1.0 -0.7157520448739887 0.15799102237954873 0.12862613286744054 20.25511852120055 3.983397734386521 -19.961874477342235
1.0 -0.08763778216559799 0.9401542986233238 0.04175918788794271 24.259350488000777 -0.4959017489712767 -3.1420183751272743
1.0 0.4113427873649422 0.0994928550483959 -0.4126903352436168 49.20460304587951 -31.06958284230015 27.739417065032942
1.0 0.013432743178163769 -0.21813665506775945 0.5269731694418189 19.030751665545072 20.891028955019856 22.919354669925927
1.0 -0.13155358614670115 0.9681176252625451 -0.18716596873101116 -9.382976077410868 -13.253817074197167 -22.25664488134925
1.0 0.04990400701312813 -0.21303970343868275 0.0985921255754867 45.88478978346435 -41.16143829746783 117.60514467795873
1.0 -0.39571850984374723 0.007656779306904985 0.2305669471831159 19.203300203153237 36.586535743007985 -24.872711386014732
1.0 -0.15892270877106704 0.3391901051459384 -0.8883509318118893 59.48393527903448 34.36682891324548 19.506864391650936
1.0 -0.3045009596690871 0.25910100673561454 -0.06604669942551199 -12.850570874347989 12.044024357709928 47.9635252645919
1.0 -0.24467742885289157 -0.4487553251709241 0.6595632349586386 12.433715388430201 79.11344765078276 3.723550966030387
1.0 -0.5780451938703179 -0.39402301665924133 -0.7135274400356598 -21.5741097478594 -44.51636518737243 -8.642241848792256
1.0 -0.3991325236398063 0.6120092495679448 -0.5539893882808227 -40.1618160497537 -42.48812296773935 -3.281495584697542
1.0 0.08454291680926625 -0.5000823149678342 -0.8326647857931323 -31.2184057031006 -39.54171725371226 -19.70259092636033
1.0 0.3943891997513378 -0.6331919489145416 -0.3797361457198642 18.67872791270924 -15.875053452998152 -45.60928227106098
1.0 0.8414457644910136 0.15692514599626178 0.1801035355314318 -9.361291093640425 -23.273057689322012 -6.6719774111857655
1.0 0.21838458386835055 -0.513074123156759 0.17190577117459957 -63.75529591368299 -36.47885901504928 21.56973424170443
1.0 -0.012007681566147057 0.13749889972059331 -0.17816950510551188 28.00115865301612 -69.99509471420984 -18.499059680861034
1.0 0.21932433880218816 -0.3504227242966596 -0.37727362587134505 -46.59612732103969 -11.353646298020081 -9.02281144091624
1.0 -0.23761913731869627 -0.406179919841402 0.296614993910764 -41.59194319225418 8.554967891338862 -1.8318555095059779
1.0 0.019576755795388645 -0.9435399880092566 0.3062616081419212 24.856136073164244 8.5476393128631 15.123408287926559
1.0 0.015195802579242886 -0.967758999957461 -0.1155547894515459 13.214720085943647 -16.262568193577778 -13.752661682820214
1.0 -0.030812600137519765 -0.21588468822433074 0.8668985649208045 50.58200568789634 32.085748482948226 -1.4647128184205733
1.0 0.5234064715763282 -0.3885211171587378 0.41725621756209413 10.516557658881672 -11.793890853682774 -25.320265036498466
1.0 -0.07796992075651087 -0.43530519352593583 -0.25345568925464307 -24.792986545823506 -11.001645028237698 38.78145968217332
1.0 0.2076469393401749 0.0018539119195738571 -0.30561052547918754 52.37270245348186 -59.54596400641854 19.625169210897866
1.0 0.2897351073581902 0.6461842554925844 -0.611407216129538 -3.6032692851346897 -30.92507093683903 -9.421768819896183
1.0 -0.3583658029561735 -0.2851180932253739 -0.04878456717671912 -32.11424963283654 -16.520866134018178 16.51719331838743
1.0 -0.35157295727704185 0.5681243607658456 0.5222391033523357 -7.188013276130695 25.715409804597606 24.148888089787576
1.0 0.6444139149216837 0.37066218047868565 0.5443234492425876 -41.85208496822127 -30.804022833254407 40.77036592434608
1.0 0.46180516717025316 -0.6985546789896662 -0.48981354081411543 -21.69284921426416 -18.721910222904413 9.967656234685894
1.0 0.09150282010608038 -0.29260494250772723 0.37930318073780805 45.08348833079022 -8.283343172539157 31.38021966322011
1.0 0.02493760581016401 0.7386504044015451 -0.46424119357487886 -29.36337748435279 -56.089180784487965 -53.046195149487914
1.0 -0.341551936949679 0.8267899856224848 -0.06432118565069533 -63.173185691774165 -11.075625480366918 8.59410769792559
1.0 -0.17915376927861779 0.4212108790176923 -0.7960093793003244 -44.984160513220175 -34.39161868657865 -21.088205310514848
1.0 -0.3286547635537612 -0.06731470020812028 -0.5162157292570376 -9.21272513149226 -29.09349771442309 -32.66332749902795
1.0 0.032927895509631086 -0.30677620192757366 -0.027617174798312612 12.998522849566474 37.03018008349049 -27.13325744794267
1.0 0.2561125811720518 -0.8254977460999916 -0.3626688067354554 24.28988048379208 53.39743229277802 42.5960967937156
1.0 0.06320715473919575 0.3819447325791146 -0.34342739276435696 -9.063159750205248 20.385254187787275 -9.366947638158866
1.0 -0.29231826833889957 -0.5345438764084778 0.26330191823475035 -9.265020493076316 49.558974887964666 -7.540155511092142
1.0 -0.8947649430354614 0.0868939001153221 -0.1995836651008967 22.077071577628335 51.88169419379216 -6.8207514549842445
1.0 0.35155959948387483 -0.7524227493379069 0.26550298736335554 61.68305562294075 -7.4102893309709925 -5.681243028920386
1.0 -0.43918153331754584 0.2561112163449297 0.6335395440977077 46.6344010029079 -27.195270742599533 15.025920953305897
1.0 -0.659623440998659 0.42576332883091694 -0.5071116473153743 34.17398635650309 5.568396476349856 36.73209662609424
1.0 -0.6282481047546632 -0.38498366569739695 -0.2222192450458858 12.418882616469975 0.8857849757946278 -61.887635365401536
1.0 0.06184479463652905 0.38328801068322643 0.7647609552638981 -60.33816285754622 17.49521192591901 -46.29593682349706
1.0 -0.03575793949733365 0.5512120517333263 0.014360666753015 -21.768282702497217 6.172348229334906 -26.232389121560026
1.0 0.48317988665676986 0.5473332100099255 -0.1259920196136337 -62.66116779943284 -23.75767812562664 -54.45352727099988
1.0 -0.39162315818932647 -0.037490780581284244 -0.5188409233906403 36.480657898241226 8.633534828630408 -3.8129767890730095
1.0 0.8930572211635304 -0.009198289786604181 -0.4218845917798715 63.66959919063658 -8.207497398025481 -75.68322237604139
1.0 0.06854774710421739 0.04248076138107584 0.7702871279350838 2.2763517066858894 -13.098702123304678 49.173507577264814
1.0 0.8377232010841456 -0.005434452271046771 0.2786440092921539 36.56138274793145 22.925309083743326 -0.8510917849620308
1.0 0.44129415283699386 -0.6170923989611937 0.08726806738023116 -32.93704648826633 -31.539371836373277 5.953165061173895
1.0 -0.6054909806275162 0.6097983329797895 0.44253831829402057 -12.196125137107432 -1.647142091596068 59.266280955784254
1.0 0.4132352972366468 0.27801321611266044 0.16247384103940685 -19.613823756247466 1.5511274582089951 15.280913232133372
1.0 0.6129861164116398 -0.07265996634158432 0.6243324401114034 11.232549638863079 -51.89228960147043 11.185037537802085
1.0 -0.706697559341247 0.06369751553404736 0.6586395711623524 16.76160916271797 -18.573650873478027 -53.855869630472185
1.0 0.6593568725746976 0.08054344744466019 -0.3274123945519215 19.72064267455925 41.62750917902119 -43.732767821635406
1.0 0.11543828692081738 0.41293486540824004 -0.11932460064996529 -13.839843284189914 44.084277419550546 17.498867007503993
1.0 -0.23364608101194 0.5387326161663006 -0.03792104999607694 -23.62086854243023 -16.406153409998637 -19.567455525456193
1.0 0.0751887903021641 -0.22830090811357023 -0.927073184307606 -8.724596561224727 15.888859463748688 13.080233921529762
1.0 0.037381604793396264 -0.4725451525676021 0.3396711039807794 16.3866570226694 -16.91798713983319 30.890870541572205
1.0 -0.28142547155449055 -0.0833468508283452 0.5092082780941768 11.504711832737499 13.404882740965197 23.164844666585193
1.0 -0.682817283645048 0.27078627499754643 0.09893308015863321 40.44180061396576 22.24431124769254 3.976606710953376
1.0 -0.6362293740277786 -0.5572824507985848 0.15616146193343608 -50.94902407504677 -11.981286372189386 -14.647401552496287
1.0 -0.5850787088194598 0.7275863671418109 0.15885266033359302 -30.525900516777273 -4.301441474544406 2.774421432679789
1.0 -0.03231389969197194 0.13214991420960576 0.5550665835331754 14.461735563899254 39.6610333674023 13.350761663714094
1.0 -0.5058459296768807 -0.3549238641709295 0.004570202755616037 -34.51521283180174 -28.97038617484328 -48.32902556330159
1.0 -0.31709924837310044 0.06415679121795294 -0.4521891727162724 1.6688029791249466 -20.544621939581425 -49.6379536687246
1.0 0.10721248511269213 -0.24083734343329521 -0.10166103495535381 -4.554556402200515 24.631117194323934 -41.418378733309545
1.0 0.22392159841440104 -0.28625566743477276 -0.825853371644581 59.00972230624747 -14.86562511407414 13.976690166725747
1.0 -0.5033487707376656 -0.7376490084035608 0.004002781561667496 -31.97026323811463 24.312002317564126 17.90057763727799
1.0 -0.10323891377532235 0.2558760934505306 0.9388812157300802 16.675926685114458 6.800508616292366 18.09679554164183
1.0 0.08412310169570252 -0.5743089212964042 -0.45532090711917533 5.397513088310758 49.81739100338394 -6.844717653783121
1.0 -0.11654583104655511 -0.20809582282534705 0.7914209227580641 5.261815107556193 21.01730675107829 -3.2575849440287254
1.0 0.21117403616923197 0.8504746156990522 0.014245005617996614 -32.823504051598185 22.12062428403709 10.199090287895666
1.0 0.180557782828827 0.37505757049661353 -0.21058578668303396 -6.738442816382014 -27.9010116872204 -21.283338242240546
1.0 -0.08436360819983094 -0.4086689712370694 -0.03746407493864694 0.3280283657515477 4.032029930749609 11.966978506598943
1.0 -0.06790615267728654 -0.4365830164173328 -0.5189632307510408 -5.116557487858651 20.660454596620667 24.19852465288907
1.0 0.20610193758658277 -0.4988027237670738 0.19258479569583065 -24.632127117351896 -44.08002064506026 -5.726328763542111
1.0 0.5234128790907725 0.0857841046084174 0.11349189986455885 -9.057134228623067 -2.5227659676114023 37.32733739871202
1.0 0.5410010909290779 0.6145446170633915 -0.5050618140393278 27.596919704040893 -15.012795885521024 -13.543418972102318
1.0 0.921574007009444 0.09957451541541047 -0.23705163945681998 -44.35511550986112 1.5282618379577613 76.22943176494515
1.0 -0.04927899056333925 0.7685759432997058 -0.14982309612538527 14.92992866735229 -38.9547028280545 -31.077850171942135
1.0 0.49844279233353483 0.7500320339419285 0.23145623377121566 -18.265205080092247 -22.271538532650435 -27.663124247913892
1.0 -0.7874311430339556 -0.27773380904824285 0.10446377759240763 44.03909310258655 -46.08529943680506 52.66392256328672
1.0 0.5776716189610567 -0.017856295908612322 0.31039340137537136 -4.992919842293514 12.00769405385574 10.809317210693484
1.0 0.463572549669578 0.3044828816333127 -0.22906890168750837 -3.176709897542359 12.17904246193795 -1.7969020289311506
1.0 0.5048604493512621 -0.2977542540993479 0.369969997725807 18.479747109265507 -21.693223173172512 1.307247830150198
1.0 -0.054331523972827235 0.3667324877172125 0.5411315700011271 -39.03417418752672 -24.03775703966496 1.947167112544327
1.0 0.37863414907628773 -0.6922517177321345 0.4849825050710876 -9.892761649511794 -33.57091199600276 12.049728800953593
1.0 -0.2557172764590055 0.9144598158355979 -0.23990428274508013 -32.59650508130057 -34.99531879374099 11.428999651885498
1.0 0.5524129221164518 -0.4966794516560519 0.5371227007568864 10.678918889944628 35.76822538588598 3.569483240713419
1.0 0.779195139257634 -0.07160431543235385 -0.3452972211316442 25.087792362886663 36.58868453852003 18.899025882314042
1.0 0.31020934404225187 -0.16509189124408422 0.934610312207844 -24.84188668641422 18.10259527322832 1.0094590664478205
1.0 -0.7274362135911914 -0.4315174906315166 -0.15906076211598352 -40.94075626960218 -13.314123603504223 5.05362619861173
1.0 0.19669803222487436 -0.17609794290463565 -0.7593357516227939 18.380299394257445 -33.175677987476945 13.133248409811426
1.0 0.018945409623767638 -0.040586187530303866 0.9389582731195328 14.526988045664885 54.7085814485176 -33.49049290808469
1.0 0.33819185592058554 0.04979187243647059 -7.511820970085475e-05 -4.564892325012811 12.0461382157017 28.49909061688158
1.0 0.6121101375797131 0.3511408151603949 -0.17368800215512514 83.08156641290392 13.811272385436148 -29.984956962351202
1.0 -0.09023386460969042 -0.19738233610049039 0.9029391467573794 -25.58206144623611 34.67991785981507 -1.2754783933019267
1.0 0.1991613434792073 -0.21884414655458484 -0.41767535372706605 3.1448723498962017 5.320546717854347 -3.2439141333692834
1.0 -0.2021120826471317 0.6445247257124594 0.23888951814446444 10.980364228157423 -21.680451492413052 -8.768880051561599
1.0 0.2547339367813665 -0.10706963734461526 -0.3617960353806038 -31.168253543555174 -24.263263156107694 -47.958270954415234
1.0 0.3967987696397632 0.03448471588698347 0.36120752115795113 5.49932605536011 25.525180395819 -17.775099238414096
1.0 -0.6741661814151862 -0.5926356161182863 0.15936828780553053 0.8438835854291299 -9.673372464682544 1.5643565946079494
1.0 -0.30737965712491844 0.28746709039584345 0.7335858411046411 -33.93914164855887 27.845449256482535 -8.428990351044446
1.0 0.004825788766630717 0.6569042736335412 0.2383954826452196 -15.417563642141792 -19.283933061788307 6.585751555003954
1.0 -0.3947803425760365 0.3499625617643844 0.4744079443703412 21.6490230883643 9.124254482754486 -4.22050535169683
1.0 0.36018326715786736 -0.2384748411049457 0.8250995448741857 18.35672002662413 -28.78981254544742 -51.969043327874786
1.0 -0.7364301035850758 0.2777182033780346 0.12903679921445396 25.48701970463048 4.311701584791321 -19.55269305172995
1.0 0.7801559541370653 -0.3983382293389505 0.21315484025571005 27.754290577271444 -13.419012545348858 29.069699395434444
1.0 -0.03744418191193342 -0.07206140522984952 0.6682962575133533 56.28834770027835 3.8690626167453663 -2.073103428979236
1.0 0.5205713067997774 -0.7088635943647073 -0.1526914412925299 -33.86121657389377 -45.28505715598105 -19.56931264299117
1.0 -0.26670464524805143 0.34284329692599386 0.09159815466586788 37.34623012953738 -11.96867059004064 -19.371587929568793
1.0 -0.7985348249789155 -0.3714240975978581 -0.020524739168674373 9.884517311309274 23.678206697946862 -19.653441399423816
1.0 0.6788908388682895 0.3506164090628902 -0.5189714315654342 -32.07225047477236 -28.212273843955867 54.735872456915466
1.0 -0.38771641232601345 0.5498067952865439 0.1051829910031211 3.007350472188407 -7.8595586451957695 43.113111356300585
1.0 -0.07201463231652233 0.4824723515105829 -0.2859671815133876 16.053158467609563 32.001912087871645 -2.55259178901015
1.0 0.13683909977459155 -0.11697009064020453 -0.7519150624375901 52.83289212370122 -33.699318092785646 2.4495691965026443
1.0 0.3214902808054766 0.7004239104454673 -0.38689767832897654 19.284556373209774 -55.081309452287385 27.32531649834638
1.0 0.707544604812797 -0.03420020408408536 -0.33490567883671074 23.238233569635895 -17.362377985501702 10.757547119564444
1.0 -0.34010263752958725 0.29700981249924585 0.6817698703316704 36.39909944509504 13.218756944756517 2.2865321517410813
1.0 -0.21618564781967356 -0.5000022117544599 -0.2900002212039229 -48.39414149033871 -15.21345950498948 7.209046267921049
1.0 -0.39383700400585947 0.4604887942496028 0.23429920465609497 -45.679883499766255 14.776195901011135 15.247276984772064
1.0 -0.4753338529204838 -0.7916716354838725 -0.16023029744199413 14.425389284926403 -15.992097822606157 -29.8397060411753
1.0 0.5092077408213009 -0.4247656241307985 -0.15718468843394906 19.739664825873938 -18.858270423210527 30.252222158766607
1.0 0.597906260787626 0.10032529115835975 -0.41728344973807696 12.71335193289052 -22.089973346764985 10.174048274798647
1.0 0.01681737529970963 -0.1547110300117503 0.18992921367935664 -27.84061969028385 -17.13136497994752 32.19775189667028
1.0 0.6287675885109731 0.18017464433943003 0.4037038824952523 26.76505319641652 36.35285336731522 -41.87378922868034
1.0 0.41228940605572145 -0.5538771393163748 -0.409060341282855 10.377781296063247 -8.726334405940412 31.93977667726478
1.0 -0.6618222974609947 0.059793592538565234 -0.41986713311491225 -7.315204765392537 26.01607241077932 -19.758711386340465
1.0 -0.5009647126498907 0.6941669988208902 0.01901895607997633 14.624468184142785 -22.091103238708634 -4.582028451726783
1.0 0.4207831115438283 -0.3257645912028509 -0.6994812854058527 30.52236299845098 29.72375573044599 -3.0535370366872323
1.0 0.23318161868275863 -0.41871750564556687 0.0666564126689826 67.20159874803498 -39.41820546824158 -31.89877314616508
1.0 -0.6185889753623283 0.24506101517446222 0.7411255529884654 -22.57067973781973 -18.027296825401812 34.910184952971036
1.0 0.39714298773038437 0.20263477988168455 -0.7675238489867137 17.57899328442773 76.51302669516699 25.467235498758168
1.0 0.008646681381591418 0.07037060758678311 -0.6892216315980582 -39.645530834458036 29.48376329588842 17.089694314139425
1.0 0.0091638306303242 -0.2472325195138536 -0.22880203300599486 -6.539735521881845 -74.99538800849223 -22.749506339939913
1.0 0.27612018763880664 0.7921315768899949 0.4420674183269438 41.84429566352894 33.89026343593115 29.777275627258938
1.0 -0.47822907985350344 0.7211231632085576 0.048795554507854756 -37.47086003316058 56.626100010149486 24.92869456561181
1.0 0.5600544351683373 -0.36044726479435096 0.22122061495449996 15.127870750668736 -31.382491165301463 32.157293139071406
1.0 0.4144094171299726 -0.34730146939160783 -0.17468271651966055 30.968641236548162 -10.14724721076877 10.494871296365714
1.0 0.9112983139049539 -0.21843083362359667 0.24105400994570036 54.92963734880481 83.70015263696658 -42.81389547628685
1.0 -0.4057871316590598 -0.572490791702664 -0.6517756595408527 -47.40020935864305 31.73748522042972 -19.538573603993726
1.0 -0.03731287085887849 0.675436383260061 -0.18751945042237725 3.988697571380563 51.47387340195434 -16.684700750955248
1.0 0.7409359237233741 0.34707418716741273 0.3928450799656608 -18.610809371670097 -20.57812438382434 15.789292595373535
1.0 0.24164476584120467 0.011360565675166905 -0.09480686974506462 -0.22524806423402072 -41.857254568870566 -17.62474048343289
1.0 -0.2274216501376721 -0.02906691976335295 0.5858239879168305 -96.15933090457276 37.49854219362966 12.874568508964677
1.0 0.1565363579164796 0.7535973158092043 0.04980922356493936 46.7349193585183 -21.765375532006555 -14.741915312972502
1.0 -0.587233297344369 -0.03724459179127916 -0.6841653977148353 -0.01946961244722793 -20.982098358156975 0.38509951780858837
1.0 -0.3199662496318542 -0.10086959366865897 0.3983744194610577 -20.332030238280478 11.975186914497716 11.612523831233139
1.0 0.7664154298368687 -0.43680300885904605 0.35802549628499775 -9.156296454840795 19.813336199768678 43.98658060850025
1.0 0.46589296943053715 -0.23222987360952863 -0.054569803260900884 29.898454926381984 -7.4143176020803825 32.695381625521584
1.0 0.32769275424146216 0.283116300879402 -0.6574600262244388 15.32032891473573 -53.15738051873006 -17.691669809692428
1.0 0.11657379447293832 -0.8262090643900779 -0.1510081320737383 21.47136461079793 33.68878535168719 -28.808035195164223
1.0 -0.0811889026885029 0.2780417207240096 -0.27187341075979976 -15.144810061783842 31.64378125231857 16.212898417451537
1.0 -0.41297240413503356 -0.879079250375929 -0.09270374392266074 -37.193092481951524 -1.3011696368514842 -16.046601221887567
1.0 -0.3255957355462883 0.08562578718456056 0.05082498663731791 8.421794351841612 17.884576132631793 -12.958204763748508
1.0 0.35711290464690487 0.16796280723019458 -0.7760547046228846 18.894242091977972 -41.003855552177164 -53.313395869231684
1.0 0.14329752006581914 0.1285040627129493 -0.7742612458487867 -37.429592137905104 13.829336110436198 -36.70099121611153
1.0 -0.6058905852388435 0.17952822805031812 -0.23279407587417947 9.975784994529201 -20.321476908585733 2.312976446538277
1.0 0.5945850189074847 -0.6154415936177928 0.22043841741890732 7.279818836159689 2.7652227787090524 -2.218943270392767
1.0 0.21545634604238564 -0.14791838671568358 -0.04977485114223621 42.23496160642455 -10.221032656245997 -77.53956047088039
1.0 -0.052983962951072924 -0.01899223701221188 -0.818008186968664 -1.7076045092627428 -12.919073238464936 27.64696482134763
1.0 -0.5018486528753737 0.04213586486603278 -0.28248693238407707 -5.602047582519603 -40.420811701310825 22.537246240502068
1.0 0.5830084138143637 0.5436045283477599 0.559713158351521 4.518492672812124 1.0810512008995001 -8.101399225167585
1.0 0.14481350585164265 -0.3444445392026259 -0.7074273259761585 -23.486119888523245 -19.576183993556818 23.039288645878717
1.0 -0.03671280527629714 -0.6805361191727946 -0.1333132120337615 82.77123638238871 -9.634413983412367 4.129966674496874
1.0 -0.2585548138557186 0.8419669167647109 -0.3745969581825405 -8.317653860132795 16.726591506776636 35.675748479531
1.0 -0.23860611312637126 -0.6263561692446038 -0.4326228964525814 14.717860280740489 49.55449689047658 12.67229078027825
1.0 0.5253221474364019 0.10132429975669907 -0.09534227025430805 -12.454702281799994 -5.141284840679466 67.85434144933457
1.0 -0.6266428904628008 -0.08501315993655938 -0.6720490487127084 -45.77959173773241 21.25627677398616 14.798618520873115
1.0 -0.7315247159003972 0.3778765161573033 -0.40062610912876107 -18.76584094823941 20.142879676909285 -41.82967662517952
1.0 -0.26186445758948595 0.17772125349163695 -0.7637397310051715 -0.37933872528860746 27.225175409172923 62.173469701507884
1.0 -0.7868664746846824 0.10582995996917992 -0.16463983960519377 -7.43185921732492 -24.910474346374784 -23.072279449421085
1.0 -0.4156146026357772 0.3380017486654952 -0.4728238314714347 25.86478169877733 -5.319198569330795 -24.845909420745485
1.0 -0.2448290882670679 0.8141342053632603 0.3770187787728982 -2.47857806264581 -49.78315475708721 7.948105223611087
1.0 -0.23078456213327078 0.4194697372904829 0.3947008832470204 57.63068851786376 -28.318803797924343 42.816627417891944
1.0 0.1289909145987007 -0.5182029756106462 0.1713427004225366 -49.46162124948796 79.33848573405223 3.2151699392922803
1.0 -0.31839726319301215 -0.23001442291278415 -0.433762918268615 15.509694243623942 -24.64240754620776 5.175728791958462
1.0 -0.16083413660892942 0.7079776002934541 -0.08312099622010324 28.521014997324176 59.75204026784236 -10.32453427325772
1.0 -0.393315996870719 0.10965648169621454 -0.11066496580169566 -29.528395096553364 27.79917128152906 -44.365879128052775
1.0 -0.5582242265008852 -0.529112761342806 -0.07915243844669781 -27.991159344298342 -47.38308667932085 -22.58620526434797
1.0 -0.6875607878596481 -0.27681894154424097 0.6601882949278084 -18.40605883233612 -17.46781441897188 -23.333899362395385
1.0 -0.6189045470698508 -0.1372021121265417 -0.05922150365248646 70.86425347632428 -8.947167205136752 -33.7257825800729
1.0 -0.15211666760062778 -0.343279955525793 -0.33320667994811537 26.324507959790715 -10.210558825573049 13.495371472167125
1.0 0.3456253570269667 0.4698277383550513 0.2502094825528535 4.416385947732051 47.31590622402989 -22.94652707384457
1.0 0.4255486539634778 -0.07008646252776084 -0.02450601139374533 -12.414177042192009 53.44638389536864 33.09221771923585
1.0 -0.5288751839122305 0.36812123719837264 0.20867673397998499 6.096477016312776 4.238356685330802 -0.18418639199048892
1.0 0.06194222242182963 -0.42686916328732666 0.3833599116323383 -11.01373984596278 -15.187747896910341 -48.14068122425391
1.0 0.43460902900953347 -0.016509721428677647 -0.18019338064445095 10.249221335543101 -43.228295235919624 -12.660056229786099
1.0 -0.20380943305408863 -0.43758479044442267 0.4169959909582397 38.92738418138586 89.98881474050863 3.6389710840161484
1.0 0.2573555635962161 0.1497617472416938 0.45919759023360207 -20.052481839731453 -15.609226981871732 47.60418143252336
1.0 -0.9253841312842028 -0.017926916866138048 0.26880004689452774 27.431219379412827 42.21356801965821 6.339260210030189
1.0 0.307189006606298 -0.44809885465402766 -0.46375982794917403 -8.447452770622299 12.370010664843257 19.45548316163386
1.0 -0.6310672332153824 -0.4711700570488965 0.5191369930083725 51.19138865230538 3.221387778106106 -29.661090759031456
1.0 -0.20840764864780587 0.4822050632083645 -0.10672378557831494 -31.09429001134334 -20.217249249529402 8.015111820983758
1.0 0.05453589032652597 0.7905651163023582 -0.32040340011808954 -12.059057562916493 13.730902200711476 -37.84050105477693
1.0 -0.2801052321376038 0.5352210088118077 0.6988275975987505 -32.47622354361807 -4.5526017634460345 13.39480131062918
1.0 -0.9289401345600338 0.17640315612041274 0.02453287200518983 11.42139016838645 73.93129452948735 -5.899844914519457
1.0 -0.17671963324445886 0.012333560450759421 0.5310834884853525 -68.59351555334507 8.153067224479164 -33.41324397176324
1.0 -0.3406991528056984 -0.28302309337233883 -0.8904157770776511 -6.550395133353038 -4.087258892802385 -26.558916224223626
1.0 -0.5618675237137072 0.6167992405225277 0.47803538567782783 4.857391382889979 -4.889204106625272 -41.1660306112399
1.0 0.09355054321004948 0.4574046586707884 -0.21643152782161856 13.498131588165178 26.63550253828444 38.81717523916505
1.0 -0.630519644800821 -0.7318629182220444 0.05470933851753592 3.9712280294173543 -32.47882699368939 14.716806077987814
1.0 -0.33964534643346994 -0.22518554321791578 -0.24728477859145231 -53.47918607578285 -3.6147936427915948 2.1730976842685608
1.0 -0.501629595736323 -0.3153223387867459 0.7143356116573978 -16.712082872483162 -28.429806072176255 23.46350871372551
1.0 -0.15901860374821605 -0.7021460031870471 -0.38687316084393997 -17.14697822101463 -51.5891393810264 -50.01103654378153
1.0 0.7155866616013754 0.3014208084896611 0.43275709675438573 -8.301018768924802 37.45946423287715 60.142820656597465
1.0 -0.7982523368454857 -0.08993609536071887 -0.5878048357002331 -58.52164445580115 -18.960610027448233 -8.449331202002062
1.0 -0.14587347575285894 0.0007564173820035063 -0.30941105601822755 -6.143049352011336 -5.376407239629869 -47.210982577687666
1.0 -0.1625419473272875 -0.3704998032512511 -0.7100974248740374 16.525461788976227 -11.630273069442165 14.064330619471507
1.0 0.30960795202539226 -0.3218352731514241 0.2450336799210564 -0.784246082525705 30.724167586703995 14.416510863642769
1.0 -0.74394084950505 0.32172273460311035 0.06896116691827293 46.6816531416435 -52.97936989584738 -11.840263488176307
1.0 0.20292463088935905 0.11934300302744774 -0.29417810960454915 96.9509852425731 10.058427428600126 -15.714201144038157
1.0 -0.5683410874389708 -0.18548831516785277 0.6895859030510603 13.68905081494079 35.51968925831148 -0.02072311245582532
1.0 -0.27216319499661196 -0.04907707958036021 -0.3807333683934285 15.981899802450496 -49.9241579974222 20.820531683576746
1.0 -0.2081478345064834 -0.3425210814892543 0.8893034458217772 -39.29626542783071 -33.72444390843179 7.099592338678135
1.0 -0.7943118472332092 0.29951904157545706 0.0756042994570388 -49.389593058765556 -53.532088935298454 -65.6853024286507
1.0 -0.14878652310791593 -0.24791452164617772 0.49625743089056407 34.33879363832329 -37.79709185838551 28.29180787593573
1.0 0.27867206499622044 -0.5898703596207017 0.3859928755169001 -9.574041409286943 -48.25274029363084 -35.67521476288497
1.0 -0.44746151220548996 -0.4513515009811046 0.040201990417718436 -5.746326339969541 46.215291541888085 44.77131880842553
1.0 -0.24491950261997497 -0.38261553104173945 0.10916326985869747 -29.617616821741617 -15.29646457069244 -15.818101706372381
1.0 -0.21048288013371488 0.20262908819551845 0.6162164489061621 -12.942469871134703 -15.98289668854875 27.00132768375974
1.0 -0.27361640160661427 0.3393057300855822 0.027648981100235625 21.076217631085377 12.461633034216778 -25.71297332897624
1.0 0.44671980885846524 -0.33348145199939166 0.5103590910634749 -4.858943145113086 -17.036967346570123 -26.861063605904008
1.0 0.14048632996042568 -0.1697937276844564 0.3318606392028697 -9.636037695356192 -26.431827747920977 -41.592939600323426
1.0 0.09473680777951761 0.5224401173695534 -0.2918856622654182 -14.728342893540463 32.88497719485684 -26.833286526716247
1.0 0.048882078360602974 -0.43063808215168853 0.3160844317943086 -20.10834692441269 -37.375318205782364 8.342279995235765
1.0 -0.7721981715004069 -0.5489370245937004 0.017873862985727088 1.507038163904704 -19.866519041846196 13.728021973398757
1.0 0.22880276826936546 0.8514785685466191 0.08247029952822743 -13.639571728979178 11.154498931887339 66.96663039254905
1.0 0.174160653114645 -0.8127451681092832 0.12664381141024722 9.896846650733607 27.563187062025026 65.38221030147409
1.0 0.08171847763080599 0.5516915643054253 0.12432505199163468 -8.193400403298497 3.5368451780879218 20.816970121329565
1.0 0.24563149130604406 0.1800470379117961 -0.38681000468414856 -45.6246054202244 -11.667198538191188 -15.774777009827156
1.0 0.4603613122407984 0.4213987166038465 -0.23557701779937745 20.943537583648876 20.05169521907194 0.38869218999880195
1.0 -0.5569206973444929 0.12701957622830815 0.49981793301720673 9.580931645126695 14.133021890028749 60.08805649044695
1.0 -0.5440928843571791 0.18729405059561294 0.58513448220504 58.311230688225564 -14.676562016053834 -28.08400316201524
1.0 0.08195408725936092 0.05232535064747881 0.6517251865805631 0.5250098497053948 7.981047122661507 -22.715126642263467
1.0 0.48152251531692686 0.13832872237494231 0.32453629312287396 -14.368788178791526 -43.0110887907482 -21.44984649763812
1.0 0.07701975975152366 -0.3520579850319081 0.32235571011192765 -9.959732817031735 30.273399153111473 51.05246438900057
1.0 -0.19496958273874138 -0.06652590735531097 -0.5286193661529514 43.14379902546128 -0.9945142586850815 -26.53911902190049
1.0 -0.08868566763647172 -0.23084383424143926 -0.2903096507803854 26.940898218107147 20.91789739879332 0.765225049718222
1.0 0.24181096405302432 0.6739592139870192 -0.4477753612666921 -8.544381202847177 -5.711506694714842 -21.99251724800433
1.0 -0.06371892617424066 -0.5090811193427597 0.1383518167703815 14.29704453478819 -38.08076498863033 -0.15298580659754465
1.0 -0.6782073323031469 -0.030765818299943733 -0.04263534004591764 -3.3998383547262683 -32.80200369858308 4.102133295885828
1.0 -0.1714746688214936 0.27685193660528373 -0.08876724933085119 -19.817722595542797 -10.250419653794962 18.893221375841144
1.0 0.7305681664030732 0.5164343349276808 0.3190454115050038 31.812213207107387 24.952693267951034 22.022588056970942
1.0 -0.46430705142300904 -0.42097993798171474 -0.5660544644174497 -23.09092775179929 12.4920752487116 -52.47114427729216
1.0 0.2765220105040109 -0.05094692963623437 0.8405920748528316 -7.514015862180794 5.233120505325205 -5.993192438601373
1.0 0.22091682678231417 0.3675819182515074 -0.735861652600503 25.20506577590335 52.73687364258 -10.60326641112315
1.0 -0.019086352007686054 -0.43057633547279384 -0.04215281955875994 -38.54125254412355 -4.972023526111367 47.23791397212216
1.0 -0.3869718201015612 -0.13611901503072169 0.8726880807852863 -2.4296939347601194 34.581081138193674 34.167215703967805
1.0 -0.6788315129769049 0.3679525112727504 -0.5537954904125343 -60.394255890210864 -25.369543938846462 -31.858046055641545
1.0 0.8552110592446452 -0.3089364995276401 0.2260628974477826 -7.47590609991713 21.224841348427532 0.45288153476730875
1.0 -0.12384165738262913 -0.5676312789753115 -0.7687589359325959 3.4178456706526936 -82.18940051198014 37.31346131785769
1.0 0.3094886629184105 -0.9174151380098945 -0.1216270292196366 13.762736614052935 -24.97536913886673 -39.40450231384987
1.0 -0.34582593557462493 -0.33537435495791335 0.1293719284173672 -19.867584848583274 -73.1593458905836 15.442352885689658
1.0 -0.3278366183860137 -0.8445977608423183 0.2594603932277492 44.918649163614646 -66.41504568980733 32.78723981716706
1.0 -0.6291351554954535 0.23533009633088794 0.25653132385662053 -75.55259208430488 -40.6219884955815 -17.03471720289619
1.0 0.5055521696661899 0.4549554061562822 0.7025562524833328 22.312220131030728 35.652681865634506 -29.838395668076814
1.0 -0.4970378309079699 0.2786996589025714 0.14480180860343814 -24.996192760421167 13.272380155717173 8.123118583680004
1.0 0.8646552078990132 0.46890088198469065 -0.03568494126099172 44.439810696112765 25.965705801974117 -14.782135654793333
1.0 -0.637305497770769 -0.3663393224117063 0.2385658969876015 35.42310704273845 11.315841413390997 21.68967441619608
1.0 -0.5643698472777777 -0.23870181753370817 0.31506704588067536 -18.211724025590904 29.887738709441436 8.281609611339062
1.0 0.4455755764289615 0.1163756914086641 0.449990806981596 43.20569545297465 -13.992690956372396 56.699713250266036
1.0 0.16823525633132633 -0.6778836143633049 0.45560088413530325 -0.8846779442913487 -30.432518092310833 -2.4184799789557263
1.0 -0.1312285654872196 0.4275963631942047 -0.7726151133405573 45.51921769209602 6.627993035561971 35.73326017854661
1.0 0.009797842787331444 -0.38299680394907865 -0.27778444220308146 -20.966823744030496 11.834559264601703 4.09466708633458
1.0 0.15643886887833133 -0.368302541235253 0.4325251503289109 10.013371253376931 -26.419524045508815 17.074615178723498
1.0 -0.8131489917112646 -0.08221775827792384 -0.5595460393208371 -8.121831807204765 16.7192089974841 -47.68957886928158
1.0 0.2935089426023157 0.20284890500746822 0.5034144002596992 58.65660199578893 -11.925924967669015 70.30858623271281
1.0 -0.2816146697268805 -0.394841624476423 -0.5754570478677065 50.826129549335626 -29.370279864786134 -5.593511879221026
1.0 0.0814624071973053 -0.0530991126696265 0.08653144145173336 -43.32582425713432 37.12653693133458 -17.60292838373621
1.0 0.3854849604255779 0.09117323263732713 0.19891558291127814 30.482485954474484 -52.718223753883166 -52.221452979891154
1.0 0.14901785550676577 -0.8902314087276101 -0.42048979673932296 -0.15391090513292746 -31.120626172564126 -7.443790202203455
1.0 0.7439300243140868 -0.2672938683668433 -0.38315827457629587 36.89084769011327 -8.688748770625496 -5.967563948098446
1.0 0.07920690551704812 0.45920026119538415 0.427730491777513 6.5509440623543505 -8.013526430853183 -58.39718626863257
1.0 0.1357633495790672 -0.8204364521998397 0.26978792108891486 9.932339542898337 -22.031242450514622 -7.616882255729301
1.0 0.5799050789403848 -0.10514817255949423 0.5195291988021908 74.75538953952639 16.99309739371524 -16.054024910930913
1.0 0.48512275747742806 0.21547556742722923 -0.48991786303516693 27.766199930630094 14.22763779323105 -1.8637547078215055
1.0 -0.15455696508322797 -0.31925898684939996 -0.4679246643942772 18.987530437808918 29.752990404571758 -15.895577849494027
1.0 -0.19906941089200525 -0.8240063394620988 0.4082971499886716 -4.093292506754262 35.751164392567745 15.829333415085678
1.0 0.10734845710828214 0.5171051840945943 -0.6183803590206514 11.200055346488064 -22.894879698962797 -12.649327086342305
1.0 -0.15344377077329033 0.7966933571677144 0.5087812991868677 -4.764097982126004 48.67583767990811 56.618786403850066
1.0 0.35362419555377106 0.0134665658938321 -0.6570487097151069 -12.493623288749486 40.65771656473202 9.743505565145291
1.0 -0.2566690749398339 0.6024473844035715 -0.44678270829398975 43.10927812163956 28.986195130445843 8.251389227695515
1.0 0.36540171455090187 0.24960502355616568 0.1750098123277696 -14.64748637266642 16.410326813792203 12.839386331273516
1.0 -0.2622327930052566 -0.023600324860253666 -0.8888273633722804 -1.2449489512922536 -30.49544428767984 -3.3861771110437884
1.0 -0.7449111545447027 -0.3533262552336338 -0.024267556054949832 35.56946553321328 -5.994270051013658 37.2907427988762
1.0 -0.7261079308534127 -0.22930437514929425 -0.2891479469187569 -28.97985662021797 59.64528064030425 28.831095878848195
1.0 -0.9319867839225172 0.13901076390466824 -0.179893812416296 -43.46572105261689 -8.803057614105164 12.177793179107168
1.0 -0.10329438962719237 -0.05516698576590255 -0.5384785345471229 33.09903168518312 -0.12579555384746352 -7.232737130423096
1.0 0.20631646931174327 -0.592793197958985 0.4725386125068032 18.98602183452746 56.73855711717324 -32.38078709711481
1.0 0.5211944617492871 -0.2665442087698212 0.26739009758258253 -13.657452410224733 -23.445296634330894 -37.93901448004992
1.0 0.534425149363793 -0.2289492175925538 0.6540405856296331 32.39424115183019 2.5244513133914372 58.359678455856546
1.0 0.1783009095454649 -0.17798546752397232 0.3234424362700088 42.63061616965607 -36.42422197756077 -5.664484276890108
1.0 0.4600511240657858 0.23560196574121772 0.1361618631941688 -59.80153130661417 -31.51886032511396 -21.544199468248607
1.0 0.0643902840398165 0.5174907929083314 0.5082315953000519 -32.33112061251695 -37.903987643733714 46.209928596818116
1.0 0.19360072756039154 -0.08090479275874252 -0.7541123606510084 -32.65173275110985 1.689888858434726 21.808278608429944
1.0 -0.2950649262869947 -0.5004859785657216 0.40888337870124025 46.16870664954584 -8.011445586782747 -1.776416226588153
1.0 -0.09237139211094464 -0.42068383341004423 0.23318238584568723 18.111300029960972 67.77365661002116 43.678483869555016
1.0 -0.6945622074926132 -0.15205861714238375 0.3701301356665633 -2.419582877122337 25.42698838482864 -4.511344131612503
1.0 0.9455508542445537 0.1679688442642773 0.24256854649876644 -45.41146740667369 57.97441505542585 -4.11721468566123
1.0 0.43497444537575697 0.2897783780437823 0.24236775144828926 51.10897936746729 15.551704952779009 5.298592077410704
1.0 -0.6571440930089584 -0.2921404401788859 -0.5295815620769926 -9.247317766329617 8.322011703239822 22.652685755169564
1.0 0.1870295509064882 -0.8206558873438928 0.21143709600481284 17.077882381436275 -4.656676496081159 53.97388835289555
1.0 0.0017450302505044727 0.17633164746556318 0.9401505515546928 -8.35463468895808 -5.044350452880125 32.95797164827783
1.0 -0.14543320602834323 -0.6620236669771401 -0.10266025443313012 8.262548659520945 42.39267872760231 -4.87373044078821
1.0 0.6174301190133985 -0.3094871728472378 0.25483114615914104 10.309913718250057 19.702813651405325 -9.46612082106488
1.0 0.3583772783571512 -0.42591253873230267 -0.18519808244657354 -37.563222802414465 -25.39634664089709 -29.48617684826835
1.0 -0.026165157165737318 -0.17712426128110445 0.16998147671766559 -22.55052752571753 -25.768009893809676 -18.155203757524063
1.0 -0.19547294842851176 -0.19880025343463553 0.816758999014948 39.14013173821719 -14.429228237475446 -8.25322042535273
1.0 -0.8645639908312795 -0.23123693700131726 -0.438253484832929 42.74392734998173 -12.460642271769524 44.63217261457817
1.0 -0.7560949558560375 -0.5123497572586554 -0.35542031679328173 48.735811903343546 52.79752468118274 -5.4381289992716395
1.0 -0.5810437293656368 -0.014108567135228827 0.129684571912448 73.10154245953396 -21.49843521715476 -86.2901635752244
1.0 0.0012651233693769647 0.2702869881746789 0.40250575707434494 3.499297305281986 -6.134433861622065 41.918985502709646
1.0 -0.607652056264667 0.5861539576691092 -0.17149984668855933 11.815035557247949 15.15918584430965 16.596520402544904
1.0 0.947774801613609 0.07853469483746847 -0.1514308595805531 -8.46400359737246 23.459250858167255 5.846318094285868
1.0 -0.08008174163779087 0.3626763988407862 -0.22981906263659801 15.815013031305012 24.137770621951702 24.090859081387165
1.0 -0.5559428097918242 -0.8089340922362424 0.15780920740981486 20.113002646257954 62.91055744339535 26.099093485197095
1.0 -0.3664931476727192 -0.6817197302278494 0.019091946181169446 -12.55907649164845 10.094614525124681 -9.936914924102078
1.0 -0.46540823093477646 0.3116548700491916 0.5967142689089389 12.510023492967512 -35.05215982715458 6.280108293113441
1.0 0.7769984371687972 -0.4460748176916901 0.39062244629279946 -13.667170853379618 18.309254422980793 2.041322828741072
1.0 -0.4927075742926637 -0.302836585289878 0.1223009651202482 50.22573060351757 -3.3490030714887884 27.367812148466445
1.0 -0.8260214879617853 0.4428972394792172 0.030568644700721483 35.2833264784945 2.6388523030713222 7.3458913378446224
1.0 0.0912341439959257 0.1395416904985443 0.7309909840610177 -28.34128923113826 -25.775898279147437 30.36275234596036
1.0 0.007195353801581548 0.0958237715047284 0.3111962252011206 -10.101015094056567 -9.82054699561893 -0.5235165826862259
1.0 0.6174464888861384 0.35858919746359563 0.21381539858576967 22.78490535800451 61.58736957640223 -12.552045537658868
1.0 -0.22595381985101637 0.17659774850240212 0.39928007944780275 8.55252583934211 -10.609057572761083 -20.94793664451726
1.0 0.17416983125252414 -0.6602728166878075 -0.35560755923871556 29.75491923841449 29.717157287220942 1.970276077109944
1.0 -0.2083339584327872 -0.5141575735625747 0.8209050127479328 27.52884399174357 -33.208040273774195 34.43052326899049
1.0 -0.7091867659235238 0.23321669829716138 -0.18258891870009886 -17.234099777187655 13.898840909844541 6.756511605420957
1.0 -0.0242732912375909 0.2207363774511514 -0.22750708447389803 -53.20534057514577 9.961935987709161 46.077070817882564
1.0 -0.49453768032268025 -0.5493196398038618 0.324730885544294 33.421654057863876 37.147658744127824 -8.839300596799031
1.0 -0.14025432638684937 -0.2605370357507624 0.5160368554031506 -6.332428767466548 51.95504805534119 -45.252221979361316
1.0 -0.0631679315918745 0.6159670154124767 -0.5574602861079583 5.1242812871101995 5.6622166449811 -25.574607647484836
1.0 -0.7756003310237455 0.07962773680154132 0.03403375153048495 -8.824092909799083 14.801600774274803 30.269717227853366
1.0 0.4895486827004932 -0.6493139653647182 0.3811486690321412 -11.179521217097165 0.8305128178591265 -66.53254787013563
1.0 0.42297954814218097 0.18088148319115094 0.413756944955713 12.081719126960893 -42.85551896824823 16.189870667279866
1.0 -0.5059240409504709 0.37705816244575474 -0.5569899043126378 6.713564496710509 -46.98250870469747 -9.829114831170363
1.0 -0.2267063163554504 0.11641213273943042 0.7968117271571472 17.763072278352656 5.005189675585722 11.473824230680341
1.0 -0.2684031596641085 -0.1985405464788252 -0.6278582371571948 9.558411672757103 13.411526143326812 36.505081785370415
1.0 0.22098518858850036 0.30529271579805894 -0.13139073247519448 -10.596413751600272 -12.211091231003296 -80.22374379906155
1.0 -0.4525808069927246 0.7516266814830463 0.4302138798875689 -9.233263046813594 5.680704314014741 -8.743235200807316
1.0 -0.07721855183125143 -0.5092897724087743 0.004211959321862592 18.274008557199288 33.27342190446339 -41.73368431844902
1.0 -0.6321367302919736 -0.016205789168263603 0.014625193681360891 30.545561001802774 12.998756919227107 -7.557375668592562
1.0 -0.3535413827546937 -0.5282934510487507 -0.2783053135179965 -52.84409068570124 41.67038859056792 -14.486870384299536
1.0 -0.8024546533856584 0.2942127463418756 -0.3501446841840551 -25.79087475466158 -34.64079824295994 11.170618658979851
1.0 0.12035835617092804 0.36006318819232974 0.044425175231602436 -23.81106350814018 -7.332263880868838 -2.166349114135531
1.0 -0.3713100195894896 0.4948253367600802 -0.32329578274504234 -10.690861982536717 -5.53722760723503 -17.902969687975638
1.0 0.16816093221050088 0.022309547744097734 0.11011447552105204 5.103515202619839 -19.255587672380265 48.05632039834477
1.0 -0.45862568434736917 -0.6345588357433185 0.28645086609856746 52.309166756671615 34.71884275350888 24.126453380901086
1.0 0.6450413315532176 0.6474395020078674 -0.005366635477432324 -25.77312915455241 -17.262303597639324 -4.565379481748612
1.0 0.43381022317292084 -0.6114074839452983 0.24543549769574194 -40.07480093311855 -10.432609400800818 12.545248006657221
1.0 -0.48676773097183357 -0.59098650729267 0.289554762342036 66.36821907199426 18.418422957828295 -2.4692646800226346
1.0 0.0876425194121577 0.6021178154756994 -0.2263675530286098 -50.931519510769334 -26.240178754125534 -20.49017104823206
1.0 -0.2925970452647329 0.8401880818848911 0.16900101697340883 2.693523488008782 -75.07490310736814 26.78192311972075
1.0 0.4820112631365361 -0.6236332161508799 0.26289110857920817 27.905642396453995 48.16998043911546 47.84310977657592
1.0 -0.10181123010347973 -0.4844530174898161 -0.09852187754941315 10.076400671672578 -29.071311620381508 -7.658209389459318
1.0 -0.22598293676968317 0.5846729144232166 0.41674711204228926 -41.44878690926422 24.395692481508252 42.84620197783867
1.0 0.10953099549761679 0.39667058795398935 0.9051019619889873 -30.940649760002422 -11.620519800810069 -25.67909056317109
1.0 0.233519632297007 0.14903048454825812 0.8566466869266097 -39.771468454736734 -6.301396944165841 29.4275363275272
1.0 0.9017849462071176 0.021333840620073437 -0.32822772387514293 0.9190407060748672 -13.628692790684047 39.26030555421195
1.0 -0.4696214980305191 -0.25879450190326436 0.6335513894446494 6.551209721851375 -16.888680055982892 -31.682469061774395
1.0 0.6121475881391014 -0.10888984146331103 -0.6017934430761379 27.790152142776638 9.383866774048407 16.733927951591564
1.0 -0.35754550002263924 0.1486011003497872 -0.6908572083813482 13.118453464889907 -15.51950576636197 -32.68166491227074
1.0 0.2206994394417856 0.08513953962758673 0.25876306191184817 -42.25212985844159 20.68932713395636 3.488029074263266
1.0 -0.8550557097890303 0.28315264998786155 -0.1283912743274412 52.38108084287344 -57.57401209077048 26.958112135414414
1.0 0.5678550982797983 0.5510338967926037 0.2880158117150446 -8.510962622252421 15.60485355284941 14.179423296700357
1.0 0.14822342004964195 0.2103080938554643 -0.48769852927247614 6.591233943487594 -36.44888542256474 26.85656064215853
1.0 0.5099847018822178 0.27808086425640394 0.614180478161601 -3.6460985136671638 -6.064552231015812 -22.92190911763176
1.0 0.15453666569937785 -0.8579905090224006 0.32519433965333344 2.455427781460145 -2.291005348473677 11.821700325919071
1.0 -0.11780960600915784 0.31818309400607 0.40324214184647056 -11.119476235703164 25.596669466194065 41.41414428811776
1.0 -0.6127071143033153 -0.026454716173522894 -0.5957880941744221 9.364753923990524 42.675894516242636 -78.68217271969988
1.0 0.1811800542742286 0.7965689390960875 0.3101009755081151 1.0733457284161736 -29.0369229625947 9.38454197175457
1.0 0.5274126186442571 0.08983120892426133 0.6271242133496971 -4.512413218287247 -7.972159719841857 -21.512224010307456
1.0 0.06142919601552007 -0.855385952974566 -0.015132282047974325 -10.026283037965273 -13.51562617512055 -13.338875142572267
1.0 0.02584698949986375 0.03683322226805417 0.49953953216609265 4.774357444524879 36.111711349720004 -47.649996166105026
1.0 0.6536874608290306 -0.08531177836143959 0.030941298697539914 32.24030654676229 0.16390708163421427 17.73410382707493
1.0 0.09795928124298647 0.9150711954322847 -0.22691906122250805 -1.5011549130589754 0.8285693850886471 10.816764844586661
1.0 0.4017498861807058 0.6447938849786597 -0.1619788080380479 0.7407164572680612 -25.67424581419233 -12.439851266283856
1.0 -0.4855420421299762 0.3841709611439856 -0.4280183073385819 49.47473108660692 17.67997324276761 -11.125502654746743
1.0 0.43346304789631207 -0.5012947288825406 -0.6803914996193657 8.395987197402997 -12.896463262958061 3.067045448675134
1.0 0.4981542398661075 -0.33288901099108087 -0.45634665782820444 25.27370217027881 32.6512276579873 17.360982729330185
1.0 -0.2196768712091356 -0.15501956174178103 0.2698100821790925 48.61953102989841 -22.242745829686363 -28.648449673490614
1.0 0.6945015633478795 0.12227645917988883 0.01846251385086001 9.466104148315841 -38.05087695456552 -4.629928312894649
1.0 0.5854853285201271 -0.2615358698479731 0.36716155440854403 -8.365822241662002 5.65959397370354 -56.5239309014726
1.0 -0.3347443519465913 -0.8525341943305518 -0.30706760662170524 7.196673129327255 10.934769680807314 -21.265663960203216
1.0 -0.05969661813834696 0.9163729925911233 -0.3441736854478388 -37.57772721460697 -79.76986492665708 -9.942989463156048
1.0 -0.5334306899807341 -0.157333839365099 -0.7067485937013515 33.932022221612456 -58.21078921923127 8.79627390730147
1.0 -0.20088945350765278 0.12240322919387392 -0.4856273358148197 -28.894335403373248 -18.456463147996075 51.18042169179982
1.0 0.6079817179557752 -0.16460128512837296 -0.5289438253776674 -20.395635213493122 -39.75073924314881 64.25173522866997
1.0 0.4576373418126986 0.5348864696140391 -0.03606211565684961 41.84689701248167 15.367148417325957 44.107958912821026
1.0 0.2309198232072754 0.518533522039222 0.36415024573825644 18.509794007244246 -38.71239194124904 -20.87708458737287
1.0 -0.49974987053896747 0.12089815115785964 -0.7046649170637024 -0.9418009962406941 24.601284476263746 32.962628688476954
1.0 -0.4036818801148372 0.1265025774209471 -0.5202642165761705 -5.689541392013855 -19.158324762053415 -38.85297358621568
1.0 -0.30167359616079176 -0.24626383178650801 0.8420525917052647 -32.54488763658894 -26.79369620674869 64.61437987116143
1.0 -0.21821504333707983 -0.7878320129923462 -0.18664590491860078 16.183003248994872 43.09551345551814 20.642423121971813
1.0 0.727593669107741 0.3121368468475703 0.018827254573285795 -18.12328893528738 38.87039749378584 -9.875563428124561
1.0 0.68455947241438 -0.24412871190823315 0.3191959295002123 -37.967332119252006 25.64077042050339 20.169461458411963
1.0 0.20315462869261366 -0.12023506133615931 0.2626829079893371 -12.869191999782066 -12.714830717689148 33.78459374209636
1.0 -0.05221157772963388 0.11753040593384978 -0.11357628197395789 18.85925891240333 -21.16851346102974 -54.18691662197464
1.0 -0.8532356284016868 -0.19568553664275623 0.245892390644797 -19.267184748513827 -30.43644897116786 -66.18279702269824
1.0 0.11324628934533051 -0.014358300006161758 -0.29425528100635884 24.266878754187097 23.641252126297168 16.21412187613927
1.0 0.5796453302081 0.25806208053719804 -0.6789841008793864 11.205320380981316 -39.66865541664665 -63.793217246880005
1.0 0.4954179910494583 0.22935815603360307 0.748237992719892 -24.50013135813543 61.33208376168245 9.440705148369018
1.0 -0.7627889807850186 0.14508217856881475 0.16855789987688505 -1.0047612393260497 -9.898886616814806 45.84071391807572
1.0 -0.8871770053760637 0.08973022086180962 0.23133159333354167 -12.70156145835693 -16.850799045201352 -39.9909200399523
1.0 -0.027584628941501405 0.21227142444594774 -0.7830802633996852 -31.72625811397966 15.798390602208501 -13.520961177437043
1.0 -0.13583902615821927 -0.03264486658943399 -0.6007651861977866 10.433250874732902 -49.495467238275744 42.781873534677686
1.0 -0.3843298340206991 -0.6120869835090478 -0.593730512412993 11.027424055679864 -106.26452980691774 23.903723611419974
1.0 0.6507453476369554 -0.1415568075853525 -0.44763122616090134 -22.853743659810554 19.165271061076506 -19.418551783423215
1.0 -0.585972610980194 -0.07867390649656866 -0.1352291374350872 -23.487523842401167 21.46933682098032 3.914426946038647
1.0 -0.21912639689562546 -0.9213975093452265 0.24030723477824575 -7.832761566570978 -10.911038462975139 32.29279168167924
1.0 0.4243180015858043 0.023294824260368517 -0.3171628962317759 -42.07940188339682 -15.562055535476897 -46.967669968001985
1.0 0.5782096081526382 -0.2793134072094312 -0.05250860070631983 -7.132414010963543 -14.685429018508788 -2.595033505877734
1.0 0.5397275753749723 -0.2950177363033332 -0.43594189110840487 12.380850750723049 -42.64644682617268 -60.27387099252448
1.0 -0.13123769354593276 -0.5319686111211764 0.7067131646144759 -7.884328830878978 39.9834778197589 -46.56475390395219
1.0 0.7720290821571721 0.05299095991343362 -0.4223063639653323 14.273339172885464 7.345708360826482 -39.9602960388754
1.0 0.05960014688241592 0.5661834479027569 -0.4329674453687562 17.395189439194713 -29.827323749309063 -20.67250770144123
1.0 -0.3475224187042981 0.26499566957918397 -0.6437364699975643 22.68973853830265 1.6343566169415913 -28.204153332817075
1.0 -0.29241726161041764 0.26453367018815316 -0.6275115069388677 7.996580170489921 70.7243504229239 58.068253218582676
1.0 -0.11216939475480066 -0.1037203898736211 -0.13479162016988805 -28.27659544448561 8.381523829572549 -33.56518288833861
1.0 0.026835121562157088 -0.36680768299492744 0.14126153465768287 26.890274853147183 24.501647227663415 17.77900213521269
1.0 -0.3979623016622373 0.026046456739102115 0.5607802553103357 28.697264813100755 -25.773680093777852 12.958130771888827
1.0 -0.5224493194464084 0.6390328577589673 -0.11478413266752238 -10.786735749125603 -85.75375202686583 32.17514577675141
1.0 -0.7369077531390057 -0.5857040927814291 0.24863743005345915 -47.1849959766727 3.1278399162839485 -7.361494687234144
1.0 0.8386844621325316 0.38891309706514365 0.09275049561755556 -20.192014931749497 -58.699237898552894 -34.57633282545027
1.0 -0.1897511765381289 -0.29582257921148875 -0.1455430246405049 -2.8787419909509295 15.928258344983494 17.48292604796324
1.0 -0.23193702962285748 0.3860439266938472 -0.31233869418461824 30.040370376168916 26.856252619744424 -9.82897209375058
1.0 -0.23752961290110505 0.32908227611394053 0.4736104380727549 -56.769513325625645 29.58215127196157 30.123274135235782
1.0 -0.7039821701570542 -0.4732273207172645 -0.19933781590346422 31.262420322583083 -1.6787271698981934 23.85604634916922
1.0 0.16670231271012123 -0.24291362918573425 -0.16352319290822095 36.94692410796628 -1.6770259260990603 10.326893544840129
1.0 0.6150020628680892 0.12319387457428002 0.2097944164360181 -17.689276498903546 6.986520554734872 20.854347053489665
1.0 -0.7722253700812567 -0.12086757484448521 0.3591465239318044 22.66813390882294 -60.02845103227094 49.24124105396721
1.0 -0.4623938362559281 0.5841029579190145 0.4407934984007668 29.8217321991591 19.963729164216662 -6.590309452226509
1.0 0.14153543465425902 0.10382270597471764 0.5558261567761423 -21.01368415427871 20.892049434443436 12.986480921057236
1.0 0.637687282017062 -0.17402511745850005 -0.5154692774801841 -69.12165561731685 -21.53449140407772 -6.267269252081985
1.0 -0.49168894874427155 -0.12043654415253427 0.26941690671509044 -10.804332068202704 3.1011943006486904 -42.71011421107106
1.0 -0.7416817176247551 -0.5284561761490961 0.3455288539884996 11.943327414440539 -2.6532682783529418 8.646016552953697
1.0 0.3792610398636072 -0.3901762077567075 -0.47513550862185644 -26.43626267100893 6.535028480163828 -59.256291976946784
1.0 0.02180191303091377 0.11998384157440815 -0.4334121014556442 28.19736457254762 -10.229729762586985 20.1504595312466
1.0 -0.6937471661686612 -0.4822140446078085 -0.15440368511930186 41.176438348958015 20.22645657128787 24.096541159803376
1.0 0.38774605602834045 0.5410066236857262 0.2942274738597124 21.787189185019372 -64.10466055264304 -7.070145884211257
1.0 0.4307584343932159 0.3192277366011325 -0.026481247633139676 -15.771321062297433 33.35467903551913 -21.366592789131044
1.0 -0.14916721610332312 -0.6039587500392855 -0.4728671156932162 17.150076247692528 -10.214734205526433 38.771590306491504
1.0 -0.46941300508508926 0.26959645044726244 -0.784649026810425 21.95348644008829 -40.755677363176446 28.182251832012536
1.0 -0.8183388043659043 -0.026783229973165273 -0.31899369227659435 4.571898591881867 -28.939622043352077 -7.186047080566631
1.0 0.2734452175068348 0.9038358431170244 -0.07933810980776575 -40.3327421431778 30.445539730167997 0.9551063477317593
1.0 -0.3138332878573171 0.6291958016904209 -0.25750216935657083 33.7059834243741 65.00081315076713 16.01308341823866
1.0 0.37853905972097135 -0.7411153495381002 -0.1288622022303681 -14.713858297720318 -9.281679824426442 -26.25235719185836
1.0 -0.8590289623908848 0.29757921763846756 -0.01777074793749277 68.09047004662497 24.168017210192797 27.45942803367345
1.0 0.6912671663706123 0.46411327559426563 0.0969120029426722 -15.22983413122816 -21.58160734013325 -8.074354161928404
1.0 -0.06261073845835047 0.0440395710653999 -0.5966173917078186 28.639104884126823 79.68860441644334 18.664427664778902
1.0 -0.0759726552542079 -0.4958799842070351 -0.2117727525573468 -106.90633299016976 -20.784814238879175 21.356208239281955
1.0 -0.3078732021929994 -0.47951313242360316 -0.3412567891888082 -20.732196034485863 -16.177633923747518 50.901968903892204
1.0 0.16501102228380352 -0.20817239207594784 0.575998130605557 8.371517238195258 -46.669899917754435 -30.550232232981745
1.0 -0.17387988774262722 0.2868824763423047 0.5253519859484255 -9.037839217376783 -9.438560226226604 12.82296323198429
1.0 -0.5194540911911254 -0.38790692924029174 -0.06703326875815983 -38.899454565849034 -14.372492072814358 -36.479785246530206
1.0 0.773918389652828 -0.5671229459332251 -0.17895943227240957 100.59267014827515 7.949256885808589 27.06497343663368
1.0 -0.029571141127310217 -0.5327392427494199 -0.4840048204730947 103.95717749553587 4.47848060457735 -86.03061533183642
1.0 -0.46971839237159996 0.420761468323588 -0.6583435628792254 -21.019622736359093 -95.6066305276258 42.348374508543664
1.0 0.12375529176679574 0.7547667205705988 0.3259234664768922 -0.09223076530080397 12.513422484163845 -9.254784345858116
1.0 0.1406105076728542 -0.4616393137424036 -0.6953496535096634 29.594332079243717 -25.678941072483962 5.2816080634939695
1.0 0.6267015458160141 -0.21519766377268768 0.21946628950499705 41.37764655742581 -43.217465298938485 24.21078860366005
1.0 -0.4099348849827335 0.3419579935935346 0.30722451538247963 19.054433389755836 -36.13162078212972 -54.11801547575922
1.0 0.06653779692052186 -0.024931181852366414 0.37143053418357225 -20.01581982559984 27.911635459145252 -63.36305772860605
1.0 0.5717168567277928 0.3604268306828116 0.5008669691063427 -16.27132520880478 21.51087439859364 -55.84968642128502
1.0 -0.5558632737689834 -0.2922799958771796 -0.5997562555392497 -26.17053978125748 29.90059410108587 -29.023021040334
1.0 0.1270533050896609 0.8437136147066315 0.14576153880144388 2.3710043704454002 25.73758250606504 10.150459082929215
1.0 0.44170060398687583 0.2577115085541901 -0.3508909655106869 61.46004758020663 30.489421811220595 -8.20486510488976
1.0 -0.7662989051553681 -0.28715307824770037 -0.37669352421565616 -11.426441705778556 -91.81936780810629 -32.25827347472779
1.0 0.40728765511794807 -0.7300327183161446 -0.46451044130158176 37.13134197838172 -2.5432729807863392 -15.113774802877975
1.0 0.5233502559334645 0.1806011114234232 0.6833748798971692 27.45768183895549 43.84594109458606 22.57978263741184
1.0 -0.9696016562381844 0.1762929549433023 0.14221331406950463 35.41741024583534 -8.837219596244285 14.995609732739593
1.0 0.09074551686238791 0.04075509501177086 0.6796865434786281 -23.62187632089557 46.07748079123912 8.864521373091234
1.0 -0.3823484346688688 0.40542934385438895 -0.31937011591661424 14.362386587588112 15.603269244888642 11.539916489193294
1.0 -0.6225275010733322 -0.1641809673016162 -0.6445947721929068 39.56355686417387 13.802620559340662 38.13929778593233
1.0 -0.06642752875576662 -0.7515296537130077 0.6064258200557797 -20.4743598482328 -37.446115952129794 17.963950804363996
1.0 -0.5946916493525273 -0.48243823529979835 0.497171870077726 -79.06664608846397 -6.161097348066877 -16.440422604570976
1.0 0.34680590622367063 -0.2711181554465326 -0.473269611610096 -18.39939069815979 -43.099883743958365 15.951598909219513
1.0 -0.26512385311316894 -0.04280229498384779 -0.7478928224304433 -51.547295684788665 -21.779767238970038 1.6119190595217487
1.0 0.7732315705826439 0.32387381555205613 0.1726760974808363 -2.505921697287414 -61.04814116789018 -9.325129356060671
1.0 0.21938063282450437 -0.1697296296633706 -0.32982168841371867 -30.70169604009137 57.94487007521095 5.046060555142923
1.0 -0.2619332075502845 -0.2933110123083826 -0.19991393788877382 -14.202522232687047 17.662630517442025 53.09361703490642
1.0 0.13897088922045842 0.3681376467591575 -0.052938113764573594 4.930642187545937 14.196394630552774 6.313115217286508
1.0 0.16783569270608603 -0.4764280939827509 0.16857581320383197 -37.414453879546556 -18.045131665349505 36.35818622127923
1.0 0.3176146350061453 -0.027841115006230443 -0.09938317656784577 -20.91732008531555 28.76165706534502 -16.834371529571367
1.0 -0.3555835098479921 0.677687053165399 0.5516549670400603 -33.4211422027063 -3.2156241439662923 40.62051465110536
1.0 0.4504022078495513 -0.01616203525834764 0.18998017080991766 41.62284481208192 -12.361031961822604 -12.623698860446646
1.0 0.11242521184440099 0.04850272270688996 -0.9677759939814137 8.633286720167568 20.92914888462259 -45.736326520103894
1.0 -0.4119109995331713 -0.25165419139716605 -0.5263029996642324 -27.265187196585615 -13.435815968100647 2.821646434220962
1.0 -0.19317046856809975 0.2636875420415689 0.8336485236398095 -16.907450950490396 24.78314951120721 13.610861084818666
1.0 0.1739183387066174 -0.6553137181721205 -0.24458008618349145 8.554012250035894 16.672651645494092 -35.99383232956878
1.0 0.05712362424633199 0.03625316456753189 -0.802968114672269 20.795413724517086 20.65370144846582 -21.0400112995267
1.0 -0.5379882008899701 0.09885643194312944 0.8035927040765243 52.24330648886641 11.357364916251163 -39.07840786749449
1.0 0.01159550087210036 0.22885013984712257 0.8988173980901564 -49.581206095968405 40.97988690378297 -9.131747654409947
1.0 0.5994089934272365 0.13272831406877023 -0.11277936903119598 -0.8933977597875472 -36.11166022458643 18.718176721775123
1.0 -0.5354473683285265 0.05704765152105356 -0.18378162577600157 18.74543377502618 54.8462437594506 8.870451728602966
1.0 -0.030728249219968716 0.15795475134665218 -0.23019154857504073 -8.199589888366107 -44.130734765407446 27.914868636576387
1.0 0.47809890406207434 -0.08448495316267814 -0.530667248427351 -37.42881886807623 -1.79503662897144 22.364865256108523
1.0 -0.16242699646045755 -0.4232864884630337 -0.49573292100714983 23.795997578657705 -28.08286053466357 -2.2570050803321005
1.0 0.1780937427950264 0.8378011508167144 0.14155637915122543 43.14396921974193 -44.86336620052497 28.8959678511842
1.0 0.7960012065874058 0.23750763894944302 -0.18935410188832688 13.536435382554194 -10.860778083418513 22.34697116891333
1.0 -0.30063956506218337 -0.38587390390154047 0.7619843658277896 25.20408221098892 -0.6878067150616205 18.75382290692207
1.0 0.61270869720513 -0.6616266924076952 -0.14231136929730034 36.89067168763474 -17.84530337811218 10.520447073041149
1.0 -0.28979579804250166 0.9338803053162559 0.015211140492480029 -9.001487821724721 -25.90527394637617 16.587003767999516
1.0 0.43759871752830004 -0.30019691223245537 0.07380181997397299 -34.20804893322371 -44.4627856160418 17.15453887926011
1.0 -0.10771773325090404 0.544184469456628 -0.33686832330244354 14.115316618989821 21.788598083730847 -8.16137020714581
1.0 0.9120167987859777 0.11645958284873924 -0.3807576110403886 29.0306506320361 13.875172199803176 -3.9346757535693655
1.0 0.198373818822167 -0.1265139665682207 -0.9161043023686887 39.4585827291245 42.07247300189429 1.770114393787478
1.0 -0.09574285386008725 0.23658524536024095 -0.18208659055040027 -34.6395460019426 19.83372175192293 -45.494962338647305
1.0 0.6468047334573831 -0.641775984966935 -0.19872839584096705 -26.38459282049261 -28.281252583314032 20.705865859156674
1.0 -0.4234461339268508 -0.2733680679913174 0.5803593296851123 42.7014635010463 10.15220765679893 38.318945439928925
1.0 -0.1105282716321261 0.36010979824759826 -0.46908920024115114 -10.67495873578601 2.4449504543017837 -27.860071231287648
1.0 -0.8549649950966527 0.35644903569965464 -0.21388706940715813 38.634295758341665 18.15687054682025 33.56001716655672
1.0 0.05341944445432975 -0.06483470093999907 0.18250673836704365 -25.749570689386783 -64.59049263158782 35.96328536365751
1.0 0.20601941034246224 -0.38358586219509677 0.3000756929029456 -27.33488824247265 -3.7969799042172427 19.3376181455082
1.0 -0.23935113969107216 -0.8754395295114333 0.40949194251267756 -25.256300616279894 54.19901589279632 40.14906708853503
1.0 -0.18229401462667988 -0.2782023833758265 -0.495820522197957 -21.961024322598224 -8.040130345003202 -11.86727690525213
1.0 -0.08240835768311171 0.5898979900330599 0.6397521788776006 71.8377159646741 -36.23172343480962 41.851044694914926
1.0 -0.8932274641053846 -0.22438946689377814 0.29621528646901696 33.69864002685009 31.481287311347664 38.009067473451445
1.0 0.22522850942291847 0.8335451067165964 -0.4650898866999704 -63.13376235944728 20.43267619959741 -46.884688980452594
1.0 0.7450631279630338 0.5873187482492748 0.18894482257559256 20.462876903118442 -9.458771619445796 -17.919315954977545
1.0 -0.6932536183200202 0.7026102176982807 -0.14364607197462928 -35.3190178702279 -36.17633799047887 -10.385936205802194
1.0 -0.6106947718205574 -0.3750862064925003 0.16201629986581173 -0.520218600869135 -6.898169010132844 4.010235174479502
1.0 0.06280546241153365 0.6977861081752095 0.1509926459218746 -9.548420442499463 4.37437126718537 14.28839765743632
1.0 -0.6513754760892159 -0.34521303823525246 -0.3607836783943454 -7.735494122750099 76.16984456447331 17.36329205061234
1.0 -0.20994254457491196 0.48278966456873146 0.19850303169934638 30.228074877207405 42.18429314168977 58.25349531456619
1.0 0.16746013778990196 0.10774307986874684 0.6335708512833007 1.6755311723508601 -13.33159919168715 9.831570752829638
1.0 -0.01378754969110162 0.23873418087596165 -0.25157347678292175 31.84756980642512 -10.3868303673809 27.191951064974365
1.0 0.1752447533718101 -0.3176742800716311 -0.4806521252985627 -10.42917325122309 32.247975071354084 -18.57305078536123
1.0 -0.4627236314954379 -0.7687273895952484 0.3421751517691147 -87.441113109922 -24.269164141624064 30.868710685735433
1.0 0.07130658353527476 0.5220483028956265 -0.8392819854661272 -69.41004251514923 -19.653831062816977 84.37397309793933
1.0 -0.8693330834796392 0.013724287410944844 0.32836532465649765 9.617576783165827 -23.26525986351013 -6.962157331474279
1.0 -0.5249674356420043 -0.18295332290129293 -0.7413808753457857 -59.65289711529684 -33.344254686467536 -20.719106169514706
1.0 0.6564222932596973 0.015541383438492538 -0.4201701639807755 -10.406288586001082 31.07144805287596 -3.965574852760979
1.0 0.5586525881043006 0.5006664170379777 0.08236024278206973 0.0742338355628248 -39.41202298419703 30.350672792325877
1.0 0.23964310924070148 -0.43162142130378667 -0.013026987287221143 59.46399837975509 24.686510003870467 37.00866406338416
1.0 -0.23799799002483824 0.2615297435356749 0.30533019853883797 20.205409326343485 30.646934373677997 -30.12488685332129
1.0 0.6133393538716527 0.0022040466111395733 -0.6917057556168948 -4.313320343611801 51.25676557369742 25.229362052521925
1.0 -0.1777770691249693 0.0029571249522048195 0.8293341685081156 35.09290316086884 -16.642998083512772 -9.459278510127717
1.0 0.48150896592426023 -0.04363012864785609 -0.6013768236781872 19.898357120955605 -21.76447069825456 -4.36521897293585
1.0 -0.6102689212026713 0.06032731724523879 0.21451179533106804 -38.068791540220516 -21.1983945937731 -43.62998826747453
1.0 0.2743037372808573 0.07592034986899944 0.4709988839987247 0.948535077924012 -1.1448269105144486 6.097411262999359
1.0 -0.3493232707598467 0.33061584395707916 -0.36513763942075583 -56.94779962732184 12.542734098930842 -48.95600882940259
1.0 -0.23598890162842331 0.09394338098577433 0.07435972500071646 -27.389737849893795 30.347884347822436 23.306876412607895
1.0 -0.36844121734869 -0.0874914171695177 -0.3681803641880069 -43.804282036532506 3.689414799319756 -16.969168292713693
1.0 0.5002276745415764 -0.16476071620521812 0.49176499125746914 11.940460591944714 35.32559464981902 -58.77351499309856
1.0 -0.6045276976870322 -0.6247969772651906 0.3111547752438662 -2.28215305558781 -11.528861326546572 32.884504956529874
1.0 0.017844066670046337 -0.3436164745468861 -0.2323575726565575 40.560957924483105 11.617751680900215 -61.19910164724939
1.0 -0.2996423218472343 -0.04107078547519394 0.6595242013407056 -21.81019992984869 -32.210450778067816 -48.84624510369186
1.0 -0.10806033620746025 0.2666002454978308 0.5615325896337727 -32.142814296179985 65.12671349434993 -34.562992337650726
1.0 -0.6136203526594862 0.5402967176175003 0.49461107195834814 22.25890218804815 17.338090418721247 83.0578539628004
1.0 -0.3849529447711411 -0.7385829432235121 -0.27628913744784034 2.305056968933644 34.4391395742577 46.64788847391005
1.0 -0.8186325426101508 0.5191519023284085 -0.22281155927585153 -43.65125140559336 -13.798338483293376 4.75311096274717
1.0 -0.020627405634847717 0.13961297054268085 0.5900767332748528 -35.40787351544205 36.74202068252424 23.75664745234692
1.0 0.40197491930797224 0.2831819814155743 -0.46423779244847363 22.16953194903235 14.613868057002785 17.680712107285842
1.0 0.44824518199222146 -0.7071430404151209 -0.40904737719782625 -1.9875625302216393 28.829085727852956 10.393707629227277
1.0 -0.06754910579130685 0.043790726760216864 -0.25455993006181904 -24.83793590612693 -5.2752485461280285 16.524656955215548
1.0 0.27424414456084684 0.6635196410943536 0.3950723201302126 31.614014256830743 5.9876063070898455 3.717647529753117
1.0 -0.8102690215184251 -0.0127327267190429 -0.5706248851392254 19.275748475658492 -24.192345186658898 -30.680842446692065
1.0 -0.07093275823319198 0.1466955097322023 0.39246921372720717 -34.371744950877336 24.248751670188835 3.7725796935408593
1.0 0.37263499694311164 0.26437235710478424 -0.7608845184377607 -17.96595559089874 12.870654337083971 7.575275979488431
1.0 -0.18675461289168135 0.7747429295786118 -0.22030889021909397 34.342922258767146 63.3437230095793 49.18295110487009
1.0 -0.023502726316133732 0.6292921158674116 0.28925384665566417 2.14900150064789 21.14262438855227 36.81949475234432
1.0 -0.7018545871068762 -0.3085164750834499 0.5108659612549277 55.933065257971094 5.3339744444466755 1.6578160421567267
1.0 0.3414680262068865 -0.6237693905538437 -0.4312507179597117 -37.210844212399124 -51.514605489696315 53.36668672128769
1.0 -0.09069037229367352 0.14890954217950553 -0.9232053776983191 -53.50091008443002 12.731128682651017 -2.5123371248889095
1.0 -0.628001806037475 0.6796208722323416 0.3364115023431725 -7.208049058636407 -19.72725399081077 -7.186405754190117
1.0 -0.07383572716679863 -0.2706074828880855 0.13062315184566228 3.8023072734056838 28.548518066860105 -26.226156945844565
1.0 0.3577412547481112 -0.6105075276580706 -0.05774211632007567 1.113797207099288 7.478933911776774 -31.70985679405346
1.0 -0.5750071762235585 -0.11602443098050817 -0.16735949897352573 -27.713897430323566 29.616323386121753 6.48462250226953
1.0 0.3718087128004029 -0.1543756519122862 0.9021682280413676 -1.205981419532642 -18.6197194367159 -68.76259784333752
1.0 0.36409974825287195 -0.44694090454054813 0.5358495606407149 -24.77699178741027 11.038675958217759 10.551184931290841
1.0 -0.08026390135103055 0.7153822483551905 0.2930442132451795 13.753698913781149 25.75399426697236 18.27393137258617
1.0 0.4322984568251166 -0.012434979903138882 -0.4614338913176281 74.23753037050093 -36.35342224663909 -1.6778426267236333
1.0 -0.6423976772131833 -0.6438788532218354 0.10175481366577571 39.757413704455765 17.145862038805777 5.575054956324333
1.0 0.1938077174596633 -0.35269792708027986 0.3177619187655865 -1.7487993840546752 -28.905506701261963 4.36934247351092
1.0 -0.45290249754989653 0.3393100061500789 -0.3987244158019643 22.991531777158357 25.129260882902276 -6.121925755908983
1.0 -0.06257638002466212 0.33754189285531505 -0.8289681576540332 -2.9783816838556603 31.953467214967347 -41.761788735428524
1.0 0.057187006434260675 0.11900079130390522 0.21049242713053978 3.5082623801706703 29.740412669328236 -18.894514048369768
1.0 -0.5259998611262664 -0.20817104090681682 0.3517293396696954 -11.96923339817699 -47.424415633607104 -24.22135799112066
1.0 0.777084911517325 -0.046536031515961286 0.12346318060298457 40.8453544047986 27.746102396337534 18.317114775686992
1.0 0.5811033987130945 -0.6775976823227847 -0.06417957598402321 -18.388149702546965 10.798547375453927 -26.1262517612186
1.0 0.08004862672219397 0.16490723433423599 -0.45995550535126883 16.53264374216737 19.489485066800547 -67.38618269229492
1.0 0.39484114520035773 -0.7441127879115621 0.10789482685077321 35.19008207917432 21.51087418587841 -18.973395025527154
1.0 0.08022992413890725 0.4419477528662309 0.7787435635463107 -48.55740058373829 -19.885541357880307 -42.08849306513806
1.0 -0.44422502825273336 0.2650781371833579 -0.8228854372839537 -5.121562015542897 -37.836158206726466 -69.51407450570733
1.0 0.3645409403443369 -0.4134754847690381 -0.11057536201125942 42.75403531019759 -39.932144560804154 47.01710335965128
1.0 0.03985832840609361 -0.6025682968667678 0.45729944929506966 44.50518885031604 -25.259293916053696 -1.1579159136264106
1.0 -0.09325001599586097 0.8914777386599295 -0.0011038337597325195 8.6618296041126 -5.940903614682054 -24.869154024924907
1.0 0.5121254473516738 0.047168936266765195 -0.7579245206217081 -19.869607537445464 -2.6437906080717233 -43.831106073533974
1.0 -0.2966575671859757 0.26690284199822434 0.7819605163580613 -43.413812959085746 5.692042970590741 -17.04668538005495
1.0 0.6075454486312004 0.40197366383270566 -0.07544924284610852 27.864140411823893 -16.80830075149044 -31.627332995334285
1.0 0.5115366661058561 0.2385059414024695 -0.7255584865680071 -9.416185254964153 29.663203330526272 28.444917609476853
1.0 -0.12207620988390853 0.5822154851092143 -0.1534645798370616 3.552630762030054 -16.593802028820566 -30.9046178228899
1.0 -0.13676275783880606 0.7125322262632949 0.5015320973853498 -31.867272626425937 -12.126741964423092 -38.26529446825717
1.0 -0.28451933500276283 -0.30083208122937416 -0.0813177120857318 22.973413790902995 -25.766304772789006 5.623070590701831
1.0 0.35973419411632457 0.139709174843274 -0.40098068969883083 34.13197051840127 -37.0746861427655 26.222334663641153
1.0 0.19432119330293338 0.4037466062463227 -0.15327072364885808 23.641317284025437 12.043884480675883 18.421971662369515
1.0 0.09353061702496408 0.19659974821576395 -0.33096248020911373 35.838090325256964 6.920975051346322 -12.309292188525552
1.0 0.3182956283578898 0.5763454400453827 -0.3196061403098712 66.15344569433135 -42.920171119399136 8.36329677418475
1.0 -0.8989960313245476 0.09928538159260863 0.2936578527272555 13.464394545390002 9.251675669801882 24.228474656134335
1.0 0.6254858522164364 -0.21783901056896682 -0.04592299935086388 13.058351096507815 7.828504667239422 -19.440237981251595
1.0 0.32778653629866705 -0.03234827678082822 0.27585446890333015 -12.930238822198406 -2.7095284016602377 -35.66549632507599
1.0 0.3098762977849553 0.10633417491671726 0.7539175842738808 24.310933513487818 -28.520600413312664 -5.904192964227608
1.0 0.4952160803261863 -0.2288427073308808 -0.6394592524984749 22.43672523791419 -6.615090857249365 -16.61313694733304
1.0 0.5388083793165603 0.5177986413828364 0.457267266682395 -6.205225848963992 -71.33379919593352 14.144698550108258
1.0 0.2696056862379162 -0.5043280455295136 0.7330638372559504 -1.2001680897269564 -60.06949283972722 -37.78196320916406
1.0 -0.3144652943084733 0.47713271323512757 -0.11896354513108873 18.525979495379584 40.843316161551435 -12.616547289623773
1.0 0.3688455256613915 -0.5335288653136957 -0.3072608892387009 1.188361028394954 -19.89113038148164 50.42289721996062
1.0 0.13553021711070867 0.7686946009746028 -0.31392810113640957 29.27629032891673 27.729228321684882 21.41713791202609
1.0 -0.04455640084945037 -0.37231586809954054 0.6803845040822996 25.471018904060198 -31.414930054082852 34.77350895716771
1.0 0.422151157535637 -0.5930898071108376 -0.6243336941124634 23.204255926432424 -21.449358323753316 30.79806846935098
1.0 -0.8607420027031163 -0.24933388874448106 0.12256868764979557 28.551666869331417 10.846617460987517 12.354497824566517
1.0 -0.1536538379953116 -0.5067045970373548 -0.2561514223864011 -30.3800352655818 46.920477745386826 -1.0669420118033142
1.0 0.12146212971587414 -0.8483349418925016 0.09555608157495113 19.800723796077836 -8.277013860262644 7.389632709818452
1.0 0.241540813530486 -0.11973697862769854 0.006277075682484158 -29.78025060826027 -5.784162181424233 -75.85642250093713
1.0 0.1404660412059441 0.7148520011216785 0.5947548427708159 17.805682242298488 -70.7508374880086 56.95937242788935
1.0 -0.5185881171746004 -0.4700354404974576 0.13855427681033783 -16.945333297714672 -42.37401498771872 -50.07547770344541
1.0 0.8413680254106823 0.18790838737738905 -0.07539296884037318 -10.25693241116232 27.9222853953505 8.186423557725728
1.0 0.5208734272253419 0.026105256799552928 -0.16725435483347936 -9.1582881002494 -27.32367245118419 -12.133457927944978
1.0 -0.21843192851588222 -0.5517451851475194 -0.33442723421595016 -40.176667017846796 -33.06570822198838 -14.217867957430386
1.0 -0.46035439257164307 -0.6033891057191854 -0.21942442043031607 5.331682066899567 -45.83481881598489 41.55674013562547
1.0 0.7558760917327614 0.11453177457173985 0.15013980235886368 -7.70211639793467 -5.241215192044888 15.619734836833329
1.0 0.14818495836322426 -0.04827739124688843 -0.706307032937006 -11.92776321148469 57.62498478857308 30.461735124460834
1.0 -0.8505914976337198 -0.14068867138596322 0.031628505209797916 5.423894162638004 -40.010577062870034 0.00819574416479634
1.0 0.49926625593157664 -0.2709677063971095 -0.5823123530712894 -26.213617931000098 20.26725772133173 -7.314881557141
1.0 0.2511259173559066 0.18108561635884732 0.007430727003818005 -3.0786083468977137 24.71467786541238 3.9125471354834915
1.0 -0.058470231081599405 0.5423529331053535 -0.30558144494820616 -19.577498469155536 20.199969519726913 29.503005279661576
1.0 -0.5221349522533071 0.15797860042588327 -0.6421161456390951 12.113697806492281 16.46397402729653 5.873105502543952
1.0 -0.3459436254835815 0.31247640269684757 -0.158307011353089 14.2717144426623 16.40544064175438 32.922088625271904
1.0 -0.27088768343186936 -0.6603460235714883 -0.568039083273969 -49.2888120696461 29.077395148724147 26.075927195879324
1.0 0.20156403796537473 -0.6494870600985856 -0.656951634817658 5.900021634030164 -53.80061991138715 -13.47077898311914
1.0 -0.14734733269671893 -0.16686676698715797 0.21026847533774315 -36.76518556058975 18.702690034836127 17.140573857537824
1.0 -0.47192357169482657 0.22146112543580584 0.6940438614062486 25.233172758433657 22.376458927731957 -4.024289275017601
1.0 0.6471618283815496 -0.09335123771070374 -0.5708093526633629 -15.517249946162108 -20.52584428653029 5.9329847476777955
1.0 0.7513513909485917 0.2623995031046489 -0.10577354304654342 27.98893880600034 -4.29053832841562 -25.450809163424132
1.0 0.10870479591641073 -0.43385228682455856 -0.5318162570326413 17.73102931243898 -17.905519227673842 -45.03990425654719
1.0 -0.5590259316041062 0.5067576394186701 -0.1390621090384532 -2.0261874892398173 40.680095244112664 -43.19284912718659
1.0 -0.5704301880924979 -0.21943013192012234 -0.20018011944202288 21.93213341770899 -12.781470382213922 21.03378595789191
1.0 0.048999695968788795 -0.21995899822538267 0.2004120708071945 37.68680754020701 15.397064395157463 -19.261425616694957
1.0 0.6854530079271953 0.5762212954522911 -0.38825810629965285 50.69611640111306 15.881815995427155 -32.361018274425604
1.0 0.0513049922335012 -0.15034270295042498 0.5940498376110119 50.30384145382403 -14.963236889612698 -18.682391061360825
1.0 0.301116273440666 -0.7719330254337247 -0.09931420431132935 -1.18589740775129 28.386961406012848 -20.31276825323742
1.0 0.8555713913580664 -0.4172489210591857 0.2800666280720979 33.71396538788513 -5.329601388424166 -35.65519983596273
1.0 0.01720728315570628 -0.4467533433416607 0.12460911734347158 -6.014728331743757 1.2958881734476553 -32.741178816190114
1.0 -0.17289569401158728 -0.2227810751074718 0.5591561537100846 -22.12151352099811 47.22230915134405 -34.25297449726152
1.0 -0.12792426987916253 0.8895171376127793 -0.32201202905035053 31.080920244751336 19.91212585211546 -2.088603560819791
1.0 -0.5659624383591013 0.2526084984281432 0.552975414295352 35.65847237915298 6.75488424455642 26.982806093882207
1.0 -0.5347302990989214 0.07507440330388263 -0.37897757619530126 -28.207042316507945 10.340899400700373 25.8862052850311
1.0 -0.09921380131927174 -0.24117393206125662 0.18028198362765505 14.386865682478064 -18.362715805045372 -23.389829656644118
1.0 0.36816461975342235 -0.5645808005217631 -0.6977824304406549 -2.364004426819906 -32.713280064807215 -7.014674845863905
1.0 -0.010975665085758248 -0.2902285475085472 0.11750577583912425 1.340584061511904 -14.354336014747139 13.53843818808223
1.0 -0.47719779802067397 -0.8098968721803442 0.11747876602113275 -19.831553895874013 22.0801474748391 11.00293446840596
1.0 0.6680755552459023 -0.42050858179546907 0.598837378577887 7.729052599107702 -0.5928185435835361 4.8630455205949525
1.0 -0.7006558015335137 -0.5530373642093039 -0.32584244749918195 12.06929600404797 3.356554088682026 -23.743699170578047
1.0 -0.4269741084739824 0.057138963786119185 0.3275738826364881 10.57459701218651 18.971627298878786 7.0612553763876775
1.0 -0.8521571536318118 0.23083369536666196 -0.3605981885076364 1.1409371792034588 -72.13974416345009 32.20000439083138
1.0 -0.1356203099779726 0.0959262706486415 -0.9384556531491324 -73.89006518247243 -57.83005823317039 12.290595825637611
1.0 -0.5300979359441678 -0.6752993258679227 -0.5051982769318855 -51.23240020871718 7.52814595902513 31.063606378346574
1.0 0.7771380943730879 0.4771690347711689 0.1015819068280554 20.78096014264634 1.8679106396503333 -45.183809809740715
1.0 0.2832170426764562 0.7957931326533372 -0.30519826761819785 -58.961302878903936 -6.501325106907072 4.375654189672841
1.0 -0.3367511709937214 -0.8864343279108412 0.07713386224367036 -19.880062644869852 -1.8766045768677386 52.445004622706826
1.0 -0.4465001838435359 0.27350302144004235 0.4316157472659388 -21.273151117367515 -39.008167403167086 -92.23030340468668
1.0 0.23687613537564642 -0.4420946592307451 0.7951464796178029 -0.2978775182979287 -27.896486273213068 11.913210317040479
1.0 -0.130653947969141 -0.6750437865064102 0.37568246754145485 11.541043179374466 43.26472170108632 -66.0940110223007
1.0 0.048950133793699196 -0.6221704825768077 -0.773975497208197 -13.985502517082065 17.127419330646152 -0.7203162100787964
1.0 -0.15671365611858198 -0.050385453424536875 0.31356519643614766 -26.465509384712387 35.47370288289065 -60.11461287090269
1.0 -0.24748386785592918 -0.4765741716357954 0.13496433373074146 -33.72390223352497 12.049535021357698 -42.39011680845613
1.0 -0.3535205385403665 -0.09345582715625932 0.2349367614809043 26.84138755435092 19.80304335043358 -15.112675853015782
1.0 0.20609579923355703 -0.20067272715870735 0.7528452261884234 -9.701184094600276 18.265489548554616 -28.300323896980345
1.0 -0.6229225221398043 -0.48246719570905555 -0.067549841759027 40.83827924488541 -9.156777262776819 9.70592809983438
1.0 0.4978125901088222 0.6919968441763055 0.25084698047809056 -2.6249316551589366 24.732889524732048 31.12000754369092
1.0 -0.2668726420199153 -0.03744706536231305 -0.4759102591293656 -1.510455270762034 -4.256161146799711 27.466519505203546
1.0 -0.064903204441831 0.02130484057268812 0.6630318657508063 18.383630934874486 -14.272741206577168 30.875891669097964
1.0 0.6243815415754658 -0.5336306654963002 -0.42585981401282874 -0.30162422897294217 -1.2238370639075442 -46.17317629563371
1.0 -0.3535811388704699 0.32925811295278945 0.24754780492696243 55.77821338919159 53.22410877560256 -18.898635165892024
1.0 -0.12036243682251951 0.7480209300739611 -0.2893060804461349 54.98711257090825 8.070109168691573 -14.086191533743197
1.0 -0.43862871162970807 -0.5903760697296204 -0.31345267867813037 10.970147093901694 14.184038710393763 4.052373741937765
1.0 -0.26860028039160455 0.1106640538032955 -0.13125109725280992 -10.653608697417816 -30.160129922122305 20.533985365373066
1.0 -0.45767233539260577 0.6189232334923412 0.25648143125944045 -17.596616529342445 -17.454288905457854 -59.885546011461706
1.0 -0.4278855600880648 0.14016948530843745 0.14925323934389595 -10.700042886355387 20.66677445400994 42.75626371321497
1.0 0.06900731992515977 -0.5129355862689435 -0.33928666883143355 37.70556022279468 19.140482253400865 40.112186417581604
1.0 -0.7837087926585442 -0.5803747776487062 -0.10554433515501521 38.61891655160806 32.979563485222634 11.850570175237362
1.0 -0.6687040617223723 -0.4164590093829603 -0.08046021281502493 -9.524645922052247 -65.4733597288486 6.829558232573731
1.0 -0.489466414069744 0.6862835483571095 -0.421518418814058 -37.571374204300255 4.989324905968983 18.677734825848617
1.0 0.22328150370443675 0.048809169544661225 0.2936339746806331 -42.56506761652685 -6.899175409246709 -6.969710362621216
1.0 0.6440706653808793 -0.08665176871655149 0.32316800315178695 -43.7088443616407 -65.36250635931081 -16.969524973133474
1.0 0.6039110543140682 0.24720277426555928 0.5966448319873363 36.924341440388226 -42.88707699915081 8.482791270436671
1.0 -0.726826769506562 -0.39809918173428904 0.26175098451159495 -28.91070444515562 -21.95880636256614 28.382042779811826
1.0 -0.32492982278287547 -0.8595355199996716 0.20197860941365547 28.359411607140313 16.029573628161806 -33.510487545737625
1.0 -0.17671369409762447 -0.062213270248275346 -0.8109153498335806 -20.601292204788958 -17.662097570061775 -68.14214419619273
1.0 0.11924102256642821 -0.004401314342371547 -0.14275118976441573 -0.5577994012924689 38.466642066775826 -60.867543184426765
1.0 -0.5399844172335303 -0.1284655553495848 -0.2208512099957469 -13.972437116794397 -9.642765344431524 -1.3560600317184237
1.0 0.5587863887504957 0.048856924931904334 0.5355513404693983 15.926337063241066 4.141267158741489 -11.010137775730852
1.0 -0.12596626107692876 -0.7546299426862905 -0.2950498890341642 -25.265010606293213 46.807840142844114 55.75946536360114
1.0 0.13659864685082498 -0.08187349512387271 -0.7028038201648011 -5.613859141358299 -62.117174231663064 25.602855946372554
1.0 0.008678464722020267 -0.07003854529442625 -0.2746793214159685 -37.454103100227336 24.88734872259407 3.9887140921270126
1.0 -0.720530758585364 0.5029639909062897 -0.4014824818184509 20.039346331663964 -27.048429846948814 26.78391146749932
1.0 0.3157015273984468 0.3915364710303368 -0.8505148296271047 -41.094187943455395 18.676011826572626 -31.13781950206904
1.0 -0.3132574068011289 0.16331008016633605 -0.5630980723851325 24.37651320950423 26.79212433043862 -12.65109805855877
1.0 -0.9909565333528386 0.021916575457716393 -0.04191680795635164 -24.989618733695874 39.17442807883556 14.607926644291686
1.0 0.41501368691738044 0.7826238810384541 -0.3233279231662963 -31.418686353860796 40.78936476605075 12.427881459519542
1.0 -0.240977749609364 -0.21204964493815162 0.4465419641495652 10.361697390218062 -31.27894158780587 -28.39124208289114
1.0 -0.6197964168984142 -0.09249976268824402 0.7295674476853594 61.25994498376091 -20.342856422502198 -22.974706094916964
1.0 -0.3449930916350369 0.5501265135065783 0.22680429931223453 -18.36462021509348 -3.1600783297377757 28.76635973871922
1.0 0.3148183011148713 -0.5639763860520489 0.22736902421918642 23.06675502611413 -61.696570386916335 10.525248686663145
1.0 -0.16207814252382885 0.2574245586207563 0.35801721109547885 -11.840945942207027 -9.98149268965921 -13.413973169134843
1.0 0.08225234681119718 0.38743141920378593 0.4322751090048374 11.014590874371482 -8.20300623364327 -25.056785080084417
1.0 -0.06742414973149077 0.15323846295659818 0.4897289706830076 33.16578014878715 59.092528406629356 3.456575450339828
1.0 0.32678487019045127 -0.83258588543251 -0.39384079515484044 25.815078281299733 -29.42737336055656 -28.898983106225394
1.0 -0.4011459771433763 -0.26730342311986893 -0.3941464818133274 15.379358270749874 -52.35731067821697 0.021379836462523897
1.0 0.8051707435792582 -0.4985414836984539 -0.03117101878039433 -19.497596571272144 -8.206175407926027 -48.88575438934983
1.0 -0.40211604054741074 -0.5543621681793616 -0.4319086970047868 -3.001771907123722 11.806531505314034 -10.347902598180562
1.0 0.43811289662336667 -0.7552878232050646 -0.4018406235338555 79.28857491110341 0.4492431397938249 61.293870547607106
1.0 -0.7723447709943507 -0.33609786435454825 0.3237959253775321 9.564025777791768 14.25477810108979 -18.604252312596365
1.0 -0.36597010895503873 0.1900861099281203 0.1406746844432581 -24.032088392033 -8.348841763669919 4.282930657718399
1.0 -0.4702501525638134 0.18053111435873317 0.6550049278450553 21.804443348117864 24.075814298035013 55.71588961188001
1.0 0.04733529242875626 -0.39025401444571894 0.6780011784393538 57.705715038438434 2.6847552453479477 19.504659639508247
1.0 0.6190271021963913 -0.09210724280823651 0.20934126382689183 6.750187102711296 36.63743972092617 -38.56392671342357
1.0 -0.3588442266827045 -0.3609853709484641 0.33410407870521636 -8.82120653420445 -18.159020380035106 17.40128304510508
1.0 -0.45491862372839886 0.3669718521842907 -0.3367947493803803 16.82817320082121 -3.837052738627442 42.34331989231794
1.0 -0.33980945699151005 0.027962346657773973 -0.36714176291834744 28.921955553265526 12.3883206923537 30.33617907400491
1.0 -0.17226371475380028 0.5504374786612388 -0.7468709532314007 41.06192449892213 58.53487541320554 5.3984147456284095
1.0 0.007017899977886494 0.9037486318248786 0.24173768752119026 6.064995509916142 -35.6843082133744 -61.43276463360991
1.0 -0.4374918792335915 -0.7396239034878735 0.0027819046617832883 -66.64681674515322 15.378418108412026 41.8787945400567
1.0 0.3928631965401283 -0.1282504133332444 0.6984769408269659 -37.363737964045676 15.1634501082731 -31.686182311983476
1.0 -0.8343905458591279 0.021074185002582516 -0.20467996702180846 7.622629680733509 8.471825269079929 0.6937022486310594
1.0 0.010591520560942628 0.020328635864957877 0.962261689581758 84.00574616038344 -30.50118136287554 -4.92510591854987
1.0 0.5416307403542084 -0.4683042427097251 0.075417540170781 -21.09715805659787 0.0795737363115118 25.760025750419707
1.0 0.7140935580651794 0.2570213420796375 -0.4138986851664842 3.804669527159027 8.41134005006582 -24.83364445859878
1.0 0.8162650134574081 0.37797014568917947 -0.4220059040779897 38.254407749322965 -27.872081879700385 -35.557662076003844
1.0 0.04922759702569305 -0.5355793549877309 -0.07192026907354195 -6.6919046659049695 -22.91630309486369 56.82250535603727
1.0 -0.31964115375865065 -0.4654453467862936 0.7143419176294225 -6.554445121957972 17.740572470133802 -11.119206658448748
1.0 0.27984756734130545 0.2660433469038328 0.17706724364274998 1.6070074896410782 20.232999477791967 12.307302843441354
1.0 -0.46623902411136925 0.11159605281626546 -0.4614492239319231 27.997895100786373 -47.57326787825301 19.79570380103567
1.0 -0.6346936487812861 0.11791951507869246 -0.7264383025996048 69.69929217149758 -41.55161141326326 76.2307043141262
1.0 -0.05090889249844404 0.4830333120781599 -0.11662623087380468 -19.49593764800718 10.480919774130916 -59.0532289089865
1.0 0.011228441835967449 -0.3825121032491555 -0.448405466571097 -4.296459840318619 41.31560870017355 74.68296483553635
1.0 0.08983893520822785 -0.658663582953652 -0.17385033419439425 -6.366322715613622 29.464016659548683 8.211480044283197
1.0 -0.5042581761480184 0.05144136753004114 -0.026141949160673347 11.729173374488353 -49.6807245006911 13.00045763273653
1.0 -0.17047032444676533 -0.4217453247770921 -0.7632175409124035 -58.62457352160639 -14.226879827379625 -9.238392197574878
1.0 0.7398231456344936 -0.0866807072716536 0.5030630354090532 -6.952906543136715 -13.287803285736304 2.8835422566875577
1.0 0.6526034834124697 0.28441987583056755 0.37453907727106267 -26.02257799483987 -5.439310061780498 -23.02872165221471
1.0 -0.10591071968578729 0.1031810520653708 0.567813783323912 -40.05205323348469 -24.64759502511587 23.90653548730137
1.0 -0.13300317883823165 0.43255567765257374 -0.5008079359679757 -44.80652750049275 -18.33154150062904 6.4368478357420456
1.0 -0.558291267706139 0.7841885299815042 -0.08732107765118631 -27.13394333758046 -46.79699159762883 -20.12791268069656
1.0 0.5216168084202029 -0.38696975407932166 0.6044413040184718 14.354053096850775 -15.683576933019117 -20.961618339320985
1.0 0.13471787894125078 0.24928828257677224 -0.17874988958966623 -19.06264413866588 -27.626304248593673 13.356011993218605
1.0 -0.3266529343922407 -0.2609370163765715 -0.5139887636413498 7.088073803765505 17.20862595666839 64.84454668410152
1.0 0.20273548776652817 -0.5396308246995645 0.5463745198407585 48.021380650483366 15.341020651763268 6.626854179583289
1.0 -0.36414875717016465 -0.09260821542804058 -0.2359170973329539 40.517311963382355 -14.155628604203415 67.47643978529678
1.0 -0.442889794712035 -0.10807693280072843 0.8482885867776009 73.04444502340377 13.902925033293835 -14.609915053980487
1.0 -0.3792108153655114 0.782492297733838 0.3741192438809063 -33.89849497027988 0.04274472616735742 -16.37133115271431
1.0 -0.5868602567245691 0.18304947321245368 0.28388832545042264 23.924412723249223 6.086885261775984 63.816503874467635
1.0 -0.2081343532527983 0.12479559136485006 -0.6795728208091955 0.029236018308701626 -41.52108715915183 41.671032905616386
1.0 -0.6143260614098343 -0.3631719391641093 0.453470613941805 -18.815801495553004 29.22768180005282 -26.533352780680392
1.0 0.4881303151444349 0.37747959854448504 -0.5780955164767194 -51.28042777116797 30.95011630484259 17.851554120357196
1.0 -0.16497302815680928 -0.724497595026725 -0.3155626891215565 -14.598261646139308 7.149051397929197 -28.128449259566192
1.0 -0.32729398570915197 -0.8961486931958713 -0.16831562140650527 26.81123220702748 13.808739113744029 19.89035025647922
1.0 -0.004792456024822877 -0.4100557445672942 -0.45119793756100807 -10.374654980286358 -46.35457160472296 56.093207784014176
1.0 -0.15993820833171898 -0.5951277774325375 0.30190932453136277 -9.8707900020198 -30.138773976469825 -10.314471354593714
1.0 0.46915007406691545 -0.5026556390138567 0.7161297179874236 -30.110170510892882 32.55793944394839 14.030267340776897
1.0 0.2141053245390488 -0.43676011935391484 0.6446405977807983 -1.7395423444198188 22.704957262188675 7.174746451274364
1.0 -0.04856085054938413 0.8022725313888548 -0.06788705360513482 38.19561645464516 -15.444174320469871 4.3990832832762115
1.0 -0.8799116970445943 -0.2995252132890494 0.24772537415536983 0.9814580056051305 -9.554004488783578 -65.46144568845011
1.0 -0.3316624838529342 0.44200776972500583 0.3082548287893864 22.589185489637956 52.589040230751095 -0.4919253776557689
1.0 -0.2814949492593136 -0.2427585927910391 -0.6727013697337059 -78.00744304920279 -21.198390975987355 19.555370190592892
1.0 -0.06046232047716853 0.26219631286642753 -0.9082506807095938 -27.811729424898047 3.621551897037431 -8.067217431361168
1.0 0.06283815686021314 0.20102000688566474 -0.9770462832349356 7.49064287928003 -10.954070959909032 72.88658253331155
1.0 0.5838474171967409 -0.3491087044180289 -0.26476240549609037 25.4915130834932 1.5860528115405321 0.40545695378264385
1.0 -0.5498308650538359 0.18953925925841758 -0.1143280382151336 -27.313486920646824 15.977344406771042 -2.644814781691008
1.0 0.3290719975812187 -0.42115368642575174 -0.11951010892979906 -38.82834894274164 -63.10328930527261 46.174989547404785
1.0 0.009266084521944258 0.26041258998692735 -0.6596489259005863 8.636039658128624 35.399838281659676 9.098756528528613
1.0 0.8899894181813697 0.07224270401834167 -0.2363140858987142 10.808468254729984 7.88610161907215 17.877822390648703
1.0 -0.09372908978175572 0.8821333979487769 -0.22810111273569902 -15.0247973812154 -59.06247451235448 -28.5493426757217
1.0 0.5059629414848101 0.044289992727840656 0.43168163499278117 8.236052342312098 -7.573383195654137 22.491831845436675
1.0 0.02759777390699959 -0.4510659362280321 0.31004557588608217 -7.392504833644732 -42.65070260325344 -24.964554444437038
1.0 0.1837552772214317 -0.38206329264326927 0.8629293704830305 9.456184495795052 -32.80648984670863 28.321577453976143
1.0 -0.4282425938550786 0.2801169044705027 0.6397627929645219 -15.75162267030007 -20.04036096679041 13.984824477299494
1.0 -0.20318950690561252 0.8692368948704569 -0.20876146772308 -49.36668202732155 -17.478747239164928 -5.903924717919764
1.0 0.24036194182353457 0.24340622445996746 0.6442316052088717 -30.109819607365452 0.0505819137218914 -7.983055879011876
1.0 0.6021973628146717 -0.029554269381092547 -0.7104046178247041 73.76749107387145 80.9903143459538 -14.706016630662807
1.0 0.40887104495489296 0.25673757009034054 0.7032890372638692 -50.88211208398059 41.64222677612772 4.376197627467754
1.0 -0.2077249499924548 0.4790931440674568 -0.37129967731028934 -50.1031672508694 3.937421921573682 21.219945788414357
1.0 0.3046626005375835 0.41561981943856185 0.5703556414840782 18.219338776656336 -9.203202222726299 9.435697113858357
1.0 0.0284331262130326 -0.5434527687531299 -0.2807624210281634 26.66311008353014 -20.525034852539868 -32.454519817030814
1.0 0.0021687345598741295 -0.8074534474903161 -0.35950765908422677 -33.44176302224415 -35.888605355532114 64.98823732631196
1.0 0.5785874583014413 0.2872286727381298 0.24038449879557353 -5.903670004036357 -1.837245218508103 -57.37187402154584
1.0 0.8888926409638697 -0.06231506497706399 -0.27380005706520033 35.156450378693606 -27.254945494488826 -42.12488523979256
1.0 0.6295471914581987 0.19373984246990322 0.5879572088086192 -51.38085985108419 20.138821643035854 -50.48140273176495
1.0 -0.7150471806178188 -0.13664139867787872 -0.08733808704625454 -26.36636065990902 8.949247012833363 28.376813316989445
1.0 0.4188123998033252 0.8500342378170462 0.31663033791737 32.13229665747109 -7.239164876808633 -57.298421114923556
1.0 -0.58420582635776 -0.30505335957778296 0.5263405123670478 -2.526711538497826 34.05537428304864 13.879268654490572
1.0 -0.25896058046479314 -0.68552556506142 -0.5654725969286314 -2.6406510161032415 -55.43593746304813 -14.586325000667784
1.0 0.13635089044067603 -0.17676774097853465 0.6493295318058837 -28.258502059457307 9.171568414954521 4.229479403529252
1.0 0.6729589987392381 0.48195845567238044 -0.038071580760705215 56.007981480546896 -40.10170359538633 -21.709712085348073
1.0 0.1298477200750703 -0.5569386811925399 0.43281467658187794 27.72900535991821 38.52817222364169 -15.32262251805615
1.0 0.6274708986787055 0.20444679889071082 -0.4324092818901179 -1.4640248994141438 25.024112828267157 -47.46319429279714
1.0 0.2012687243532524 0.5224502154292703 -0.7115738881297419 7.531879424561096 -32.19988528276018 -17.473956254401713
1.0 -0.23844010759834314 0.25228936574735356 0.541422992670074 -26.55363572695785 11.960615926176821 34.61869615126925
1.0 0.6084487802215738 -0.35301847198229674 -0.5240961092145353 29.509840337175728 4.749099467588997 20.67787012137689
1.0 -0.13563773136867374 -0.758161959414995 0.33391865190218567 -0.022910214881054755 70.62319883753239 11.333127277993576
1.0 0.11148001625122027 -0.7712958463466693 0.60527502858491 -10.448752404783383 30.997536294566498 5.164693294648117
1.0 0.41899748112892865 -0.8249505289858537 0.2941022453454236 -15.649976703563926 -44.737792715077475 7.922531822471933
1.0 -0.18383647297923816 0.48038526708926965 0.7604673816073614 -12.904583093640882 6.936392794044735 -44.08412473894128
1.0 -0.2941608018348127 -0.20916411729758277 0.7939052314773185 19.52210283032377 11.302202076588255 26.589842751136235
1.0 -0.4844360601095337 -0.006821632058794396 -0.6642306287786756 3.628240460133947 -66.81959363942494 -19.095725084308203
1.0 0.5877947996923032 -0.41251079200187585 -0.5383678199923302 -25.331002059906613 -40.89122148570862 -21.204745190930215
1.0 -0.7826636453350477 0.1015693570054922 0.17997786386719522 15.859611392405416 20.625863977399874 13.90149991424835
1.0 0.35401508696382855 0.4423606535454682 -0.5626495230413668 22.151341617027846 -34.19503881755747 -28.760121653509543
1.0 -0.7023838651977645 0.10407007457487431 -0.39722482588317165 -10.255157672472626 -47.586359506484456 8.254944947211888
1.0 0.8868495427049183 -0.3017281136576993 0.13373137152951264 20.39322096483434 -20.121833705490374 -34.38934433536597
1.0 0.8635730876478417 -0.4383951668188381 0.13428854553787747 -20.724817269199388 47.3532293135223 10.199840266769696
1.0 -0.18587413332482838 0.49299350960443045 0.5109123867974 -12.608318941791433 33.59494726364104 3.8346289829854
1.0 0.15464441186208533 0.897042737807115 0.14154490566679245 -26.50226201167911 18.55153869234176 -12.729169961628246
1.0 0.8250017019672163 0.0856106478202173 -0.3562977564509498 -48.67336937572339 32.11161984001322 -13.499976877124169
1.0 0.833917432344678 -0.5240761986306205 -0.15187301488790028 3.578058523595627 29.271242135647647 30.959183976422796
1.0 -0.0060231997134150795 0.3949746139569574 0.5684488432811678 -27.056468882842157 -16.109199931014793 -10.817478647570262
1.0 -0.32094449305111644 0.14908091807671123 -0.07816631491266442 -28.298574739842227 19.18999267174779 -10.355689871893283
1.0 0.5552261053287824 0.5400068771447634 0.286047114869876 9.755136855046272 -21.057136613291892 -14.016163831256486
1.0 0.681522610446199 -0.09103866973856747 -0.22147804223791298 2.924598894882983 4.099667115716714 -68.39852764910607
1.0 -0.5090395590532423 -0.010620121842943501 0.30159679356357577 -23.778247768515687 -17.0823647483775 -1.0046546240130514
1.0 -0.1866812402102399 -0.8697100603833523 0.3723455852948259 26.0696451214548 30.862485039023607 -17.100474901059158
1.0 0.0955197734308813 -0.2948866795067313 -0.26638320808693067 10.518028879197796 -50.840500888114946 40.08612327796627
1.0 0.8182264752516557 0.08766343847921328 0.019884348011375962 4.8157141896858215 64.30967272821218 30.302919622022742
1.0 -0.41172826413120833 -0.1823804260941044 0.5679309953148005 10.727044205257219 -18.741497538657384 -15.018987347154402
1.0 -0.242471742051736 0.19608010086193534 -0.3915327559943236 56.22792332808418 43.005706698647735 -5.708482637592351
1.0 -0.7010678430627659 -0.34263964994735757 -0.38593628395995083 -30.386581322035227 -3.591587918589726 -22.13216244922539
1.0 -0.03169585242030926 -0.7960029468957608 -0.40988485401576374 -29.815251118444202 -14.703700968625828 64.0760799041605
1.0 0.4935975438623558 -0.1663674984298823 0.311697051944236 4.970937231145582 -20.387623883249272 32.07199345205639
1.0 -0.4509425379902146 0.619715188824927 -0.05903490979786506 -39.414741706277034 17.17256769337925 -36.330358434529664
1.0 -0.3670656351615424 -0.3821793646701518 0.08117772097274961 14.7488794830559 10.299406067628889 33.59724544876482
1.0 0.47499301866787674 -0.49628707095425584 -0.4712660792682955 6.7362926353411074 -18.711523469274123 -27.407215531275117
1.0 -0.29993361837756444 -0.5197586835516778 0.16688816667092563 -0.3064949882380388 -10.86945302389263 49.56694588976874
1.0 0.7461224322874457 -0.3889569044875759 0.13663122896695448 -22.699528059565672 43.024735840072964 52.798159892278576
1.0 0.2456905308909555 -0.32858692912381193 -0.6734122306886884 -80.68514027979548 -34.24019169618784 -24.022869685076316
1.0 0.3474768265168167 0.7184916259313098 -0.4637990347139765 34.54007868485409 -20.63617350910221 -22.74610499584169
1.0 0.32117941336404726 -0.21356351177235022 -0.8764572784428849 0.7431246923210493 -22.45994669610348 14.114539426112659
1.0 0.26682884652411726 0.5568765819843666 -0.3752787762268625 -35.17689231068463 28.069952677057007 51.13864378974193
1.0 0.42303706818227116 0.2562461894209512 0.625083551817916 9.956991162356896 -17.58973250919269 13.477218507498446
1.0 0.2150148761075192 -0.7592246112752976 0.46481155619954406 -39.279742677521085 56.26108811197993 14.763999953094677
1.0 -0.7269612145214625 -0.35089760408563553 -0.17003344332307788 35.1102873841885 7.185971408227097 -17.921678000811923
1.0 -0.0696456056559056 -0.32856961339771457 0.5880057207203145 44.232801487770914 -17.09107970951995 19.634682587272625
1.0 -0.20442525421936147 -0.42943106774876383 -0.8686244266285207 -42.88218196195211 -31.980879441458008 29.046351918548478
1.0 -0.5308026949360827 0.09519481398241701 0.2588073865285407 30.0707344970452 -29.632134334174722 28.83013539554964
1.0 -0.0405213404885457 0.6351272834459767 0.276185943734149 40.32959077986077 -15.435794698870207 -8.678077017867993
1.0 0.406113653957548 0.37927614207977356 0.19548273415692505 -28.750486714048076 -22.504846758802156 -68.71831089298432
1.0 -0.3828061397382272 -0.38105243811800055 0.6316041240970915 -26.056770175129188 65.75710108637969 53.35954997689874
1.0 0.0338572888717798 0.5375236002128225 -0.6099430715439148 22.800851316816864 12.593751881190375 7.924260967960335
1.0 0.5820825601613234 0.4566039952968187 0.37022282317389515 29.000162531957574 24.446721005070394 -4.708690078849917
1.0 0.5816313955886038 0.7260667669868902 0.12401849860624004 32.42325248627096 -22.375770463945067 -46.36495937584408
1.0 -0.15292153033849604 -0.35535989591158895 -0.535110110183836 39.94092748030625 -30.752046722196614 10.629882993446913
1.0 0.1480703646803167 -0.20294172736305313 -0.3259222534275043 -23.618542811080033 -15.785440600488004 15.805341656583959
1.0 -0.4542290099492694 0.1540202120835024 -0.22942302483039223 46.34749126131887 -3.9537337885498 -4.2940059386595175
1.0 0.19843319651139293 0.5240033286513985 -0.11060113926781932 16.87576698406488 42.32702746182294 -10.009501970402079
1.0 -0.8342885355599023 -0.19621444523699386 0.042009081465586046 -15.580722494106324 7.156259729195674 -12.340256557486791
1.0 -0.1265595752316974 0.41797359279718405 0.28725831452582257 20.569102512760534 -36.90776612118147 42.86923640424032
1.0 -0.1785380568696336 0.1356174710199209 0.08184340017809949 -31.79781875455693 -30.78885068826841 50.71207951997622
1.0 0.704471992185279 0.314324101804234 0.33273417600667526 45.22104357818341 22.918271607116445 -20.68938414206463
1.0 0.39645343428731017 -0.12258767732128577 0.5049357947671127 -23.886740133200473 26.04332904281551 25.643503910857852
1.0 0.641066448364674 -0.3986814137688031 -0.6356629615688482 17.73105685513 67.08417471555113 14.427493409390735
1.0 -0.07372326068817443 -0.09513400118889033 0.6950291636437709 47.375352011583566 92.33202353233271 1.0802970128778642
1.0 0.10883357083413549 0.15330293279439233 -0.3571415041731874 -19.660710031426987 26.792604011572287 -32.229978025211665
1.0 0.7379268391623435 0.011711411030079461 -0.6342125386784174 19.269093849951027 -20.075418915066574 -50.440432670279215
1.0 0.5132114964276028 0.41359888350578045 0.09313629716327654 75.9640640703471 -11.849279018294284 15.725966340241419
1.0 -0.5656023310505289 -0.7311801999249732 -0.24018053633973963 -27.146593772226993 -5.353784071350616 27.409789510509526
1.0 -0.13168810569506909 0.7738829052734265 0.35681851461512964 -23.081096397123186 -27.46539675834041 -7.402821227201981
1.0 0.12150213646401908 -0.5960630485457614 0.7143335656632622 -48.09849245245612 19.349444447502435 -11.783526403565581
1.0 -0.6411343792667341 -0.6830872013026449 -0.09362606036487153 20.468257394227475 9.63583648980242 -38.789282324605445
1.0 0.3363155202825649 0.3066892893738144 -0.2664367055744514 -32.572285011619776 -9.30820297988823 11.768372423720304
1.0 -0.41073785547062774 -0.022947100950488332 -0.2806834056242012 32.461833109269776 -28.138021859058686 12.929989039925022
1.0 -0.419616459534945 0.38308605999952455 -0.763496242071758 8.569945398166286 -45.55046006148657 -0.6017824866223734
1.0 0.1903756003898169 -0.1356328606764844 0.3802447882333518 -30.606777893154874 -32.572065942341844 -45.197434646690105
1.0 -0.5293263611941852 -0.20907944438343345 0.598417853468583 34.011288681244345 -51.470322359415036 -32.34102639600374
1.0 -0.21998053203071874 0.04239123705970389 -0.19620544817753366 -51.20984497441285 9.04604406193969 17.254318712432468
1.0 -0.35980505757902853 0.4675997422482106 -0.6098821686537026 54.4853645190292 57.91556458184422 -1.7118961947308724
1.0 0.8021421367413972 0.15584587962513377 0.44162714357379307 50.33753757007612 20.520920354463378 -0.9020343224113717
1.0 0.4379417926762569 -0.5156717392556562 -0.32517934172754404 -58.45672159179798 17.231792950906158 -56.558555957114415
1.0 -0.7512687402823317 0.14212012930357149 -0.2647443148122315 -30.45142449006343 47.80355698515201 8.757401856347444
1.0 -0.4071863443296806 0.15596591416122801 -0.6248704490810895 -39.80636391014198 14.435312282213983 12.525115934455298
1.0 -0.2677472662972911 -0.5900143235277032 0.32109138203869386 61.66766578307016 -19.997181069600074 12.669256322193695
1.0 -0.47979201970664576 -0.4642284014408761 0.7035659503781443 -44.35661477488806 4.25986209653527 0.7193220054478829
1.0 -0.22010120610318631 -0.011505490361085457 0.0964718095821247 17.110294594031753 42.35379328742597 13.892315347204905
1.0 -0.387937633413704 -0.7385532957897236 -0.14626027260105492 11.961841953655027 43.53228353912968 40.356492744569856
1.0 -0.3187466540135941 0.6214488707031315 -0.3005016973804096 76.9472392666065 29.047266623322855 -2.8795917327197746
1.0 0.002004697457275673 -0.21090189273456295 -0.40943374109219055 41.338903092539624 -13.495724541560385 -6.13433891439776
1.0 -0.4551389565050545 -0.40684961949499254 0.3243642510542781 40.17155575187188 66.2716912756537 -26.605692638622006
1.0 0.24777926002397002 -0.6363044762604826 -0.10041332737677137 18.747718833735973 -7.721264619924203 35.00394176190588
1.0 -0.41270663785909467 0.6434505702990999 0.31578574006551846 -15.959542051936605 5.540855131300868 -14.06805892567182
1.0 -0.9001479262099863 0.005968895582463502 0.18158869462885457 21.950836360980954 29.68569914261581 1.4376515457424048
1.0 -0.34929832622834667 0.6974861865446738 0.6116595264082897 29.73807430781123 3.1239830429646336 -36.6552142807773
1.0 -0.05940272507415282 -0.6934843828600712 -0.04105553664032882 -35.18968590907236 -4.928918701790099 58.91408403762721
1.0 -0.15039164088665394 0.02284423069615855 -0.2949530876819891 -13.27724809551485 -15.403294049413969 -46.184720604949
1.0 0.18895097280585246 0.6144705187919817 0.3196368865674401 -45.9723728004236 -7.2882758126298715 -30.162924691883543
1.0 0.8054018636517466 -0.07444927303523881 -0.5302873702315452 -43.85122506059504 33.870230879231876 -57.96726682643745
1.0 -0.39512066202409446 0.4526519581383743 0.1179977355218785 -27.780906472754246 30.68016953974602 24.65875194395316
1.0 0.5178694007218334 0.19618959611746606 0.44155589174736337 26.234624446408343 -3.9730799635916383 56.91287663292335
1.0 -0.8385968806581653 -0.4759060058596963 0.20890016083963545 26.428298712619117 -22.688562070550116 -23.62953767111286
1.0 -0.6772221918549088 0.31043124851981735 0.21179878530255375 -5.920793600188529 47.16758777341125 28.88559448975269
1.0 0.13968643042985715 -0.5464800696256242 0.0022958154073276153 -29.219486605757524 -7.435884958199581 0.7829123671025494
1.0 -0.3039456533354315 -0.2748261878331743 0.29904750553743276 45.196773787518126 53.417164924568446 25.790151150562643
1.0 -0.6625632784474281 -0.06445520318457425 0.6785267084419492 -2.075630784742355 -34.620168243922556 81.47054510270507
1.0 -0.4681192057434073 -0.4110417020964507 -0.3743835626566628 5.868414278492086 18.073766617626138 46.224658027342166
1.0 0.4117316648125346 0.6621622190120291 -0.5375224879024334 18.35532813508155 -17.77662312817572 -48.67479459940788
1.0 0.31444499660153347 0.28575577048759304 -0.5000942168002269 -25.402433620731404 -18.028986120193984 20.371270998992152
1.0 0.14956184837570677 0.15685935531028233 0.16825559147651498 -36.622598489843135 -46.23942864733988 -1.1359110468741236
1.0 0.14684304063895198 0.49054537656738606 -0.7429955988918778 12.559376768321501 -44.17655512885423 37.61618292779427
1.0 -0.27526477427071333 0.5488046792786125 -0.05990963914889236 36.2383901219349 -52.8793938375684 -10.686454446519333
1.0 0.4396276739512599 0.010772033855492965 -0.5536991006655988 -34.14864533729257 27.186392428485192 9.014622949014154
1.0 -0.4731996832277747 -0.5359664770962261 0.33697819473625346 -23.290933799987705 15.809086830340581 87.01843520177228
1.0 -0.38839697225006065 0.05310936394081089 0.02393396466632627 -8.390776033764514 -12.256787398831364 -43.53533953928272
1.0 0.5460500659187542 -0.6493384119394976 -0.18906980108516103 60.000184482521156 -16.17815703053656 16.498266846742695
1.0 0.10621762904138335 0.033110852813075846 -0.27746177185665205 -53.558564204427334 8.574812135756027 1.6997425213386324
1.0 0.5055806467912501 0.7191069248513284 -0.08993310018182321 37.64262976077302 -8.633363371189677 15.796268480937526
1.0 -0.16079783551446944 -0.14762284403917272 -0.7714377527238785 -28.789046863048902 -11.275874485101614 -20.059070599421496
1.0 -0.6274111774753611 0.15594537572643485 0.6924220352851094 17.171947237433567 -95.88062524609242 -23.006590436530253
1.0 0.8518548156287759 -0.10545925645924059 0.35017927089162776 -80.27328331596291 30.29764905593144 -11.883311626916523
1.0 0.4280462030685316 0.5225194869375774 0.662056636566173 5.0098719102381075 26.485846975023687 16.0607919299537
1.0 0.5525051264018089 -0.392797560004121 0.713549328893208 -23.670486672635946 -23.780285516262833 -8.825926199863792
1.0 -0.42101484438188963 -0.5641707690425992 0.4303583407663337 -38.568123688872156 1.8506329432055442 57.332181666482064
1.0 -0.0077713828216213875 -0.9069556517119477 0.31687102685041 6.019816664123995 -28.38609026196506 -0.09384336529633329
1.0 -0.6383903841418442 0.25641724720515874 -0.5892269543495225 -61.494881921566495 -5.359479404501057 2.053441985365957
1.0 0.5510508710532563 0.16560448288043197 0.3093620844814243 -51.40969240884462 -1.4942151161783566 -19.4425700906458
1.0 0.7686322773047283 -0.150849298049046 0.19394861008433778 -31.95257494972816 -9.63253306756603 -25.2405264966187
1.0 0.49835390333468427 -0.33640894209643407 -0.1321339780247724 8.639668099617245 -8.238188660976467 -82.27489058814517
1.0 -0.09056895599645541 -0.7828155219693687 -0.30932007615151663 25.696019347639652 28.02961832096342 58.266523030711944
1.0 0.43119890468620065 0.5065841351499469 -0.1210272531470466 20.19602330776777 -15.777371118335394 -21.507514261732698
1.0 -0.3503229260524681 -0.5285333092493013 -0.6428192832455354 6.838265351157431 8.449245502999185 -19.18072102191327
1.0 -0.43753839079670837 -0.06499123722404813 0.791217152559015 18.19817746644786 -60.307681332931814 30.19380482838048
1.0 0.09541189151694751 0.6050652186153456 0.6438994786069385 23.373913124403714 31.949945858595495 -55.612138648404276
1.0 -0.3982558525955439 -0.046466498154216315 -0.597504177899818 53.646087390856195 34.78586666888758 -24.60965547777585
1.0 0.7615555391705198 0.00034904051459828955 -0.536961688432318 0.7944770071596764 39.344418718590454 -33.82928785752201
1.0 -0.1066953441915605 0.609193291102425 -0.6872459551976361 -65.20649070268897 23.846522263412258 21.710573429410076
1.0 -0.19894341911648045 0.40695874609603055 0.10091145465692447 18.68529548176508 -0.9640015273812896 -18.640587272631066
1.0 -0.5706741597325821 -0.7109551505383457 0.029911703709138794 -9.475779023458243 -39.19554984135659 -23.878675595511073
1.0 -0.026405046362578774 -0.02168965073409149 -0.5660087401131711 15.911614520240896 1.5902384350846508 23.15713150164223
1.0 0.8215801080494793 0.01498370723500787 0.06011071044073649 3.2127511619489852 -62.69770700496755 11.110297695188619
1.0 -0.45880970955601935 -0.16621610596112024 -0.5878742844822049 4.854519001300994 -66.43769352424546 3.0575078346257105
1.0 0.45611020158181514 0.16331665079397012 0.3466757073131878 66.58808537225379 16.49060503928825 -43.4867095525415
1.0 0.23224184696934955 0.17162129488193095 -0.34201215012078434 -27.867058989963397 -12.608689052594206 -23.01860560131852
1.0 0.851768124419804 0.36689291477978364 0.17769502444488294 -20.834935022500332 17.23209047729003 -17.332254129539024
1.0 -0.6949545018718909 -0.17625425902752032 0.40796745848411103 19.811450720232855 40.15263320284785 17.09515398665599
1.0 0.4917046993124577 0.13451723304282456 -0.8017281407010854 -14.932347267190126 2.2569434134217654 28.286067925364936
1.0 0.16504673700671135 0.7418829913221171 -0.14530743956510248 -4.272262659909803 -14.398853045133361 -24.276678597359876
1.0 -0.360625877553757 0.6188987017268812 -0.3706363644236211 -1.8951895654744768 -5.595931389386701 -33.912261520738966
1.0 0.6291783291906367 -0.7071619740204688 0.2710175256520142 -40.315760856458496 28.68683980611318 -37.385190935741704
1.0 0.3211058694230769 -0.693481516756931 0.3978030383341809 24.735342702209334 -61.34210106784946 -39.848977748025554
1.0 0.5733812945733453 0.7528718365570091 0.011382911077518133 35.381972483400425 21.9532334016788 -56.189541003810646
1.0 0.5376035699735536 0.06863250764880613 -0.1594413411693429 72.00174404199124 32.11317594583905 -35.61978098814556
1.0 -0.2565959650630695 0.46485282239249515 0.5877146768780955 6.070945589986755 25.98576529461007 -31.472234046050126
1.0 -0.405422829937875 0.6670196535341384 -0.10932498493579743 2.7098239914930193 -7.29028840029898 -24.578968236563956
1.0 0.444407298829142 -0.30565889490964915 -0.2625222428344414 -26.009051090994333 -7.595459869877947 2.958324766366295
1.0 -0.10230777031898738 0.15724280532101947 0.4633441897391631 -30.94673490477976 45.43788109142288 -29.388268153656515
1.0 -0.7958448122600074 -0.018781894402410494 0.5938356901464019 -14.348869047513197 -67.02423622129432 -21.738623798737216
1.0 -0.19647647739595508 0.877567306844369 -0.413193407640822 -35.213294536692736 15.784853103134004 -17.607993677008594
1.0 0.4151545753838157 0.5108292820600109 0.34979866793749287 18.384483092356582 17.039344990737863 39.644491653667274
1.0 0.08882626027925566 0.8323993865013131 -0.533729632116026 0.02249825388315182 -27.89078803457629 -18.244633200076976
1.0 -0.3156193561311772 0.1435149921366632 -0.06203435704617539 23.11097695183457 20.490727495739844 43.747522232151965
1.0 -0.6610374063552219 0.16579498292215858 0.5684364368721468 -27.034508612583615 -24.269003935869275 -19.102790559080162
1.0 -0.8816367913785732 0.17046901209725407 0.05256276619860878 -37.69455490267443 -73.65554216219327 -56.192312585910024
1.0 -0.18815108918891085 0.8356371361758724 0.050319456239407256 -36.2694118094844 -42.78611049971604 28.00625883251226
1.0 0.6531769960533765 -0.6168415203714402 -0.02012122132325558 -0.819399740798093 16.7822951430527 -20.204578822776455
1.0 0.031612931327608465 0.44382160459359893 -0.11855820889330121 5.65911044996537 35.84914912479004 -7.493895557200246
1.0 -0.5070665774485428 -0.10672002289172305 0.06264471368251909 -18.493155845674664 -5.988761623258955 20.112432614141245
1.0 0.2575026470968859 0.05694752472018249 0.41523239993682304 48.703321826865356 -53.41013178562306 79.6903988576252
1.0 -0.8304770155859733 0.3144536275869316 0.04804691938091 22.47657907741529 0.9692206565745203 51.76464393548431
1.0 -0.8700345301721398 -0.06577335433493431 0.33228384591328836 -41.060103594500674 9.965580595425743 24.4558665208096
1.0 -0.4172927861811383 0.532535845270658 0.5980246015589208 7.526059852765018 -12.634699231838393 -0.7313156449981248
1.0 0.2040875785988353 0.13354068530317315 0.22188064080119108 -10.625900125845332 0.7187456792184692 -5.523828338795393
1.0 -0.3127757712566476 -0.09931496800900054 -0.8005992793404368 12.206313889636533 17.60359978165775 -5.829458182924711
1.0 0.44742832983702674 0.270624239707427 0.10510747340165187 38.439449445890475 -63.935942306205455 -11.23244391100025
1.0 -0.33477493160935745 -0.062390170718319454 0.0012557966025871423 -39.39834354302516 -26.97576685549854 -17.768537323814048
1.0 0.31289405766300876 -0.472130416104589 0.7154934341910685 -0.8559883943786385 14.373278736151052 23.4406144534651
1.0 0.6893652968825682 0.11259125663199773 -0.3441843216626374 17.144110021726462 9.583678920801562 47.604704342093804
1.0 -0.3138484196669981 0.7838545019865482 -0.12737050088049792 3.991749704531716 2.1057756976412443 -25.416596495602978
1.0 0.24702878447647994 -0.5414129721236005 -0.21074948033206947 3.770757095640013 -5.615529511898442 3.0414646148889686
1.0 -0.3918470378767139 -0.7124457044873441 0.3609840528380314 17.929816593364293 -0.9387029333497221 -23.351263199862085
1.0 0.09806320215369554 -0.566248441917131 0.5325669132950817 0.3153523567933678 -32.96784721370235 21.66319321341987
1.0 -0.12071423618272749 0.149396954121208 -0.8850738337025211 16.060814440656777 29.670842731037357 44.204400578709155
1.0 0.5159771228945634 -0.6221574932939488 -0.3958276606799486 -30.37170616593873 69.09509395288383 -18.774383814978673
1.0 0.31832969321941634 -0.5009338881834017 0.34778543390316474 5.125535500499509 5.146655463076774 -8.57388256467173
1.0 0.3073313212139281 0.03601327874294529 -0.920732292925863 14.394165832395988 23.286019741686495 -1.5253578087246435
1.0 -0.05895994046808291 -0.8708493065742422 -0.05404020499215974 -13.320783888075313 -35.149202810777155 -95.3873255783801
1.0 -0.49856551517154174 0.6777268307628278 0.042687048904482265 -50.779595058856906 20.31556633116038 19.5502903615367
1.0 -0.24573609965662985 -0.7827240904876384 -0.3324791301442335 25.087161103916916 -38.45948206662746 22.391224708360784
1.0 0.809913924169513 0.36848248832492314 0.27835542332241847 -8.212562172867708 25.02484252937233 0.4732847514430819
1.0 -0.6358261839322998 -0.3594944517937989 -0.24605025900750313 -21.12832642501336 -19.39881287909653 -45.45975145709613
1.0 0.24080289192282237 0.3555213251311005 -0.5623250277306027 32.472917362127006 -59.881057760413825 -19.30132802365617
1.0 0.20514521794077145 -0.6500284103296343 0.5850774342692635 26.398976961507163 0.9795424034348771 33.7362171056606
1.0 0.06660747672741098 0.5121243426500124 0.5302400998953867 -6.304967114203748 26.13303935882061 19.43874863029829
1.0 -0.46892706170715504 -0.7622181803753675 0.005194494476097261 -25.172703991320756 -2.5928633739010323 -0.7289010431010415
1.0 0.20950194405669798 -0.18369518086273756 0.6050543031341045 -0.8049459870532024 -33.27642026771144 -8.236512146128963
1.0 -0.34437049327304214 0.3298000049470908 -0.13391389488439454 -10.757929625840973 -14.319441318739518 -26.94649193728508
1.0 -0.0029757446962183753 -0.9304602985481434 -0.32985161947672426 -6.621187556755932 31.902439045514555 -35.65431281293292
1.0 -0.07115067700395888 0.706619861532361 0.700390624686164 -34.66316511561115 -1.1700078013024053 19.6622182497733
1.0 -0.18133754265375268 0.3042562612161843 0.6775867348917932 15.12520590536235 44.11216621388105 55.66570939730088
1.0 -0.09046986252192181 0.22580622927096658 0.4750882959692724 -8.185499363575941 -28.243006293689174 41.00115241714512
1.0 -0.005254436596833617 -0.8054948973705239 -0.318260189835983 -1.2610313269023972 73.87653887376752 -26.577097327919102
1.0 -0.9331804954599526 -0.18050265100343635 0.3013811913675811 -17.578966985476615 -16.167686446732205 -6.5615718963792755
1.0 0.09629969736115533 -0.45551452894133276 -0.3974480256050523 -32.35732065862169 -46.207625917998755 19.251251018685604
1.0 -0.02748084742524426 0.3800961794193378 -0.750963175737857 -63.454653608923586 17.757846818305765 -28.642001630380694
1.0 -0.15980697698554955 -0.9019747401403216 -0.37653966142191764 26.50179993784173 7.195479229197075 -40.24436632936354
1.0 -0.14334792006175295 -0.2932421615459134 -0.5740727492245954 -39.973655703015325 -24.067976150597715 21.649714998793304
1.0 0.17091400519260344 0.6035862300161479 -0.3416771455809067 -9.257053846649931 6.802425774951919 -32.576724936571196
1.0 -0.6564018081157982 -0.032310242094252914 0.07480727376781124 -13.051611768147925 5.167182297162368 58.2353783564266
1.0 -0.7788910735027501 -0.6007724963874583 -0.0880348482748897 -5.590839083631194 -9.304509975008923 -5.2877666059037365
1.0 0.0959472417379704 -0.3543503935008197 0.5634698518515002 -11.206765561812865 50.15796843652128 -28.291215198722114
1.0 -0.16048979494676258 0.22881112439310694 -0.8902701495407298 41.477325875963444 21.70466017932225 -30.245633637971057
1.0 -0.2710603809293813 0.03424054732714037 0.3002366926266424 58.024063312209634 50.782404913156256 4.532752613039238
1.0 0.1649069163698273 0.0068682067991850644 -0.6788681657101057 -21.77436075773562 38.00782724568544 -69.52096782416555
1.0 0.5195378502403905 0.2590000842734819 0.7778502764465004 -7.903719707522569 45.25300849523935 7.565280867637187
1.0 0.3040152650956797 0.004924469076180046 0.3477863336346823 26.104143998036974 28.422352569172336 -36.0808314820505
1.0 -0.3897742193166114 -0.07365182069996672 -0.2934770891116684 14.88722164187769 -4.400033135418454 -18.037600606823705
1.0 -0.28840844225701195 -0.5425526457558743 0.08724396087271981 9.937439407462481 -15.900644639314613 26.95778654477506
1.0 0.19500668711832647 0.4963982608891845 0.8253454959677173 -29.066465950525163 22.661837027452574 48.106053322217335
1.0 0.03378312115046496 0.6319737132487184 -0.6797043724895793 24.317514923938035 -5.582151474056363 -20.04499930784784
1.0 -0.39579722565481495 -0.4301816145465596 -0.5098799708958096 -2.044304185766868 -8.739218088403259 -37.64234989323497
1.0 0.6775795973588384 0.43606495628626807 -0.36623780952704243 46.69854104113598 82.30233859363926 8.870114700762604
1.0 -0.32451120618603324 -0.2991341901501626 0.48438628882231033 22.846107006508294 -0.1562373432796034 -49.17880506019252
1.0 -0.2624142415875567 -0.11862016741290998 -0.20095024574255851 16.608538380369236 3.262865575923498 5.520430661131733
1.0 0.3790946512704502 -0.7550349137412996 0.3845219989246013 -27.05941095214308 26.986010785532283 -6.447253660683089
1.0 0.6098762326339643 0.540077591858532 -0.0073464551787906784 11.488534370690127 14.584246877680616 -17.539736930368488
1.0 0.30391229038321776 0.05564139930803865 0.23695725057565747 17.939327074800726 -17.49146868463099 -13.814649398331543
1.0 0.4190988583238867 0.09421810367197508 0.8379700783290023 -38.53553125320948 24.46378909900936 -49.11812729112312
1.0 0.27672515675640597 -0.29111104454159265 -0.8241468200351754 -35.218936969909244 4.4725302762295644 46.83315872470878
1.0 0.540092478688503 0.516864056142039 -0.0989606804756273 19.375607409975167 -39.15503163888459 9.79207861431201
1.0 0.06397323967868405 -0.8707645044349391 -0.01936299556312252 65.05034750516192 5.446264699710102 -43.094901238135854
1.0 -0.1394982563256384 0.5159993610047706 -0.5216100863839774 37.113486875928345 2.3130395618229493 -27.00987307935645
1.0 0.6301977275059306 -0.18986726859583908 -0.6327442592405272 1.9400515374340481 53.60439347667406 65.58923147630036
1.0 0.7357741482300412 -0.41866720383879236 0.47622888546571923 21.766321342785986 -41.85935531688767 -33.31260944655162
1.0 -0.14688285106413457 -0.004830288136324092 0.3737797495900676 -21.63236414817328 -31.112289507079073 15.030732920282375
1.0 0.34266016331342514 -0.20465013161192214 -0.717655109488776 -32.00082187565747 22.79664237495853 12.034417705811778
1.0 -0.575561786818538 -0.40844645649207056 0.05949728000606809 7.124959213220455 -23.70681453246077 -36.21782014254574
1.0 -0.18320444140449052 0.15703238702349928 -0.8574196891481479 -40.04744427727796 42.433935495172605 -43.83974477915708
1.0 -0.657125299731412 -0.40386924963320125 -0.19939446645910575 -7.357862158747171 20.180536085066525 -10.000498489116978
1.0 -0.6601130280910968 0.42355766236272774 0.4400680474134848 -25.14019801359784 14.521081350024952 27.71165028528036
1.0 0.16044338165745278 0.8125838928496306 0.4351250596085563 -57.127252176725754 -12.88337212269986 -11.526229931234063
1.0 0.2857984084920835 0.7497004074093817 0.06797524141475696 15.764765404605416 -11.47902009181111 -1.3871753617754503
1.0 -0.20477350132215796 0.41558696805556244 -0.03689638729101759 -2.7795415481504437 19.44296505320997 45.83993764234235
1.0 -0.17054386940358077 -0.5551239991442177 0.6626889584359632 -43.1219894041917 73.86623353447949 -20.473511288968368
1.0 0.6898769135143235 -0.18945613207401615 -0.2021586216540506 12.910513195377847 28.286443192718238 -20.498554646267895
1.0 0.6867330121729571 -0.11925381226462611 -0.5284947248653714 -35.27160387452094 11.054047299470458 -44.70763213470385
1.0 0.6589411655727175 0.2797403942689819 0.2080868742106611 -6.863285375383173 33.996413780574116 8.192658974388687
1.0 -0.6767978034609853 0.342475375093601 0.6402517812839735 54.78395304415278 -26.115121653445723 -43.48777042544577
1.0 -0.23133798859877266 0.06825885608280924 0.04518531632432826 -3.434961040669747 48.136434352230836 7.799928779217782
1.0 0.5479714388723119 -0.48167989800942534 -0.36234787318351935 6.932836127915272 -0.9756009336371066 41.803112869510535
1.0 -0.8309456896792539 -0.2923860037246399 0.1691246313256446 -12.880120744889027 11.085910958365188 22.85315272962162
1.0 0.18528277471568658 -0.5573895486586274 -0.6750859557280666 7.737062688515523 21.35703326340088 61.97011784680882
1.0 -0.09180629347597564 0.5377663656050976 -0.7865050066922263 11.751693799782009 -30.774461654753434 52.333579206565716
1.0 0.5193832071521027 0.5457126054910857 0.2584981967299842 -3.417518533247123 83.37897090273904 12.703419493816893
1.0 -0.1457358764609371 0.5023762058586495 0.25764578797380716 -52.34352698166466 -42.698926954991066 -50.00505184756281
1.0 0.6837073524098976 -0.3893518002702682 -0.5923467082094924 7.039267340749563 -38.439649414943325 4.608910442125633
1.0 0.30569171132914047 0.4272906764404202 0.18671889726853036 -58.59263490235068 45.930269390408725 18.39155006278836
1.0 0.2930242470646777 0.7829871098101007 -0.30568354545000265 23.572659953285765 -69.58444523480843 -12.27487726556864
1.0 0.7003990069989384 -0.21364507353951448 -0.48686432894550197 -17.443107669352493 -23.812079461529912 46.40821134574659
1.0 0.44456175432633505 -0.318003506275974 -0.31715849696866144 -4.482563650347921 -3.2780633078010055 -34.59752634309784
1.0 -0.20228049537717702 -0.11164126401808123 0.19132449129773774 -2.336036040173127 5.762165233450524 -8.402403826067204
1.0 0.8319619887339368 -0.19206487974760084 -0.25297195623965557 -26.754812302037926 26.500389514493904 20.73203359601842
1.0 0.0986027863542639 0.5905107307322787 -0.7972664999790782 31.386015552807528 -43.96147288863213 -51.417318663400735
1.0 -0.7245483817119478 0.47526190039017296 -0.4524954479443793 47.99905235232309 40.7548618621827 -7.245949789650261
1.0 -0.5006716427727617 0.23268116480367743 -0.585654270000494 38.3936320344801 4.79851630317143 -28.6133637034829
1.0 -0.42697026744145394 -0.5379039256499446 -0.5902198729898958 1.6602763206166837 33.721429779822515 -0.09144741398767806
1.0 -0.6752200868832162 0.030706419832602097 -0.7304842370470804 -36.55411605178029 7.3502233729557735 1.344667914986258
1.0 0.4913090703327162 -0.1258081320801198 0.8376018549755051 21.27206636282402 52.23975200341557 46.22092554003572
1.0 -0.1132564651699417 0.17248132112564055 0.09197700136539991 -3.6487082322199247 -8.423375711748898 5.0058315709138865
1.0 0.07194605445054261 0.4363149754812375 -0.49797216164443076 -27.913555126249015 -64.98939489903164 28.950403709312766
1.0 0.43118503751266063 0.5566281025980657 -0.07721435657618768 9.577190320138238 -74.48691846731941 34.17996128155734
1.0 -0.8024477810999059 0.08411001785794243 -0.34943400994328655 -31.656923233799166 35.68097347103151 -39.00283590054309
1.0 -0.10044923254743444 0.8532140878897391 0.014287930818141252 -18.036385900176295 -24.20252214280076 8.814310266192873
1.0 0.39599104214765274 0.2926356046865256 -0.06057153605083854 -27.754602179072112 -9.735863205898411 -16.336663038563692
1.0 0.10718668368115665 -0.9466182909287021 -0.23507981343588386 65.02506930748103 -20.04142044551974 13.838207404496957
1.0 0.3926029940206303 0.2391681127835044 -0.3126590338489794 -16.919098925926562 35.12086933347385 3.4825084948619747
1.0 0.43965787340211393 -0.03862574128481326 -0.6942113543285506 -23.67467238578993 -38.111815402030885 56.306871147063596
1.0 -0.10927579712320819 0.6000479183127252 -0.6007688956483866 -25.560988958208377 -14.943714018445977 -23.665995408003077
1.0 -0.24825153486677382 -0.30530662604355324 0.7970493206697812 51.239835624451636 6.330833628528487 -34.21243609813014
1.0 -0.699327637095839 0.2974376330658782 -0.22850454437909112 -55.7300309532692 -31.698662918987516 -17.7274163353664
1.0 0.14534221089993202 -0.36181744408213984 -0.8276320975739847 -43.155661529774946 -28.858620254005388 35.16172888321562
1.0 -0.3942895591320276 -0.33878442856661256 -0.15752591355130033 -1.7976710616028744 -1.7225412249365248 -23.795774523019954
1.0 -0.5576370843093251 0.026244497006810332 -0.6572273144606354 7.789246578691427 -38.38948843521881 -46.00998445898742
1.0 0.5937028878913689 0.47812769779299397 -0.6163506952348614 20.94514146932263 1.22856784800988 9.128239409764213
1.0 0.06142195029816891 0.7523416482416488 -0.5465044362210963 46.71914864637594 25.881279613106745 25.959520478532376
1.0 0.2769458777840519 -0.7230644592422103 -0.0911274441972584 -8.86269388513358 18.310148932747953 -44.3285415667917
1.0 -0.6836444568615753 -0.4928862556767625 0.3617328604548636 -53.212925918361435 10.748047610869785 -4.038426307673512
1.0 -0.5318263073186505 -0.0743814977865426 -0.527073096237483 -5.546309871663177 3.6056896421987563 0.6236034212308206
1.0 0.03328227515626875 0.32964084585677367 -0.6749211902386718 33.68849957425054 -44.27760412893797 -21.005797989713756
1.0 0.20505440861813917 -0.06833456511239512 0.0993000877126252 -21.72868651405267 -66.46319023789478 28.006853615460656
1.0 0.6669006076010963 0.24337910904605425 0.5346753749129627 -23.363993330393228 -43.17978024189542 8.821875347644134
1.0 -0.5936882413305516 -0.2389295062611781 -0.4479336373934671 -0.18288306119156614 -43.90693598415265 -38.28263989981049
1.0 -0.14270577829048814 0.836398213236069 -0.033930697321927605 1.7752316694470347 9.379357617340345 -34.69883628505999
1.0 0.8523854511074865 -0.43895000850554716 -0.04594309263138041 21.194403592444825 36.936700151745335 31.920063518932036
1.0 0.3545761723907714 0.1376234860492756 0.7639508498980753 43.44886939174987 -12.390918388056816 18.79091488874087
1.0 0.0552579031135178 0.13765311573164227 0.1325317604020461 59.36206513809065 26.978720640956556 57.88328427513713
1.0 0.04180732168077462 0.7872385607766776 -0.48899987450549653 38.75855275879013 -75.10284141472461 56.96748433976173
1.0 -0.5289442913689657 -0.5553362563022496 -0.617234384727033 2.6155447015569906 -72.00809043504836 23.022742397377552
1.0 -0.06824103692768162 0.18843360799215494 0.24886783620808703 -42.14036223968403 -55.07203799040229 12.123720490595755
1.0 0.06285303930437046 -0.6974238633772205 -0.05426905335664028 -59.89935401913122 15.86862510257108 -36.27146687618212
1.0 -0.13376396722512188 0.5021792784040497 -0.8542621413626016 10.13618002513331 59.4692553134039 13.854464511812923
1.0 0.0848302822582411 -0.05924080395404197 0.17540704128342333 30.0919522032808 37.66523138073185 -49.26406064691012
1.0 -0.8004816874863342 -0.14197623611100482 0.12220714418744659 -0.9592795815996491 -51.44951742366054 62.464410362529925
1.0 -0.06828894985524801 -0.8535033985245832 -0.2744235901611323 -7.823175437221085 28.146550772722115 26.72783680371558
1.0 -0.7979089562969652 0.16915054284846323 -0.46919857785572283 0.42102052470062834 9.612116344782764 43.18718128357009
1.0 0.7530233876925911 -0.39691985224580006 -0.15189940004755206 18.415766546512852 -46.73210017837046 -52.04827043578884
1.0 0.07027285444919844 0.3042582256706217 0.5646568884085053 24.458886396922516 1.2464629783886998 24.933434245888186
1.0 -0.2711301900852138 0.43936519100211713 0.7266649535898135 -6.37013662901236 3.9235074278954802 31.58073311481797
1.0 -0.031464790120546024 0.021805678342902708 0.991725473950635 53.71221613922399 26.962289432454476 -14.518110705125377
1.0 -0.030580930739023526 -0.40662629572056214 0.5587241104456497 24.191164862701758 36.25741374523995 -26.289887775381064
1.0 -0.7956181721447918 -0.2886733659177437 0.1446865247446609 -28.272143284585823 -30.695638254831046 -1.241689704691781
1.0 0.4049405955499926 -0.3755742929862353 -0.5043095226015119 15.928766386859039 6.966268511167069 -56.24901788083504
1.0 0.13469950826839958 -0.49460176955291857 -0.38670415102892464 15.264549429942637 35.0334183776133 26.0558999339811
1.0 0.055232607879404594 -0.7277564171940188 0.017218983202310346 -28.821676804975517 14.230043204006346 28.02489020877762
1.0 -0.1201739702726198 0.05936968832048271 -0.8047059953683378 9.05365427033429 10.749991799238547 -19.393991865096126
1.0 0.30631753084283575 0.7755968713285982 0.4565348944338619 -35.095378706110075 26.334463678795757 39.53744251374061
1.0 0.05034928430660267 0.02696155656017497 -0.32401713028321205 -42.80977060198986 6.6179092792065966 19.04141722081644
1.0 0.021981629959877576 0.7772109079166647 0.20309325218940696 -33.09742091930316 26.341652644898673 1.412961425434654
1.0 -0.19564046478884964 -0.6109273149633988 -0.1520421867583123 49.51097861095378 -29.566578098424785 3.1579497460880783
1.0 -0.0572418015870833 -0.801883769817117 0.5071942298968389 -36.31320142001489 13.330367235088694 76.34727977610535
1.0 -0.43566108432577705 0.19409201800742681 0.5649839072091469 34.31825136539628 5.489574925190483 -57.070020492597735
1.0 0.5011799674821066 0.6269827857337079 -0.44244330120087344 73.30125226213636 34.258537319768244 4.937607906122682
1.0 0.3529572672833465 0.4495282676319704 0.48354191261584356 42.37712396071719 -5.727261886614317 11.526151249000762
1.0 0.5142550456282299 -0.31340892710936447 -0.19081204061074752 12.115014465685622 -14.513455277883379 39.60385579594801
1.0 -0.4051053557339006 0.5109162924203844 -0.5535141665303632 -16.003240923004377 -49.69602866438424 -6.781960635549262
1.0 -0.4873767733599337 -0.3487321113729514 0.402572487266096 -59.56488166964501 21.664202168648114 -13.178835600822739
1.0 0.060841462119603146 -0.0006958063097000429 0.41212341385368184 -3.8839601280259624 5.405150325345526 -18.952174294357512
1.0 -0.6616716297765801 -0.25354534232495135 0.02978624997759014 -39.62825213460029 -75.03230413794817 -2.625968042947033
1.0 -0.922755673353344 -0.16853113229701977 -0.06714323964006111 16.16155599906539 25.71163370949786 35.56802666980291
1.0 0.6533337259546799 -0.5882911170525512 0.41129046627921223 4.65753692113707 23.079757283755495 20.412306827566944
1.0 0.7123084769527057 -0.07960585197137328 -0.5577689900986774 7.691040532186926 9.636115815115195 -18.109119481292836
1.0 -0.4696470785449427 0.6164987235096793 -0.0424984055538566 -8.053710705440274 -5.6114211094899735 33.24148626493534
1.0 -0.179153883876127 -0.2525134791795936 0.7515266967275389 -38.12822967495773 -30.726407539474316 -23.02734765663364
1.0 0.4652635754338291 -0.4267174771297948 0.4117956600677178 -16.275828148590065 -22.810993700352903 22.537048931577928
1.0 -0.30385667240456304 0.43088079744015884 0.3833113849292396 27.713649000177906 16.60950678258551 7.9178961078084855
1.0 0.7177748318888589 0.17803224120351396 0.5402768080137933 -14.67916860719918 -5.299212351478417 -4.462405643097085
1.0 -0.5653993060977552 0.2872392220740462 0.0717118520815224 -12.320316742465987 -36.059741353754234 56.26572944573265
1.0 -0.7331980362040985 0.28762183207205494 0.48921009308010516 -42.46790179855473 -16.54530281119804 -6.764446912772045
1.0 0.2104727172877833 -0.06887778273342594 -0.24621481039751184 8.591959962213823 -45.17518202809584 -4.66766605024292
1.0 -0.22329190554693162 0.18041479334495122 -0.2285236073151349 76.45302712174202 23.765238483821786 14.315801979115044
1.0 0.6165126360131066 -0.06456292791133532 0.4908433237916046 -5.264841345577217 -0.21154437068096238 26.782733928769517
1.0 -0.46866855597370277 0.3115174046650373 -0.3727311337688512 14.467940971158647 8.317682642665078 54.90465601128603
1.0 -0.6177529900700294 0.28896621070580003 -0.676714933157611 19.413988428239872 -2.806543371861108 33.49133190191365
1.0 0.1270516672191702 0.7981146803327305 0.25960905777498827 -0.3012613013230725 -60.07478562478822 -10.63147631265716
1.0 0.6569328179305355 -0.21695792705611072 0.18649063451938303 -16.54356023055777 -23.569339061578937 -11.023201545320362
1.0 0.4840299565545551 -0.007080843771114697 -0.6988421979394817 3.7020536628244125 -50.03106336700544 -0.19403321740295928
1.0 -0.45413208736961974 0.03925544115015419 0.148230000363156 26.195344169139013 -18.32975673570844 20.02049692595692
1.0 0.06261123872517999 0.25724690911679376 -0.5955297244339793 -7.0706701725159595 21.115495175661888 5.351203156826196
1.0 -0.5503187857356918 0.5466460289202942 0.32392500842910305 2.540483016092173 -51.64129306230831 50.26277990918772
1.0 0.10603701378996222 0.3132599389430623 0.050847790770880016 51.4023350996363 6.4228823094567025 58.03170480543647
1.0 0.029032913572355382 0.32555464710735155 -0.3056491932865495 25.16916893331694 -14.161233621935791 73.46912942862728
1.0 0.08560147377377428 -0.7739327935298983 -0.1941075063034385 -51.70492393375855 43.47843445922937 13.176412223014852
1.0 0.006616116654514986 0.36937337200315384 -0.6415892584675679 -25.170085788437408 -46.29473279076841 32.75372983135443
1.0 0.17668637075451224 0.27433056016040386 0.9313061063922583 12.197986316210464 26.436755135117167 -12.99181769482604
1.0 0.3359760625884387 0.07745896469180182 -0.5270691324797878 -22.91484860876166 7.545428492729684 23.881765703734047
1.0 -0.531812185917322 -0.7042812641739973 -0.046792676632616374 8.60744716897843 40.427305864633084 -34.18655909097693
1.0 -0.6315617615517377 0.746509949889483 0.015467031874882249 -67.43784834881154 5.497677589095721 6.925624456425112
1.0 -0.16150941046790018 -0.08417263401031867 -0.7622660979002908 7.254635454128631 30.93592847945726 7.679248144560113
1.0 0.6196161059333247 0.1565846803350322 0.5445107283021211 9.116215269071343 -14.207176525925403 -10.592238323158615
1.0 -0.34573141352186726 0.26258841605595434 -0.3818154322325874 23.414133007119048 -36.02743688344247 -14.015012712019416
1.0 0.3897630045588476 0.027135956355853797 0.3223218841899123 -53.88451364127246 -40.31253338002742 15.092118365375248
1.0 -0.21617840558874585 0.6582664579147393 -0.6742167726330536 2.0921848429302794 -4.23668170847348 16.903594362884167
1.0 -0.6186424081333511 0.0347509917624599 -0.24423755205054165 -63.90449877961451 10.374395797405818 -7.792171169487737
1.0 0.1501894435807566 -0.043705296910891145 -0.5849317444991635 -7.150033667136886 25.760756187789756 -6.569782203097652
1.0 0.7446787790307496 -0.06937253665437394 0.12962849887010292 -40.280561045842724 5.948122349794481 20.46447729676677
1.0 -0.15414698286157208 -0.579790050679285 0.7691093568567757 26.371546385401658 38.69185666053448 33.587572142562145
1.0 -0.8384759863164841 0.2532995931379342 -0.32719891518450295 -29.87656690837592 -2.921255040071493 -41.06459624712096
1.0 -0.31531066146160885 -0.4877082081123538 0.09935683171440124 19.870630124860334 3.295970185519391 24.2260738116587
1.0 0.18868627980948602 -0.8524618569624853 0.1788823002040383 -40.67283469261559 52.52281745076069 -21.97616588850155
1.0 -0.09881709375049205 -0.3631244851853131 -0.1682442292384975 57.93874885674971 -7.273025719267986 -22.16492359067046
1.0 0.3453501232746007 -0.5521843433445962 0.39269051225905405 3.544622580060025 -5.469261401745832 33.72266850169231
1.0 -0.3722767080481185 -0.62263410513311 0.3305851537598406 -12.7342972158026 -7.19558793355769 49.481213406246006
1.0 0.4720197321388142 0.8290729247910564 0.06850719382059542 55.76446730954159 8.245393749021487 2.1412684858481605
1.0 -0.05883908665820168 -0.39325006256239353 -0.17436773583870596 16.51838840728845 46.16303059534551 -7.084726587179611
1.0 -0.2191662917616843 -0.423092158244622 -0.15522083557183577 21.923456634295885 -35.5906272396598 -24.36580279961773
1.0 0.03543383376181365 -0.29700599071577033 0.7109037872500447 -0.007041268175338645 29.05838945087915 -38.1375842098737
1.0 0.5232370302211188 0.5562139070784492 0.28736382271479544 14.285330621405949 -1.1586464556935911 -41.418570057006455
1.0 0.4755928154571508 0.5150153887678706 -0.6035267026502894 -38.3957335509429 27.8284807192988 52.016680376057074
1.0 0.011478994520164005 0.6138622793537226 0.6206352657625384 -27.362424974609613 -10.451431261350368 -6.161850566138443
1.0 -0.8042027603916128 -0.41258819059901525 -0.3752173584517205 -4.4172033947620815 -26.465123361322732 -36.97931453707103
1.0 0.2350025247055271 -0.9083531396868143 -0.2490211067295573 0.9027050062748613 6.525375222087094 19.65224948276645
1.0 -0.4127243650485792 0.722990134683158 0.26904463049432153 36.476511944788335 18.805662231421874 34.619418251523285
1.0 -0.08557419083105229 0.2138321121710079 0.3528613270359015 -32.756566552324884 -4.777778580652673 34.76404288563029
1.0 -0.3242134819202603 -0.4857888439480214 -0.7290136330453977 26.85118366156289 -47.64328175676566 25.65336832568334
1.0 0.40549787152918293 -0.6142392542436838 -0.4837481218712099 -27.83251618951795 -30.780671021946933 4.028258917441312
1.0 0.34202976880707153 0.723062188878137 0.37762600163595833 -28.14910608317644 -18.99755259639611 4.1224072809258905
1.0 -0.4581622116593185 -0.605345389110334 0.5646172867355377 27.30915795626594 43.702442554264415 9.046798587426478
1.0 -0.31810923039030253 -0.6475221877418251 -0.04807123562170801 50.54766124340539 -68.75193222339934 -65.55694926048882
1.0 0.11292618552299907 0.5272157805571758 -0.17694465024322006 30.49209841729822 -22.339674902630854 -4.9098030424918155
1.0 0.746150388515981 -0.033829588434224615 -0.48217170886313976 -46.417530548899165 -35.91868554600857 3.7670123104392705
1.0 -0.06853432568512734 -0.1863445933359658 0.21440546317236006 -23.32400326788741 7.778201040366411 69.91309373405402
1.0 -0.30870859117296673 -0.138822984309205 -0.2551794875628262 21.386816915859495 -16.058574055074406 17.20969443866567
1.0 0.2486943058914348 0.9261775569574023 -0.1660294651725141 13.781015361100943 43.340425458639885 18.18604481590218
1.0 -0.08736061622756117 -0.10740959802315786 -0.3855861819661494 35.57591953338436 28.181805518206826 30.76740769724279
1.0 -0.19713332861287344 0.8287193458195543 -0.2173918947761962 -7.647988713498102 -3.2843326329918274 -49.521552086116564
1.0 -0.5687996990039985 0.24040963977258306 0.5400908671458952 -39.53569905913119 -26.062407670030964 48.00675982091482
1.0 0.5299284270069791 0.15719098701675166 0.19969534706877012 48.69600646377664 44.42972946451595 18.797091810992757
1.0 0.5101114047504276 0.01579787309943994 0.25297702517829507 27.48042543232262 17.75404702696401 33.7400629985308
1.0 0.12042797509101841 -0.02284913318020128 -0.0007778317193910173 22.217424404884657 16.14684046645961 -5.416181013640778
1.0 -0.29446096739849775 -0.5066782345017383 -0.19255594837687545 51.12405310494041 15.85505347821122 2.6981948219940914
1.0 0.5122468297967352 -0.13820943586960754 0.8052722604890113 35.55828215311434 13.262727029010751 3.860079942529924
1.0 0.4102234753230446 0.7872500298172365 -0.25937310059668445 33.265065991079986 -5.723104765662534 38.66106618394051
1.0 -0.033110685213178406 0.6193664220493297 0.42327080206810475 -19.351185983563397 -21.324640246040648 -29.538053673258684
1.0 -0.22993028763720758 0.3753066027189169 -0.40495537437779916 -21.468451154611966 4.759374014939824 48.667906904445154
1.0 -0.35941012068006234 -0.45176463897909047 -0.24158680181701409 8.763923993869446 -12.885352568319199 -43.28525762309474
1.0 0.07959222021493807 -0.6231049462138195 -0.748591553739524 17.52231915102692 -61.37925599334284 11.332304636114156
1.0 0.0336143516271472 -0.4224687152327916 0.44421426398361075 -27.1019703410213 47.37088746042377 -55.46262016486944
1.0 0.4015461707626757 0.6647057357431162 0.12826097348313098 27.70183631500724 3.9237231822598884 28.416427360707136
1.0 0.5412597759944188 0.08492612386430473 -0.6439043415739034 48.803769040541646 52.11240499857392 -10.479771633843924
1.0 0.5328736223996534 -0.2399614912233666 -0.7065564862017741 1.4397665382205616 -42.906390232001506 4.693106998407768
1.0 -0.18507676646515606 -0.19981326187074308 -0.08859919076749116 -18.245628470266702 -27.94358975575147 14.401228204464836
1.0 0.7337881220013567 -0.005405998912936616 0.13959703111346808 -2.251864615724651 23.34846728154035 -32.03898802554699
1.0 0.4695200049520509 0.41890771683790357 -0.6147450708242904 24.287634003020756 -2.951378233331336 22.6810764552225
1.0 0.2899570586287064 0.30528138285891604 -0.8313306341260723 1.5058731985699896 -10.255403489024472 -60.52394528146312
1.0 -0.5590499898414037 -0.3952714357721798 0.06186660951558454 48.26586815730032 34.65596161144495 5.470535050509178
1.0 0.6064199598902316 -0.514140832282923 0.45781190272371014 -9.293172611664462 2.107920718009535 -54.652540053882745
1.0 0.6332541596414221 -0.300131980030847 0.32850390611394714 58.174385708946225 -1.961163941066992 35.65639622430457
1.0 -0.20240054792108633 0.8769514521020508 -0.20657462952939612 14.087022919177565 56.89821303218869 -22.590199746749317
1.0 -0.46804683311986794 0.6724559575452282 0.5152760889538437 -66.08200587243309 -14.94284739723687 -1.9881957007797395
1.0 0.7249791346871999 0.5431976211959307 -0.08655114749720144 22.824165467113414 42.21920374158506 39.19022062181373
1.0 0.07323643725479381 -0.7127704670606205 0.3672436844433786 15.059944503594826 -6.594315022175106 6.18542132221496
1.0 0.712684621881736 -0.16701646845106494 0.5284279357246862 -67.58288337687213 50.99730908271525 -46.31310198777592
1.0 0.19982121257124053 -0.16010268367102382 -0.5205697617950639 44.98266181779436 19.817265259701752 -7.586746385894081
1.0 -0.6084647751130408 -0.2133242742004595 0.07010790940399023 21.67154230922922 31.678716194411447 3.5515188958415065
1.0 0.5260027606517836 0.15278570983784742 0.24002362778989664 -26.23938782233255 -14.495731810780521 -31.38911913666938
1.0 0.6661969420213407 0.6257389591093396 0.17775692716858696 -4.3449819325659975 21.131630632808847 3.3684910258233463
1.0 -0.49618210901152465 -0.3407782500621766 -0.32794329227007285 -16.570573879848762 27.48743374156443 0.33530470484992114
1.0 -0.25326914947808005 -0.7910692305441518 0.14791822799513935 -6.223222829369536 15.962854607374942 18.368714783454703
1.0 0.6886925318791192 0.018596506717247434 0.5053788702652791 0.8629357276709912 -74.4376853697203 -27.630824759197907
1.0 0.8768208708128866 -0.19446780238093844 -0.2740066664803219 -41.48064217858004 18.018210431632966 2.696655564299561
1.0 -0.1873951994313188 -0.8480708110189763 0.37850043726894195 -24.47310014328745 -31.98246844119374 -54.54679251105587
1.0 0.8042726905368954 0.11687118416975122 0.3732270818368479 -22.741405302135032 -47.93264402794467 -17.04546617906421
1.0 -0.6771658801935402 -0.05890683615583231 -0.5064465362488146 -24.19008919547121 -15.596748555437308 77.6936709396398
1.0 0.2545081809105931 -0.7564475612237639 0.3812730842335471 -46.70929193446718 -15.004236596085743 42.844950466487894
1.0 0.5263973739285903 -0.14327690365067036 -0.32993577452034045 -50.91309216546533 -19.86865637191903 -7.046002385514584
1.0 0.3324961661142085 -0.5727905645664997 0.6923429738465576 21.80348109034956 -15.053203273832846 58.96669989499982
1.0 -0.3488767975847567 0.8331931058737387 0.34262545109296255 49.607261010609506 -6.570032127545509 12.591453065618788
1.0 0.09773517659689825 0.23520996016590429 0.8861436070651152 -22.990522887841593 44.83622353599607 19.71838273565688
1.0 0.21602069796994064 -0.15933707584192472 -0.09294077807661294 -33.30504137661331 19.121399577018305 -48.6639486793072
1.0 -0.09175760691359838 -0.1940653310081067 -0.7791986684135122 9.711711504183336 38.589187701323674 -23.119896639133323
1.0 0.6956336880549333 -0.16481161531183242 -0.6571378962266655 -49.52255921658298 30.221295428074953 -23.82065724136618
1.0 -0.32372279887975997 -0.4275179933612796 -0.14541259787753189 34.692489785598106 -12.463591680835911 19.535150517896135
1.0 0.036584629693740135 -0.2763930510253737 0.7242425016751001 -4.782865256530475 -38.363915550422796 -7.332051508912616
1.0 -0.36910305632047197 -0.23435946639954333 0.47227954769414965 -57.202983683481655 -85.34700042939109 -2.091493621464641
1.0 -0.04011037657524859 -0.5145178663436291 0.11849100005491227 24.453266850756847 16.248217007895715 6.7307961901306745
1.0 -0.006506528681939394 0.835044596462552 0.4791290624638329 -11.696444141420049 2.947954029383879 -6.348854064520281
1.0 -0.28254973083925955 0.4011991059124528 -0.05215613782003975 -12.037961464205276 -28.50686482518728 -12.75998869153439
1.0 0.03643287996957722 -0.04361052486198252 -0.8753307993826492 6.960343566604351 48.31095678930654 51.12814710320567
1.0 0.11284815788281681 -0.3484717668146299 -0.02727342230821259 16.974265154288013 26.364020076037804 30.163964556424226
1.0 -0.6019889023393885 0.002616734451525653 -0.38928241768148525 21.045239755550238 14.748232420614343 60.928659003955985
1.0 -0.23098716573041267 -0.6156043531833502 -0.24754369616716643 27.902569402037756 21.842778757960485 3.038205744076376
1.0 -0.49838193416382703 -0.37279013313347215 -0.605044576803851 46.72563511982422 -13.236979558265412 -20.103455808158273
1.0 -0.4377564780949454 -0.04190536775877899 -0.7248824694608588 41.138888656538796 4.1046613265439 -28.870027901928093
1.0 -0.16123629596610542 -0.5720583201325719 -0.04379494501260655 -10.921155071035821 -12.706715695707228 -14.325224943063956
1.0 0.4766954222071012 -0.6247648446071927 -0.4754433427202034 -40.01050637746545 13.778007444842842 -29.39580335094232
1.0 -0.1435420084880756 -0.7474789657436075 -0.030418536194820683 -18.689411892454615 12.279377174167385 4.145137745889874
1.0 0.446789209002713 -0.1420807627554177 -0.07902840543508012 -7.944930840374651 44.8043021353371 -15.611482481695937
1.0 0.6620100409523858 0.4402039178084555 -0.25551423521956695 -27.255161677323507 53.62522865896042 3.9543467030241963
1.0 -0.46569381844457564 0.326453481590633 0.020674309090329045 22.627386586986933 -20.718031571354473 -28.0422851299493
1.0 -0.5301569062650158 0.3976156585503077 0.22559692652944346 9.371450186160107 1.5048339062934297 30.44329554908381
1.0 0.2882342264286922 -0.9320956518451373 0.1243790741539772 -4.028119279552108 -10.52033735317827 18.327351489071727
1.0 0.23175959947682237 -0.35859900510224907 -0.8709023620409303 -37.21439922626084 17.945289874288946 -29.293355573629107
1.0 0.4466278964621836 0.24481137855950827 -0.382875021956093 19.348223839063436 -10.016740222989664 -27.625843640115953
1.0 0.39230846459917235 -0.12993796188990606 0.4868493230331762 55.03486341472548 -4.255237107505452 -8.05050603318111
1.0 0.2639078686112515 0.011249760911127902 0.7835108880397312 17.12376400527507 -39.21366599167055 3.58700596655166
1.0 0.06100398686046639 0.40397044657724196 -0.2718327124621044 -12.152883994523458 53.21810318155464 12.345117226836123
1.0 -0.5384137963377214 0.504297941422301 -0.46249819707359935 10.890646139277413 6.3800463097605515 -54.923933794229484
1.0 0.7805167076518468 0.5252907049924521 -0.12391664148680817 -19.623968462185143 60.825128902671125 -50.33539518445464
1.0 0.22482299054785074 -0.0825580334626157 0.2650640175003695 -28.63523964926375 30.653549500604754 -8.412827937636798
1.0 0.4140492610196203 -0.11693151691330587 -0.7065227561329379 -20.257051377874593 11.044465751727893 -17.06474279513766
1.0 0.1794978081502211 0.6052657291438593 -0.2747411836336792 -12.81082549140822 -8.228486923048784 -28.176981670604086
1.0 0.13266540869051202 -0.5082773679990161 -0.6405145866439792 6.57412520728442 45.576138031511846 -75.480944671375
1.0 -0.28878064225117145 0.6803432484779004 -0.006151785640643716 -31.838278522377795 18.817014624655954 56.457516326440064
1.0 -0.7657819621210881 -0.11992789979734088 0.39524972311366674 -20.890137977279867 -4.938090931378081 65.31201276210953
1.0 0.5456467009528109 0.30139998444827343 -0.5593508101109768 -6.205066491146259 64.2079442898102 -47.10711752153914
1.0 0.5182424398224506 0.8265713502027099 0.11492750184145867 -40.567657573018174 -67.86594944968942 -45.0455095741414
1.0 0.23679797758727192 -0.5115580286893665 0.46900870208052575 41.07094830360001 39.87963016462118 43.32972575794562
1.0 0.34413069347221187 0.2303814010380625 0.21667384315797697 -42.975568322649806 -19.85128676736253 29.166208341658603
1.0 0.5604751611452023 -0.2499591629861572 -0.05085880223289783 -24.183315645164516 -1.3904627031085492 6.670375996518402
1.0 -0.16903091449588686 -0.5609514422214855 0.612681639420057 -38.07054341009038 38.350096254463004 60.71376723168483
1.0 -0.21241323946389581 0.5056178043766036 0.13047365718740916 -22.359989017003617 2.6312392303018504 22.122893115320412
1.0 0.25044442715465565 0.34172457481288837 -0.5618600092676197 -86.75587762141718 12.76281534860299 1.0834411338393128
1.0 0.4619299154093072 0.4279272941168478 0.6342150112140117 31.686749097978804 6.338833956005884 -81.64061765779952
1.0 -0.3798371305986925 0.8025267944526756 0.39362850347973244 8.44687219366507 34.066278133437955 6.163138565791703
1.0 -0.3857011154548192 0.29369950960613284 0.07738295928213393 6.89658497345156 27.139406038211163 44.00877285619922
1.0 0.027905240203912787 0.3513484765534118 0.04037636729183654 -53.92858622534273 -49.99462937959476 8.364832864084912
1.0 -0.39267097886604935 -0.1665053963122179 -0.30541885848159034 12.510988880723033 9.154291789378691 -37.77351320415736
1.0 -0.6600216696527581 -0.35701967765295983 0.24995734442036538 -26.06813261107228 -21.8945594237418 -81.00828180956967
1.0 -0.37714000460540936 -0.45593408330138 -0.7380505600547144 -22.948773343739038 32.961052440039985 -56.28659252295074
1.0 -0.5710665191869634 -0.15395208602684501 -0.6278468588734837 13.937630319686372 -47.489967971830644 14.659675447457234
1.0 -0.34008721601148717 -0.13800667218285106 -0.6484202858322378 -25.723329654346802 -8.337945302990583 -11.7451105437273
1.0 -0.3380211570026213 0.11604292922011504 -0.27445493906863433 -60.373788583113765 17.791472590712743 -1.0648498411035807
1.0 0.3346274369223311 -0.19667155596618296 -0.3709583177717386 -4.504370837394373 40.061771238665344 31.90799342729676
1.0 -0.876260874729211 0.43972935526544243 -0.13298908331164702 41.97938023105421 -21.670786796309418 -34.31617996931267
1.0 -0.43103149897882664 -0.1970294532703726 0.29447761629998553 -39.094697389395606 -24.583213402771257 23.653133424606015
1.0 0.26832965876342163 -0.4592756090574222 -0.755925396531738 1.0352982566852482 -18.06005640198121 -14.097280288651303
1.0 -0.10011874460455022 0.6478766977168899 0.46590495432061385 24.10808820435058 13.115460458689482 12.586139594336313
1.0 0.3761306776010777 0.5848349456489367 -0.42920475761862475 -15.927615827017927 7.040356638140624 -33.315025178114304
1.0 -0.13577161360114262 -0.514928885478224 0.25360032382474884 35.03685119075494 -21.308557509503984 -13.041190140939547
1.0 -0.5174656554666669 0.6204262114697009 -0.08567801296236092 0.5789617197955729 -22.359864101300193 -9.493139163378924
1.0 -0.321439769356957 0.03804599059401058 0.8922909130528819 -6.897044609616898 -0.18401394128630183 -22.79699260282193
1.0 0.6942691962088904 0.2601947612535371 -0.6532099662807302 -50.08397438991009 -34.36002435318436 43.64982402439098
1.0 -0.22117622435960838 0.4533947232647763 -0.8585530215443714 -22.8386466227282 -2.9198765833275937 1.625972236074804
1.0 0.1795575468029115 -0.038760759593703877 0.7425489519444791 4.593450062777873 12.932579725612515 -11.70130364860134
1.0 -0.2343204205136149 0.5193009278822863 -0.18237308199304458 -78.1947602702029 0.3088084761281163 -0.5140268952099369
1.0 0.2267491331180352 0.32393813213869654 -0.14319195640836213 44.6198633258421 32.48101914258647 -35.74788367630151
1.0 0.502360490940523 0.48969012385689353 -0.6609197726026999 0.6424335059754029 -37.91693345034992 4.828811109145769
1.0 -0.9391162140643768 0.10881999652185548 0.23952142180101266 -26.43232519822377 0.5320637524920132 21.220523916507364
1.0 -0.06425165072065898 -0.007073384502028721 -0.13180463484560434 -20.197369172866864 5.0674291336586474 -31.650411236463338
1.0 0.8322980169113622 0.14800125422632948 -0.061497386312749903 -17.420229022984113 35.30213385240968 -20.927229920549355
1.0 -0.7625641882227757 -0.03090659429871783 0.07000019915616373 -25.665676018238607 -43.864500066960524 27.73247030454602
1.0 0.25455684816599106 -0.7224557215724179 0.5762798043703337 -73.73748133025751 -69.0995906978001 1.7951365962818886
1.0 0.920652310372154 0.29541857953634826 -0.2425931768920035 -25.595704018165833 -39.976665667065554 16.683169990184833
1.0 0.1757352088245867 0.5702618874204873 0.5893319280142856 -60.83989984347908 32.647003720885216 -20.70059281358535
1.0 0.03832891905323177 -0.3858095679512067 -0.36101100788934115 21.381206612953818 28.167638328217397 -3.236279696049038
1.0 -0.36807014457004517 0.7205546905442859 0.4365335274905633 -15.99545881121186 -23.535149554187875 -29.43380212030918
1.0 0.37830058342432404 0.6692472676328333 0.16566360322096707 0.38445581779566695 3.8396417721272798 -34.47082461764574
1.0 0.5035256424377338 0.6199131821088791 0.42753523112563635 2.536455392586103 2.8237148883623346 -50.99576686606502
1.0 -0.2717544848409598 0.29059694476832726 -0.6757190172567551 23.114942123072904 26.848684442641655 -33.16511080056311
1.0 0.03638185108817977 0.17796904687875767 0.3611644420485237 -15.898620932994826 12.318476379838676 32.932438564242354
1.0 0.9022438160262127 -0.031094704351070097 0.3651898726979308 17.592458262686964 37.11203435157501 -21.74902007697934
1.0 0.21647979894851038 -0.02726130861817078 0.11923738402640374 18.981689150991496 15.079294478131274 -37.631677762168124
1.0 -0.0209776810037134 -0.24303836530631487 0.10321065431864113 59.46991169708861 -44.48967198094045 5.909562016154959
1.0 -0.6149975335341694 -0.4156819800745097 -0.3606589786739144 -16.147769838930387 -55.59900388501008 -56.10405921236334
1.0 0.8211213653399841 -0.42007500024114997 0.05634546120030847 -8.590576812818092 19.86155923303243 23.009418537848685
1.0 -0.202089683147865 -0.6061641892331191 0.2938386331756709 6.860613222892917 -10.494448321240847 -57.831388790843505
1.0 0.032554648158084586 -0.0008862646517340595 0.5314103502488194 -15.206784321174935 49.53543924625495 10.905193183696657
1.0 -0.6711001326067689 0.279618648948552 0.5676850775617226 -28.96777200654721 3.278065138038649 59.5186622064898
1.0 -0.45600112689603317 0.6370987781431059 0.2775366707718298 -35.72916016006823 28.33329885955894 -44.09924021555074
1.0 0.01653386873869241 0.9821083137505462 0.14902203577664466 26.912025532454752 14.23049020765606 -3.302685252376421
1.0 -0.21124359885794872 -0.058447432682800525 0.5810210349648925 -40.236746617259946 21.606796297124955 7.607034147447035
1.0 0.23687193141439153 0.35212786984786054 0.3574584118801917 43.141239846403224 -21.17355859061397 22.95107870139171
1.0 -0.3389100253282274 0.11169491976515179 0.025745606579488354 -54.7624513154744 37.895249189389844 -8.783412378892136
1.0 -0.653579193611608 -0.13412571908681142 -0.09981875374024894 24.465078993998002 -0.7940463008386347 -44.34828478556321
1.0 -0.08528148254396266 0.849609492088601 0.037909687521361604 28.9127102710174 35.94667700225432 -45.302239901354646
1.0 -0.9243654776273615 -0.10669456838462345 0.20273548488793752 -17.376536082111965 -27.350148257370332 49.89867028300518
1.0 0.7446812316564633 0.12223551959479946 0.5110354986822985 -57.125404237155145 43.97300298886026 8.77324768812141
1.0 0.15603873300503712 -0.33014570690769873 -0.8458563711224941 -7.167835627251479 -5.187098979115952 -57.949684712595264
1.0 0.0395368646355019 -0.5662324073244991 0.48343900420226216 -31.646942780336154 -1.7498687691166332 -8.284989456223652
1.0 -0.14804378964404732 0.5390841396526932 -0.05228323550838359 -7.625562084658425 -57.24722812644888 33.91980686702333
1.0 0.12334254442845692 0.46129113093913554 0.5583197169119285 -34.71610850821501 -14.220633833017612 6.488124151086199
1.0 0.5142423979901483 0.06114540295355417 0.6244468447375991 -15.098856164591448 26.115593551646047 4.979412898698366
1.0 -0.5039685588946397 0.5828087223343921 0.571629181165822 2.5883430967802323 62.39658102290928 36.044144882674956
1.0 0.6764009096611294 0.3716375789924253 0.4157876344468266 -6.894626491528082 -7.420749728888371 12.505405079517242
1.0 -0.4356680318760082 -0.4724332847583325 0.447948636208777 -9.689111171635595 34.50282537207785 35.42692749951924
1.0 -0.2718080125391199 0.3514857795303207 -0.5618108834082188 22.362307872865795 -11.047626387431633 -0.60719534249925
1.0 -0.6539271032835932 0.14337133808341918 -0.5732540416239401 -7.911003271134509 -46.08233037336044 9.375241432133425
1.0 0.5729908424427319 -0.42383900334421143 0.6232505465061566 19.212609864988558 79.62734721388337 -47.76905382574668
1.0 -0.443526278625712 0.08845718859974354 -0.5926662501680917 35.47794364466137 -26.15945670195737 -21.601203519899823
1.0 0.10041810575098839 -0.7917206645612758 -0.41398820743943315 9.261455190850072 -33.18938774398263 -31.36210640949744
1.0 -0.5857073768607219 -0.38606082855554613 0.21625843430602426 -39.79324699010455 40.90547794660382 3.1304461164126693
1.0 0.25483769207881324 0.42056302861727407 -0.579790420752325 61.6129636817937 -95.64225127205079 20.305739955290907
1.0 0.3048523777073163 0.30526526971142304 0.46621790743785 2.527064402797156 -3.6588596418639643 13.695640921154215
1.0 -0.09143139800909944 -0.1644861163350833 0.29076393867822037 -33.54883890625817 -21.404698728748386 -3.034755830798029
1.0 0.380978229088597 0.6802420110925919 0.24213926450634712 24.255025502785934 -0.4390004276415291 -32.18871529569119
1.0 0.05190085977604388 0.22896267474197332 0.6965149385065036 -32.211952354056756 30.634671961504615 0.4026957460782847
1.0 0.04071403970239715 0.35334914978891885 0.48296534732226715 -39.113472404595946 -36.41210392638669 -15.769443062107019
1.0 -0.4708407561715908 0.6610338715903994 0.5441926045346523 35.171456568890115 -42.044336537844764 -10.225334015977252
1.0 -0.7750407504667903 -0.5572045373496083 -0.29743263804670705 -49.58206148212917 25.948312110516753 75.14540667462656
1.0 0.8833759084362509 0.07694254252791505 0.022842355614378394 47.55953783989498 47.46271083530775 17.048245370116433
1.0 -0.6770243138516987 0.672416194754656 0.28769332588107666 -51.554460050245886 10.916800875424423 28.842234470439728
1.0 -0.2588962531490949 -0.5779900695369766 -0.4462835971774443 8.915730697523884 -7.423336532266512 24.150393181770824
1.0 0.7216813699430418 0.04230873346257594 0.6411011068044712 22.76078932921312 -38.116435165271234 47.318605068508205
1.0 -0.38434816630362284 0.3393033475600702 0.16599371720309658 -36.092313845389285 -4.387899801289551 50.27227888839001
1.0 0.03762360328387402 -0.1525054140644022 -0.960281260902489 49.07614895477328 38.6457893943028 0.24298931159603313
1.0 0.15180823116566922 0.8949979407445828 -0.03439217868410962 0.7396807923476317 25.729596255928886 -65.99074202865363
1.0 -0.28573557278520423 -0.2160478818068168 0.11441800169278703 27.258102492508222 -11.543048901413814 -59.67517817486714
1.0 -0.6422323613860175 0.56790577372173 0.24980575101079003 -26.4745382069322 -12.182891648986292 21.941321212233998
1.0 0.3459030079236313 0.08595437217730693 -0.5069756270543365 -38.232992181268976 15.918614497629328 23.335547942885377
1.0 0.4641302689625044 0.49280238260059245 0.27019443694693074 -36.41825173498997 -26.70734246038482 -27.14999622777541
1.0 0.7030808289421466 0.04255132973203361 -0.6468350352323888 19.40231816567863 -37.68395442566561 35.56118816158633
1.0 -0.19964644737358828 -0.3652529812279001 -0.5080922858257011 2.7737938634853423 -30.96518992494189 -44.6923734233333
1.0 -0.5223264174408191 -0.6273797277614886 -0.3764515950436252 29.251050273079333 -16.700379572810043 26.395540935006327
1.0 0.7932236444888511 0.18707477091353147 -0.5015246149282861 -14.350015010844881 27.85244039703325 -14.405945711660987
1.0 -0.339139392385788 0.44215784973767314 0.11766491530980758 -13.380713277033383 6.386206226431326 22.0697941091236
1.0 -0.6937481989033247 0.500364496035613 -0.45270116752640377 13.674897854063644 13.847042399245481 46.0862576237956
1.0 -0.34631451859613105 0.45782790543398355 -0.5468503591556291 -14.027979960171724 11.763288793593253 36.899808799514
1.0 0.06892862275370722 0.11360404817854004 0.13480120611643065 25.202864793552283 1.293859744266607 -23.231260291782302
1.0 0.7259424195639141 0.5255932544909417 0.20951523407019326 14.952331934771253 25.021344333661855 -24.773100243408358
1.0 0.6477975078842386 -0.5778759347474732 0.486396591832586 22.555993111920326 -48.25071622148077 31.488537484112584
1.0 0.3021169701687569 0.413813870849494 -0.14343565622753277 8.63409330077093 -45.92106505516728 -52.73823432752548
1.0 -0.4908144427584973 0.45108285746983506 -0.5228257318620682 -26.181929377581156 -3.2534191905589496 -20.707056932074885
1.0 -0.04348358445155678 -0.6941997129469506 -0.6132663392336776 -62.9674111415603 4.7043469168582215 -33.07632283768283
1.0 -0.37142175462216126 0.6979654694291574 -0.5267991133427502 3.5302477975304303 14.900211307322836 13.799260774598563
1.0 0.17980257329253233 -0.529710944957344 -0.3317395122107398 5.459871141520412 -0.6077729654257074 10.817963165490077
1.0 -0.7302979779874327 -0.5667060634584808 0.09444784319601086 -16.839607615071163 -56.19901146262982 -10.695344950335198
1.0 0.24249776144298352 -0.2755656516747787 0.7149738472175895 20.620108441050977 59.790117632169434 43.648615251245815
1.0 0.18713836519261226 -0.0796396200812659 -0.5138546545785413 -52.46504193209838 12.592744910368909 -30.32775888596217
1.0 0.23504704977786275 0.868448196749325 0.016264068678785087 -5.940241759645191 -32.11261638443852 -18.52794557943754
1.0 0.14193854765111874 -0.609155293951068 0.3723314491485887 -5.442724667935223 -8.58313053398414 23.44777308754864
1.0 0.1958307620397337 0.1597513914506265 0.6657938684434751 23.991903193875366 -35.305109902049736 30.768659923653857
1.0 0.06868768972492308 -0.7639875262987316 -0.030783964751680402 27.70830271267353 -5.531841864414328 -9.180633356046336
1.0 0.012492255088140232 -0.24715278414967196 -0.3972328524892568 23.377712408851462 -8.44855639066687 -2.1509441588502636
1.0 0.5928361752808397 0.20788813003871176 -0.6921974282927871 15.748013703936445 -45.12946813433594 -5.38797217978841
1.0 0.5874259823102475 -0.46681330204374705 0.3734280978894224 -6.1655635657172665 -31.150550894204745 -30.91116009362758
1.0 0.12191165008687016 0.7024211878666868 0.2353229606298241 -34.56804500997951 31.061367942256364 -23.775104276184415
1.0 0.4647312712091923 -0.05551841648501399 -0.3334351728218978 49.225488086997295 -14.895768596759146 46.58457040524466
1.0 0.23324636227971857 -0.3620648714702556 0.3682122205506662 54.58170061527381 13.781842643473428 -44.82510287319985
1.0 -0.05043768616991552 -0.47360766629398304 0.3933082043786392 38.13841199952445 10.934807275078187 54.689027718028655
1.0 0.5786303221785098 0.07028433566527552 -0.4120282888467698 -37.6976902948624 23.139966709581273 43.27689310131169
1.0 0.004401366201004115 0.32011601870019424 -0.22426287036007916 36.21378365686901 46.92639614174489 4.277292216601381
1.0 0.4687308138949263 0.23579503955488565 -0.5188470464413981 54.57611484771052 -22.52299057718155 8.56419092129862
1.0 -0.19850991523062594 -0.4080055513260454 -0.11901260964880608 -32.80207449281905 25.48944034590567 63.36230216868942
1.0 0.42014305815613523 -0.35838818711744264 0.003952723368857139 47.01643962228649 -31.382825243096327 8.83780426757718
1.0 0.6725526909144148 0.31695022921494626 -0.6460592237938427 -62.59931537877035 -0.6289045857315637 -34.7878888004572
1.0 -0.13956899847684248 0.3638005733640262 0.8337672911008907 20.173397323542034 17.13771279689374 -25.19698126271717
1.0 -0.8784345718421603 -0.15392546240398433 0.08974228519526602 62.267516352560385 8.707498015167092 -38.349858518031674
1.0 0.28895914244726423 0.1888602953416698 -0.07843179406918492 -6.167770390297477 0.9846326670785236 70.91079820605836
1.0 0.2679725496147274 0.2648945473955459 0.475810144862823 15.271114913036161 -0.15122834101972507 -7.8517440350863845
1.0 0.7423578116653551 -0.09768187430752288 0.31699318197983717 -44.932891704020435 -0.06403466820138114 69.30740380300647
1.0 0.40186833078794304 -0.4742995094920658 -0.2589980822089814 8.912536574538512 -3.1517868527819726 -4.205056532142515
1.0 -0.006505107737058058 -0.24800323293826537 -0.13880607261447647 20.98238393272308 -34.012266530252575 -1.1351763723198354
1.0 -0.06944154156511026 -0.8861726272571356 -0.07471097477936156 -17.645551210219324 48.93402244294097 -9.90839046825776
1.0 -0.4784904905787583 0.12466598837682855 0.03592642446175485 -0.15113674941246216 -27.190761831781128 6.629066731221829
1.0 0.5127426524954252 -0.7549306090921689 0.03582946045123966 37.74748276103302 -80.736708902885 11.75950175011008
1.0 -0.5149379782461047 -0.7260258168240443 0.03506254914530297 -21.639953135847723 23.52983023380176 -3.898004347527927
1.0 -0.13428978952933202 0.4785326252672711 -0.3111354965073926 30.3310566654339 -42.01576490046937 9.113661642028905
1.0 -0.7713033835731474 -0.28819939518906984 -0.5034161788326171 19.180776277735976 -7.740463198210544 -10.194242806430426
1.0 0.2511350268395815 -0.38030935285713446 -0.35289867638519307 -31.96981034853651 3.030404056872058 -43.16121715563702
1.0 0.47369001993881643 -0.450176124395296 -0.12551992178711358 -52.83061412186851 32.57414252442711 44.94072019932302
1.0 -0.1256889990820738 0.38823201432773136 -0.879999588042534 -53.48363956293905 -7.412271820872434 34.49801837164954
1.0 -0.17632084852087426 0.18249786054362302 -0.24328685218367993 13.129033454726414 -18.832233717142024 20.334968561018492
1.0 -0.6680449750513814 0.2647603682263067 0.44334505814164776 -29.13548523176606 33.5126456439853 33.91708295667734
1.0 -0.14103411835303728 -0.6131398687650379 0.31793455934823306 51.22641727053374 -3.7012677645296272 40.58397185974629
1.0 0.7365642909208266 0.5747558256833317 0.14543420366718066 20.236753402536717 20.57649634182536 33.49157849535596
1.0 0.2943371968020834 0.23779351882487207 0.21904342921979872 18.68257683336953 -13.394132008714623 43.863082836409276
1.0 0.4765904616934753 -0.02877058683297934 0.38111884545782576 -45.16239822943308 54.57942011370613 -7.429200485581903
1.0 -0.35366167961558004 0.1340599136416588 0.6879056805968542 -6.784979881590529 47.117473466800185 2.6991162641158124
1.0 0.05335788413664753 -0.5248104246855626 0.568225029694694 13.869740936772654 -15.144868001035976 -56.41354456060308
1.0 0.6698934842540807 0.10435266837317461 0.5254461593775895 -33.531459060116234 24.74305252561012 -2.6681228641896686
1.0 -0.4263865087513176 0.44254045732536834 0.3412226887258563 1.5556968864407896 -7.0881667100244 33.767706463222076
1.0 0.45790853958611943 0.6294276157050233 0.5395864625693346 -6.013877058945215 15.143295802140933 -22.140371032480136
1.0 0.24656375401970734 0.44716898877517375 0.31337238772894466 15.939617223625051 16.51044881243951 -3.1031180829949347
1.0 0.7688415488119178 0.5277262607936635 -0.0036494324444941786 7.382947430493495 23.954643536155537 47.87202668875896
1.0 0.26909966063967505 -0.5125483065350736 0.16020683371656785 -16.758399031706418 38.62561135459079 13.985156348370799
1.0 0.19378374321542216 -0.39036071062978 0.759213878996039 -19.856120653954367 22.53651658450586 15.827933046982952
1.0 0.3487504545026286 -0.5973689176957683 0.33055661241555523 -32.81614910561204 -16.425402196274312 20.793267672086206
1.0 0.24559357527348066 0.0004237782957560489 0.1485588180415579 3.2660975647886863 28.32672988959018 2.2465197420498746
1.0 -0.47282494690773097 0.014431124594359945 0.24476109719479458 -11.967551224630277 -33.337310197196985 -28.17271549817054
1.0 -0.20740370664919067 -0.0870138699624828 0.5726587799120159 -43.72066517182514 41.73586278404217 -46.83727979833386
1.0 0.8398271301308753 -0.22646527488209897 -0.259532215528787 -3.5411636807396345 51.341610894250266 5.934104045812731
1.0 0.6154584541592395 -0.44031732519317657 0.3490884853923682 4.996705754285595 -51.63239179016483 30.135031038012684
1.0 0.19490245371477893 0.06870655099115758 0.12995985128489082 45.92142537157243 -27.640656786201237 -9.240014374308236
1.0 -0.37632077630871513 -0.08707673072019917 0.351628310508442 -60.8647823758338 1.788916081505458 -41.064962798743224
1.0 0.018777011975560993 0.061393923615594294 0.8178858371307322 -7.920569156412224 11.97833539610397 11.141853288405628
1.0 -0.5036570081236194 -0.14206251570834671 -0.4621823944289167 -30.81958160200501 -19.085503216216928 -52.596983535123464
1.0 0.3907338241139251 -0.8874090371206479 -0.23845572595232814 -22.12563988169523 -38.65249175860128 -2.936859395427032
1.0 -0.16928315367016347 0.22795853812464204 0.7505255428228491 -23.07718389182792 -6.759461842731506 -3.634149791858074
1.0 -0.7590001712980725 0.5791842454093946 0.06175510426804254 45.8849673524088 49.623466871020824 11.816159079755412
1.0 -0.22696907090699606 -0.3129569090952268 -0.11432779549546182 12.618054740397909 32.84742363806433 -38.060737387262755
1.0 -0.30850999314666 0.06924566629599614 0.9014634363203612 -30.686763745809394 43.941411612262584 6.6748370030653685
1.0 0.0021319079015908455 -0.8271251109625755 -0.2015135197995789 58.92680229103169 21.16447759086143 13.166214378489087
1.0 0.3784830945786088 -0.04581317445085194 0.6490681838603498 13.430742599120624 -0.2153940056428073 -15.227845835460126
1.0 -0.42328074027752965 -0.7790936123875741 0.2750561939594109 18.480299160136404 -22.511853806815175 -21.59746824327519
1.0 0.15292761909622402 0.08620069017853572 -0.6284095959630975 -31.213489284843384 47.1586067377884 13.442314120037928
1.0 -0.2873229412863192 0.011873363721424505 -0.16594600929072909 41.523256580112324 31.387136495965557 -8.866671691813718
1.0 -0.8153164889177519 0.34161410925799146 -0.4631790657387404 -36.14944265527275 -6.8795805136129085 -2.6360736502825772
1.0 -0.2987253395839108 0.28782444221646464 0.6865302362807796 26.589516325492575 6.264532987940482 -49.43100223588344
1.0 0.062303276290820477 -0.39534545264930465 -0.18210537066418458 -17.119610226155547 -13.034967848902166 -21.15083910819781
1.0 -0.0375350814465438 -0.29616851054752635 -0.9017044533748328 -48.94097901615025 66.75031777948789 -21.237459521052138
1.0 0.12177751833847583 -0.19031151005027866 0.31365864976331675 -34.7800457825823 23.00194487956349 -28.011626796959646
1.0 0.3498621003257886 0.8387216796563807 -0.35376254390303385 38.6487912954731 8.359975207606139 -13.36834254228956
1.0 0.17741907426725598 -0.7911019267105571 -0.21054805098383086 -59.87237720089522 -53.23078127902176 43.61026038814744
1.0 -0.185874774283142 0.8993720859075112 0.3535736242431913 -49.63868123268271 10.380834226678319 13.691513147358007
1.0 -0.16780421886075636 -0.7875948565113078 0.28374181064509346 -49.65794430191421 39.00894502347877 -58.03987726141223
1.0 0.001834655191280525 0.5966318957375405 0.4538111044688875 -24.06327842308445 -4.814796798506035 -4.448073729485103
1.0 0.2022906014004856 0.49227419158372937 0.05254938280750203 -34.430728769992434 31.007508206923276 18.01443013454449
1.0 0.34257101279046553 -0.2585410230263569 0.6348471232680094 -5.11339504639334 -43.31900650696239 13.16779835428366
1.0 0.588640315988347 -0.037629351766638265 0.2639912498984112 17.39406443573162 -11.908193729623397 -29.31974941096369
1.0 0.02081329172692062 0.7307795646420893 0.25047241246333174 16.04921448818278 -73.26139290174572 -50.90288662690249
1.0 0.08365484286448067 0.04943889490323502 -0.5171905491378849 6.180729297254048 9.809754386823457 -49.98124845227411
1.0 0.5829946229159756 0.058647124218191175 -0.3214968677633018 -37.692546591795775 24.841765795360516 -57.18645924073376
1.0 -0.33314447316183465 -0.378425923065518 0.027587706993068128 8.131861867408139 -5.869167684846944 30.024792571226584
1.0 0.8771768196712992 -0.23108516722752648 0.09226946171186519 16.145323099547802 3.573081784667011 -20.538716928833097
1.0 -0.36533087403382664 0.03394578998527575 0.42742784717530063 -52.1803335198046 18.588159131798808 -1.3718133321770538
1.0 -0.2952877838495882 0.6751149093660179 -0.0136796246109653 29.57600005424805 5.269183531717392 -0.25281239483495466
1.0 0.12859048516112834 -0.9663905833767794 0.09602325171569438 -28.48993837905402 -39.823733660383134 -13.251627912436462
1.0 0.2915951824568321 -0.16519419599175217 -0.47815995620845375 -37.275536264439204 18.200836199300795 -9.932623456237721
1.0 0.5410203334217794 -0.07550810437751927 -0.284949394296146 -36.56744447642859 46.71805318036578 -23.367578519809136
1.0 -0.43984421797657525 0.12607951070363382 0.30482372185475304 -16.511585056104792 -16.03308727988554 40.17611204407435
1.0 0.33643467585800907 0.6584346310114264 0.2577504006705147 9.20168527350146 0.5363708205268634 12.3573284756464
1.0 -0.014708754879368131 0.4322052880233586 0.7671269282498652 -22.407781250995004 14.614926469543475 1.1989909361301676
1.0 0.3446443439318303 0.5834272489220969 0.6969525418794492 12.808492214509316 -19.258094807399623 -21.396738047866947
1.0 -0.5248319198030023 -0.22665900624683943 -0.7350400590273889 3.452224715050605 14.625854408302805 -9.88253938714113
1.0 0.409064230453119 0.15990284693375093 -0.1170485822655451 -95.44790869590244 -29.231663211837688 -15.755610414644915
1.0 0.8080956515264922 0.37894527969586306 -0.301805159505568 -92.0333580642607 -25.99845845383121 4.979879497076251
1.0 0.6430154612096456 -0.031113369979240576 0.21855135572561396 -5.681764817696135 30.988249852681896 -12.918841391270124
1.0 0.44885079412918705 0.6666158914804956 -0.2168303044505504 -11.285554077639878 7.552286590274877 34.6141862716912
1.0 -0.34116870363792196 -0.24984723974843623 0.8099128130044772 4.917831882953639 11.313239551317361 -1.7416911425961141
1.0 -0.16822306689878525 0.400409336950384 0.20196976618164256 2.311807123274178 3.9551972351749005 54.80234419594968
1.0 -0.3393026098754295 -0.7076011875866468 -0.4293646551738364 -1.2537763454826814 0.9758975747925211 -31.263319848335723
1.0 -0.03173559977426512 -0.43316531802499214 0.761128240893166 -3.1417217449228767 67.43207418618556 33.81792189945512
1.0 0.15657763664630547 -0.7985024859718941 0.055555466777074874 33.835268727457176 -2.369009781921401 43.66535468944797
1.0 0.6270591718458598 -0.6370162528010828 -0.3278069434261002 17.475389013210282 42.03809124511245 28.452446673195965
1.0 0.10859047464530286 -0.42206396279636343 0.44293482829004277 -16.938077313608154 -0.7619109368050041 -34.52441605156861
1.0 0.22801453180148815 0.6899091466482835 -0.1555276206111488 -17.849538446434277 24.495920708408306 -22.646947565567796
1.0 0.18794841982935212 -0.3647321196106889 0.4497278254617675 80.53648729139111 -23.44062467032469 5.968497613779846
1.0 -0.10004323269208107 -0.017396392146346026 -0.22097121736042738 -52.62082955629019 34.63614868726781 -21.931810480100463
1.0 0.18261851816041547 0.4878035796094369 -0.7051411557995515 -21.866944757108513 33.37447245217274 -19.27406544989006
1.0 -0.3693508954542437 0.3668467136925239 0.36389474220243784 -76.72047548631149 29.153429484082068 -3.6780197474488427
1.0 0.6124710168339977 0.22781844218750796 -0.26482486317981435 -13.806233170998908 31.399114085590515 51.34943824121109
1.0 0.4521861097751099 -0.15576992105355109 -0.806065202342789 56.481986745861825 25.19185498442487 -42.52768441992593
1.0 0.49817194573834195 -0.22787430917941132 -0.45208334178636106 -19.299129713780378 14.188281095978711 -6.57564354681742
1.0 0.24186756211561156 0.7126620211536235 0.28942672393391644 1.7362061837377227 -26.603510968102775 67.9738862173869
1.0 0.47318990335192057 -0.17470557976341802 0.46286877863918224 21.04563577596977 -15.67680989294307 -28.617597423727005
1.0 0.7895522059686807 -0.029318556067087758 0.12107792080070653 16.35144190982774 -31.449618681488673 71.67003226588075
1.0 -0.18513763799179328 0.7326825910382331 0.43347010498366295 -19.16398306738332 5.058267662747092 12.540863680955628
1.0 -0.33388357542763547 -0.4444963430244135 0.7644166513205335 -3.2492028642988826 5.388542013538783 7.644562820181089
1.0 0.24955811596864566 -0.13233852175244842 0.6195931899145197 20.020378547471786 67.47642380758982 -21.13167649586719
1.0 0.6423532414296496 0.24501681735963815 -0.512676897426417 20.434598022381618 -8.17596689140476 14.515528360128167
1.0 -0.7300103784716453 -0.011177766012169398 -0.4622606275959486 6.828769378863265 23.812527772302207 56.28219530961
1.0 0.0830144466188354 -0.4031127271035762 0.5773466487216558 -28.481006069295688 -63.680744760072635 -35.25128464436888
1.0 0.5516970214820835 -0.4282567936136765 -0.34501303173112946 36.37959896688087 13.094133656251687 -1.5776808079861686
1.0 -0.48407312656999324 -0.3349427413362108 0.40118988482024676 -13.060731955608942 2.042925291163404 20.38557375724455
1.0 -0.5204923293559107 0.16747617409872312 -0.7932796186389722 -40.759245839863716 34.34497136114765 10.182626519241984
1.0 0.2870708919572849 0.5223382005375767 0.09020679989322863 3.614301128229886 -5.584085438939368 10.552833069221402
1.0 0.16321183100502257 0.610977761601543 0.45388276963178276 19.304601910014647 36.52366796698674 -3.2563350490201537
1.0 0.11643119687477414 -0.19694435658523043 -0.7495958599261257 11.187640447229182 -12.989660881076443 -9.814004085155496
1.0 0.24046462362807516 0.4710998777667622 -0.460696404326815 15.920477671365383 77.36787948011371 18.646322150450654
1.0 0.41098563912339653 -0.46643429650225227 0.09150091170258003 -42.67100726398856 2.2450405597076375 -10.24633328676575
1.0 0.48859204278185103 -0.4259996066983507 -0.11390911394237188 47.28535450528981 -20.96387154947698 -3.6138866369659945
1.0 0.31357310064462385 -0.3569520274200541 -0.4999083718877477 -51.61904055924045 20.530874444620753 -31.612979770270723
1.0 -0.30878419771593807 0.36493638670675577 0.49342170230624893 -19.34221628763468 54.23442646304182 -20.245429729986302
1.0 -0.6255012580992307 -0.39030080384607513 -0.32737886985109504 18.576177554784355 21.528759759853347 -19.643031278491126
1.0 -0.228761986677719 0.6546822709049233 0.6623111475019283 41.044995223891036 31.79062356858363 -33.80037012566464
1.0 -0.19625156973630897 0.4533984983260365 0.22331500156977957 9.828217426026317 -38.1597859880228 13.90297845816357
1.0 0.33265750505435304 0.7129622230581794 0.27114049710363214 2.7921033221304437 5.932648828714199 -32.28840700089389
1.0 0.5889030478441372 0.01341220805916602 -0.577576519797426 11.79761869450776 28.79584062076707 44.19884380690154
1.0 0.31595843725923317 0.5994845610113829 -0.7027063127034666 -2.9353338995028397 -51.77043731443619 -27.94652338453354
1.0 0.7253660735472633 0.06214067419857097 0.45387569885662415 25.322236947797805 -45.451142874486294 -23.874008399886712
1.0 -0.40277356518467067 -0.751378053074388 -0.4560249907788423 -0.8053565427521593 3.546438239626368 -26.052567981108055
1.0 -0.6350488948900771 0.016547397983161898 0.18691550477605123 4.678778896145529 -22.681618473572478 2.476129681878801
1.0 -0.6777417381397496 -0.1101156599370517 0.09973121427396467 -14.314338116318138 -4.676400229349373 18.577649718966914
1.0 0.31458334666360965 0.41306292568494235 0.4531140648014482 30.819250896960863 46.92428849416064 -57.78155273839713
1.0 0.527524588288645 -0.5216556904136477 -0.6241587295640928 44.38583390942198 -2.6804390811383834 -6.045819935187315
1.0 -0.023997404999003755 0.232458457862808 0.2434053674805448 40.12498146372178 -18.84043634202136 -47.76845246475755
1.0 -0.17676410953570013 -0.47482480457225495 0.5366819645399936 -35.353557024775576 34.43406073643501 -28.34654633968236
1.0 0.5381481757506524 0.428831373550297 0.05045676430945383 55.16722831630232 31.765547547124374 -19.601642172238734
1.0 0.5494891751679684 0.5329600855561897 -0.1853695537853937 43.24584194918147 7.784302487834651 -19.507598629869868
1.0 -0.3519868080348368 -0.49200090946253994 0.3000990418543832 12.06951920994815 54.71916451401683 16.899310038597903
1.0 -0.5813645448423235 0.3182128302476983 -0.00358746646488571 16.510728488664153 -1.6723896213782194 11.369448275094008
1.0 0.6505137158529506 -0.5094028646350194 0.35974573962683454 -21.617727914331095 43.23303013428884 10.131323915414026
1.0 -0.9537994031532508 0.18393732581504538 -0.20578554255097742 -0.23088123140434605 -3.916382070443844 -24.245628905351406
1.0 -0.2485534375788676 -0.5739379337845893 0.5397132831985818 17.014739491116476 -6.942590483418636 45.846804195481155
1.0 -0.06304841487740591 -0.13602323409957234 -0.4164985339122177 -23.737120835201463 -28.186833041252868 3.8524143329291247
1.0 0.5094875378066932 -0.2390902544502347 -0.1942460025471717 22.014759563540412 57.70274322048389 72.17928849815202
1.0 -0.7605506888615662 -0.09994431568504082 0.352905463592729 15.621413336206599 -25.63063952531285 -6.339091339090499
1.0 -0.054896416498795654 -0.49918772327588345 0.2309599899698019 22.524615861721607 -22.579966251987692 -25.678532266066355
1.0 -0.6362781822899007 -0.605280477169367 -0.06428516985671102 10.580912896612912 61.88549335781602 -59.58672987987294
1.0 -0.39604500674971443 -0.44317873926202395 0.7860607797117164 4.003095960274778 -19.167215329374727 -78.08583480994426
1.0 -0.2911714255399672 -0.6807244099667471 0.36017344829462766 41.18075364309986 9.427029939021807 -12.407953030818259
1.0 -0.7545257177382287 -0.6367352022953028 -0.15518098650849405 15.701271591168805 -47.643324516205105 -1.958744558841172
1.0 -0.3007412049396128 -0.6729029393593916 0.32001754029451734 35.53008164410461 -16.171138499528574 -5.596790363715083
1.0 -0.9497737194122414 0.10087729985578384 -0.0505792413747354 45.637294803860634 -61.4262848409355 -51.871900825141246
1.0 -0.12046482177454583 -0.8116096807783328 0.44351172788052723 -83.9894666028986 32.79165550136825 -17.67086388797561
1.0 -0.10733818833978188 -0.45542502812531044 -0.5345265887260101 -6.855400307631775 1.9012657332419112 27.157667912289124
1.0 -0.14079506940470018 0.23676418150135226 0.4822604936592913 69.65377721974042 9.159158058730426 18.185909242768627
1.0 -0.14671420638829352 -0.11442658761982259 -0.6365431155926494 9.965038671025143 6.261223531214636 0.20832418476558687
1.0 0.8968581590058362 0.25145648589709513 0.22837339095682943 2.6327266024551434 36.06272265936289 -12.12595918669726
1.0 -0.2848453111213634 0.6352391606937356 -0.3093610832822038 -7.669100532813849 21.421270679822506 -36.60565432353844
1.0 0.4492586984296009 0.29251379614156914 0.06125167576400129 -9.953279477218908 37.68904154920823 -2.071945401866839
1.0 -0.6608629531216959 0.19819757854018158 -0.5248843250129557 5.126244633281628 24.6028058422637 -31.42804919454133
1.0 0.38516802297628744 -0.0922739626815053 -0.05397901340271943 -41.82058125556554 -5.664714842400127 42.43834268584196
1.0 -0.856988175386031 0.32058709710096683 0.319774621222736 19.41988740423629 26.769850117363738 -10.095823431588446
1.0 -0.06007746264951157 0.6752294599496883 -0.7100831774921204 -4.794026363934302 18.684508276586502 5.363240951420698
1.0 0.38897490882411545 0.19981348338313468 0.7727909266211037 -20.735862531873586 -57.12516659756255 -10.535044135937532
1.0 -0.6655967938922207 0.11522584916148071 0.46209099150833416 3.560352588196314 -24.049971687177194 3.737421318758651
1.0 0.5970929649812015 0.32386851492313257 0.3064822444888397 -41.24926530430977 -1.0165665292350585 24.74576844059439
1.0 0.2614208642122824 -0.3204374860894143 0.27772017842970154 -37.498637481273946 -14.34999006483374 11.091468990163381
1.0 -0.33733882304699603 -0.7319163754200142 0.21571918011120086 73.04716665816935 -41.33540578037603 -74.46860158561103
1.0 0.6392340863991549 -0.6337644853191725 0.07498297879001162 32.28227814792565 -38.92402425455343 -49.22181626052519
1.0 0.7040177489573267 0.6694438952300734 0.19543593807693108 50.635616372587954 -24.335949128222445 -22.515853554093276
1.0 -0.7336558592935676 -0.1210233589344455 -0.07907543054936866 31.965763056012417 -10.373378740952736 42.785093465538466
1.0 -0.04012436922361089 0.3278747101119501 0.40500809400800736 15.467420380737611 29.435467257458622 -80.14166539810547
1.0 0.6408430248049913 -0.27844351791781174 -0.49493086640377687 -59.43085615926825 -52.148062717962375 3.7733166463025594
1.0 0.15240494099607063 0.56105894483477 -0.4053081143334851 -17.297561595610283 -29.547680444521884 -49.07470552819213
1.0 0.40053637350528787 0.09968399064482189 0.2760502542276616 -8.815984547055113 -35.53343194806683 -34.96720561907039
1.0 -0.7484327029329894 -0.1322136030196405 0.5789919463806623 1.1715994844909219 -23.032427915377543 1.325008108045362
1.0 0.3085522881390898 -0.33490787671595895 0.1546940975169608 -1.1338160262135462 -0.05686039558579708 6.8224757253220725
1.0 -0.367424169925803 -0.6621288833079909 0.26501465291119514 -34.409444545826574 -45.659495669722 0.7787399830332087
1.0 0.4428374019095032 0.1750656861515108 -0.6480131125245073 21.32160668280956 -5.247098573768876 -48.84229089639559
1.0 0.20697914843118156 0.4981002858183843 0.6615502802241991 -3.0729126250305816 20.14629589196919 -10.938641536221597
1.0 0.5878706716765808 0.35656831405621087 -0.0895624304761779 4.610973346672115 9.83449525843143 -29.970608693849503
1.0 0.3378380446111126 0.3124190571385728 -0.1848590667586662 -46.95977565110688 -26.392301165404625 -15.78793561286859
1.0 -0.20243956153188172 0.3797909122984721 0.42350983157029887 23.217780795448956 13.974717831497522 22.596261120071933
1.0 0.18845316286549005 -0.9567524797314664 0.202636948872539 32.96674863341132 65.26488199341875 3.266253999152721
1.0 0.288263006278218 0.35342742717938774 -0.07560642389711432 6.09092096885801 -5.065548322338743 -26.191302293439715
1.0 0.5938777313213368 -0.6602684481065378 0.4506271737803646 13.07426311170377 12.976001496902205 47.0940539578642
1.0 -0.06649450674657871 -0.8403920231523289 0.1304082641106594 -15.345718059406366 -75.8226592805482 56.698235971722106
1.0 0.5811268875135087 0.3821830122437982 0.5778508004565087 -6.272100130979785 -17.509538271376897 35.256742754672715
1.0 -0.07821587264497859 0.7229536600763139 -0.48902108629359503 -25.731677637949687 30.24533352139182 -25.11194239990871
1.0 -0.2946011958144181 0.18586389046125157 -0.0529128412613313 35.174233563287714 -11.44888723391966 45.885281852830204
1.0 0.515098848795047 -0.13562129931803005 0.3450307302503336 79.87839226457886 -42.49381644153242 9.526680480817062
1.0 0.7832754638474327 -0.28885023552823974 0.329123253459082 -40.77924851418505 36.496357468995086 -0.4109297284763636
1.0 0.1917873557860077 0.6676560280949866 0.08196913849819329 -38.94620623472178 -28.101649295054223 -73.84765713837353
1.0 -0.1511191234220179 -0.031243502236964954 0.051990951996324794 -34.8029964763834 38.70005985966111 8.840550961848566
1.0 -0.49776381687197796 -0.5558181066796717 -0.2907879007639497 -0.8894448096230229 14.624313532897556 8.961390778058636
1.0 0.30890868740800986 0.24886955026297627 -0.43958671040242364 -2.16694239401667 -18.861931584887287 5.070274079238314
1.0 -0.37080848515886633 0.7480319049853715 -0.4511578866698741 12.884946134927361 -8.109402374198336 -44.05557396724235
1.0 -0.2508179638141358 0.7407951432837779 0.3322892423104364 22.873314352597504 11.201841796554504 41.85884526976798
1.0 -0.02898081128348736 -0.1432261137741497 0.18581130547719427 73.37450806562896 -20.94964331573844 24.78063465842564
1.0 -0.06396976851258492 -0.7217101550844248 0.28172281835458024 -7.1587820638382516 -1.0729015139163882 1.9000088234327672
1.0 0.24041111880592042 -0.6019378916345053 -0.3316924394724385 -5.45515089411401 61.29403094648529 -9.993285571227316
1.0 0.34591834344637357 0.5713044399701812 -0.3598783254253828 -25.474057759201386 -37.457644144007205 14.576605239132213
1.0 0.3121051555771435 -0.4149821571873697 -0.4376767611120317 -6.595668381963147 -11.856315887760887 81.61303425093425
1.0 -0.8087897604661244 0.11221840184942962 0.22383197562739127 -1.997132838097048 -27.952083857006112 23.551397853549293
1.0 0.04635846294697961 0.7961986653882093 0.4629889102961394 10.345313298205392 39.17715432047858 20.529521468932188
1.0 -0.17346039038000644 0.4683819826798265 -0.10193844426674586 -29.144242078284325 23.14570555335524 14.886265066749749
1.0 0.06648629537950143 0.22846877674881588 0.8045131598586179 1.3692673635636634 81.40630641280447 12.198236898537536
1.0 0.37839768302643045 0.7945960257839844 0.1187681131642018 -0.8866497112606292 -4.991928835989075 33.38767111014236
1.0 -0.6608345309971219 0.32547734678413276 -0.15446621065076624 -21.24997592323667 28.821739220532542 -40.488777471135926
1.0 -0.7662663705485988 -0.020109644123995157 0.1610648742466543 -33.97839240938874 29.65256828334155 0.46752557413642165
1.0 0.7685767581596694 0.48949192949826387 0.13073460905417594 63.36148489269774 39.78639729452059 -12.50846866272143
1.0 -0.25550419778299 0.81312696978209 -0.25915241694708707 -8.601268511137128 -16.167416760438492 23.721724670590454
1.0 0.7736370917622006 0.4929615668149797 -0.3816972430803353 -11.187550220649191 15.528959409659748 31.032085591043028
1.0 0.6562110372653399 -0.6296323115808286 -0.056638557032128056 -3.876353777009911 12.105394261508861 47.81819255683964
1.0 0.5063940062595542 -0.33062453764674443 0.24822324339998622 -11.930617137721407 29.177800327237442 46.77326857515195
1.0 0.8029164981177354 -0.42079694057371436 0.39964512958637527 81.10801621110978 48.29705979183268 -63.868876460841626
1.0 -0.5832437812198695 0.39536560109475527 0.03441425910753835 62.01551587195736 14.224814542915386 -23.175712252250037
1.0 -0.3531863653579196 0.06773447973279559 0.19883434102589598 -50.300220512554105 -77.0015238275582 -14.495550831738251
1.0 -0.7954181206288913 -0.3409519378475283 -0.19534058761106324 12.045826114871371 -31.52700504582727 -58.188517322810384
1.0 0.749032986876971 -0.06512742454147433 0.42749044134272485 -23.86983740600769 44.05388977559233 -26.35902968536203
1.0 -0.6411282938939874 0.10760287089050101 0.24140455285895274 -22.44742635275044 -13.608371311518312 -29.660673524961094
1.0 -0.3358520566495408 -0.3615186867035509 0.25349911682475923 40.030083496814186 -55.65512301973894 -25.508616884135733
1.0 -0.37674108750018664 -0.03524580141838986 -0.03413294050769564 25.787855011802463 -2.5822767754220046 -20.97729896179759
1.0 0.1372639037024987 -0.6930441252480112 -0.3389820602410627 23.111011737615936 5.5181653666111865 10.732421922261274
1.0 -0.7844245520146689 0.27707002151963234 -0.485715519917399 -36.895621951593654 -42.529003905241325 -9.706414751364006
1.0 0.4818034960323136 0.17837972509940422 0.6199041803715344 -23.715631142181433 -77.92188846295761 5.474643553797212
1.0 -0.7106875312248724 0.41547061312641703 0.5673394941159284 37.89422609170595 0.41297447894714523 -33.62951261516567
1.0 -0.5232354245713693 0.5105299543421618 -0.4318004979296729 -37.59369162044276 -21.577164336584335 5.696366697157019
1.0 0.3799606083154711 0.746580356943056 -0.09850216360683872 -18.04883472587156 -27.967406012260174 -39.14601623304646
1.0 0.13447948441409718 -0.038679791601328915 -0.9060965779831303 -12.349468253668594 -4.321471156354379 -1.093355348023484
1.0 0.6739987530322865 -0.6513588128170594 0.09358820580633631 -55.05535761097957 19.438242405138265 21.308514653644412
1.0 0.30244338481945326 -0.3475496846715762 -0.7723604971310734 -58.02097783181234 -27.687157481611624 -22.62897257164364
1.0 -0.5410509334877042 -0.5318455217629426 -0.6398077764942409 -11.324150536838992 4.770991190506317 31.365100778240564
1.0 -0.06250411724028995 0.22173803927747793 -0.335596868527471 20.602358061336602 19.025055885824393 9.828741819042381
1.0 0.9409710468057673 -0.2648321636451134 -0.03100681762991017 -32.26145446789897 14.226031303792693 -23.72659764913641
1.0 0.925393279218194 -0.04209902172634863 -0.003148861477023619 -11.396649679346122 29.611134318383975 35.722856441903836
1.0 -0.29824222690172053 0.3013175846522654 -0.44384196082766414 29.670988143441832 9.4724220861164 27.819347541540036
1.0 0.11979396827080167 -0.5601169060636788 -0.04045351522683718 -16.344161729883364 -20.939692712270972 -69.35421933813859
1.0 0.3334187980580503 0.5406668488176463 0.6682684472144905 -79.57298539814299 -0.22708665707892708 5.596674325316057
1.0 0.6036240661292802 0.09415871456544267 0.327210753514602 -23.886005134810553 67.95734133658843 7.698069349517168
1.0 0.24820733159148642 -0.172191916062877 -0.812663149989889 31.795586485878776 57.815320298148855 -1.9720001827084122
1.0 -0.3490873542516496 0.4710899599802466 -0.1874197622700408 20.439163872615158 -0.8636810749893802 8.087838574622996
1.0 -0.5877000276048292 0.3859293014350188 0.39412018767368956 -6.800880646405452 41.848858930474606 -47.84974061343881
1.0 -0.3331788441053208 0.0005102898140401628 0.05352528061539973 -31.440058297044136 -10.488715515739072 21.65841369827382
1.0 -0.5233395704494582 0.2163871204969042 -0.06787792323639621 -42.962570036359956 -30.742050706910668 14.487701542316104
1.0 0.47134083245199127 -0.7356717753770377 0.1270999206325961 -69.22907810557747 -8.040885895117453 10.182514175660279
1.0 -0.4697769500102236 0.07107557696334178 0.7966689469926627 18.62822921664779 -10.371549143006945 -70.97813018220877
1.0 0.026284349837550125 -0.02765051806304325 -0.041816757260645 -3.3861500945050573 -2.1591546849885646 -30.70198000202857
1.0 0.1075827233435338 0.333449749070179 0.8386238387500073 22.365380139821347 49.7283090498119 -38.287785515825234
1.0 -0.29290461325695316 0.8898435630577726 0.030958293132505206 5.3797053420928975 -15.036352063685513 91.32593956335705
1.0 -0.24324329403396405 0.6287559553757207 -0.4160315178323303 37.689094863823286 66.92672373759086 -26.489708541888778
1.0 -0.34642289959482564 0.6434244610062178 -0.4007670835122625 44.043642207593216 -36.87928616351524 -49.40646526862696
1.0 0.8083928361176634 -0.10434545357490799 0.5719920604891532 4.578604116269425 29.35175493916305 -19.24611996373401
1.0 -0.48860142953096247 0.8400345474003434 -0.11732122348883958 -26.83050243234765 45.407906259377384 -16.19431573628575
1.0 -0.1657348208982072 0.2845053789862205 -0.9091890592022424 -39.60584101053896 58.42864259571119 -4.334961366363325
1.0 -0.41016312729478943 -0.4707749638543256 0.32480672616029715 59.187381329065516 -20.222547146579377 -1.0757594537434216
1.0 -0.6021857875608448 -0.03179070540691864 -0.3770383518603886 32.98414766709673 13.221882296564567 31.6163029140849
1.0 -0.7885994706079263 -0.4015026587048551 -0.2321147956718235 -63.28294413205477 3.866776595094379 -16.14021813217326
1.0 0.5862703481906686 0.48603517535519214 -0.4692822440708399 -28.775076742325393 -5.999751721189668 -14.217950411849657
1.0 0.5174235347970518 -0.008995521427357354 -0.08302534252015902 -45.11848177204035 23.79188620180811 -60.14897881766663
1.0 -0.19623350592859684 -0.40263856812562726 0.440294652806175 12.604826077314431 33.56053185139361 23.173966362831322
1.0 -0.011178779802969838 0.5397482580144496 0.40544331723681437 75.68208939921193 -25.679938835959977 -7.46633313518034
1.0 0.6422197610835754 -0.5368652024940639 -0.38580372272939617 26.851369497103036 -18.571097042502096 -14.710879016648615
1.0 -0.5719640484883497 0.40333036228345004 0.6581745852137081 -10.464332861154219 36.09726033282885 28.428196681110176
1.0 0.4102841711502029 0.04671198734033641 -0.895315743626741 28.453823414440805 11.314648543640368 58.56437105783131
1.0 0.425901805986056 -0.3184962789073331 -0.12824815073889614 -47.0487664349953 -4.9360011811869855 -53.01164175789877
1.0 0.6028032252863663 0.2238195980141687 0.5550855471552375 48.786347878021125 8.797395059271562 -1.6896294777387375
1.0 0.3696479197371481 0.48866349992919733 -0.043295029332493226 -17.659449633562957 -32.809433327988565 16.00049250220299
1.0 -0.37822717401097666 -0.24799472956684682 0.4862669079498087 7.802829163691553 -43.3456711619441 -17.276252291936345
1.0 -0.09174659665043092 0.1941436541586892 -0.03668834761593673 -1.1962279339655277 23.888465584699894 21.098271392808414
1.0 -0.270944043059925 -0.027261744173161347 0.08306768478108537 22.695246822216728 -13.774728272911377 -76.70907339273529
1.0 0.6051830040849911 -0.7561547330319738 -0.13018376725471303 -1.4631544538074235 -3.8816007000002077 39.4993842496816
1.0 -0.28610023287246195 -0.0823219878515675 -0.23791992785153773 -25.54263561861375 -39.6767538055781 -3.1009171489198004
1.0 0.60839780816015 -0.4817929801801208 0.23929681120258753 0.12736548058958327 25.234249321827015 2.1621834883415936
1.0 -0.057872083096182816 -0.6771166192872339 -0.3707406433986915 60.890553682985825 -29.44348736807828 -37.13941094843486
1.0 0.005985938434123219 0.44898649246456257 0.6195631327297659 -50.63960287253324 -22.78335641879561 38.99352974856554
1.0 0.46951425858042334 0.705673275683889 -0.3695855010533258 18.427089465073834 -8.00436898289067 -18.401260239766454
1.0 0.07173001194174136 -0.28928308078068604 -0.39837327498869524 -10.81362248361847 13.581116866680988 22.568551904737784
1.0 -0.1667431916096652 -0.7714169656827085 -0.3472678935366243 46.98540635569077 60.848646226257934 -14.183419878027308
1.0 0.2872907129454544 0.7217139361018933 -0.4468279140893655 -10.176813473122708 -0.5049775153664637 64.07796694392965
1.0 -0.7569212284004628 -0.2736478639364831 -0.345376409616763 6.179035208977171 8.828971647732626 -34.89147366634512
1.0 -0.7679359417828209 0.08626374951782156 -0.04753290686706515 -1.4402219481078693 42.33924874281838 -9.541004440319009
1.0 0.6130520621094124 -0.06905399899776637 0.541920235089697 21.223022349941296 -49.88390381425213 -52.793432590118826
1.0 -0.3520118124422243 0.5738402080248062 -0.2589797381478548 -19.575929848773058 4.474111711938094 55.776276584850855
1.0 0.6584788559331503 -0.6904694899161342 0.18111041804104752 11.389442531531264 -34.92135678029148 8.924366473995835
1.0 -0.06064425801885773 0.32387520896831823 -0.04592137780624102 -15.62071783164406 2.5096093118008027 -24.766265485835053
1.0 -0.5853850275639353 -0.34876717818223907 -0.024213010941592995 -18.1412242935935 34.48939504166751 -3.0933558440608553
1.0 -0.2694968728912195 0.03743231180262922 -0.6086258380211534 0.45336192382319646 5.642311153443677 34.41543138662523
1.0 -0.25059454319700797 -0.21302391570182078 -0.8342644315556612 22.22870398207866 29.397850235524665 1.376426278388935
1.0 0.10171979324311763 -0.4163736952204934 0.1695461178694772 39.29701330479397 -23.2119512637473 29.745064697213365
1.0 0.20849158257216907 0.5980463308566101 -0.2692021395920341 13.645071878602664 -74.91838434921893 78.94741205007932
1.0 0.04329274017776422 -0.06455615443680139 0.37787723838953563 32.57379552092594 19.490886242660004 -13.742453260507896
1.0 -0.09926696393990087 -0.1390594135516293 0.23926752811340377 82.85213716588264 -25.181337548341883 -29.19962448939065
1.0 -0.6233517079294429 0.4154048763930297 0.44556132901923623 -34.807927013348746 -35.720419822048875 -1.06333382334011
1.0 0.1118916608147468 -0.17502441595183293 -0.813555563834924 -33.193283658344136 -39.85028606012496 -3.5566156077996913
1.0 0.17050981058355572 0.09370884590286438 0.5865214053916946 -1.564222229225095 10.93429110311312 -46.305755331625335
1.0 0.13369226965856046 0.23471351146889724 -0.7702139757314046 4.976710700233142 -13.872915105952856 -2.1987027138618096
1.0 0.06914348215641715 -0.44589006106862983 0.2842558861346844 5.112114861584225 -0.8816469402979401 13.990270970190881
1.0 0.3526760326911337 -0.6897387582622361 0.5693469233391243 -27.11672019226443 -63.48752236347147 3.887656058476182
1.0 -0.43564429257432785 0.34238173246905945 0.7002267881836339 40.686299119942184 15.275332270947473 -14.519503269869283
1.0 -0.29474288678587723 -0.604155984214816 -0.36133517438983304 -8.52207201681636 51.275950007577165 48.53909695742938
1.0 0.31159288011481384 0.20418222673819622 -0.8668221594470564 -10.236421169691617 -11.743094246250696 43.58346830014772
1.0 -0.39397779864107624 -0.29375569163387544 -0.4617096720204316 7.832277515188103 26.36115521602307 9.190199617934594
1.0 -0.3494814198477064 -0.2803859248490651 0.5064435752477874 9.225742115966762 1.7916211948008234 -5.506319733766561
1.0 -0.13420885974423605 -0.10875885379632852 -0.03738908578132588 -35.371362633678565 29.34969122759018 -30.22334060483178
1.0 0.07359908035828125 0.8830627797735031 -0.37835742016479657 -32.8347069894531 10.085370167699542 -6.198396187153825
1.0 0.0030369866479956343 0.22556423150942695 0.565516503360971 -18.103211126776426 4.946387850860973 -9.46372533739948
1.0 -0.7775452422652358 -0.4327555616060889 -0.0650979175362193 8.911739228624151 73.110088212154 -4.207578347917142
1.0 -0.34403948208599794 0.0062827342322618355 -0.7239133073863534 -26.25714418240145 -40.83470669168184 30.25811628627454
1.0 0.6461179246263244 0.010539958267696839 0.08587138656075755 0.458570851233459 -43.81099633320778 36.21092368000942
1.0 -0.46630113409954 0.08007135934861506 -0.4054289679545503 -11.617932364782046 -50.45410961089114 -1.5696526627242844
1.0 0.6973499560837348 -0.29773589453820737 -0.42206419625757435 -13.134104137311105 49.58111007607414 6.337276382384015
1.0 -0.5658968481263477 -0.1271453814140261 0.05909979606999701 -50.16429252493429 -8.112781458354753 41.77554068113526
1.0 -0.3454171514274648 0.8150840551351664 -0.13563524519500475 -14.399488020804135 -21.44775369484767 -15.014062142361784
1.0 0.3165180549238312 -0.41942944070371113 0.16230583991303946 -3.6211057858488425 -13.86013717031396 1.4820722934728203
1.0 -0.09715902597287489 0.4428847992191935 -0.19798973140743145 -20.157259922314168 -5.9176725203566205 -36.38545314336405
1.0 0.6408766411294884 -0.1039698168360227 -0.16022950861228893 -29.138227012939527 -1.7838043608561436 9.548028882615185
1.0 -0.369884794163054 -0.6303436000091632 0.6534755001347232 6.7386195606518955 -50.79428229500873 6.7441273995855155
1.0 -0.2659309019749336 0.5756951973623973 -0.692893617596446 35.06662950171431 -2.60185247172481 3.3150792390450614
1.0 -0.6709001578290461 -0.21960709727284664 0.5399971634910735 4.448506576439542 11.294028376136973 50.910611931328994
1.0 0.22015262688022502 0.6772856715058011 -0.2882134520285182 -6.912588278065669 23.047956998823608 -12.793291775893222
1.0 0.341743067905005 -0.80116626800071 -0.4050303688802859 -32.65179681219569 20.96604250813678 15.054141830316492
1.0 0.32333876142703716 0.24136731433967823 -0.5333748246588514 10.384632027978556 41.242723880869264 44.157290699767316
1.0 0.3724341749082646 -0.4691388621237666 0.1655657694535948 -18.866656039047374 32.43896244240335 -10.528418262268456
1.0 -0.5168877932634487 -0.49878220855430927 -0.5750553544022226 -18.54771814006233 -31.996890335809212 -4.55400448803885
1.0 -0.2765897814989115 -0.12197598373142234 -0.32274474975611905 -24.736384167633048 -1.1440833499335523 51.40297402671623
1.0 0.04635487559795162 -0.6201169833457281 -0.17575039348361396 11.967860108724897 17.195769070326772 -9.927656355532347
1.0 0.1868302262301464 -0.1756926473266932 0.2151948905230756 54.2852295482674 -62.583438482485214 27.956567166170533
1.0 0.4620959253175554 0.11234922613155142 -0.36584942526014563 -10.908779378335778 -12.320312181928946 -2.708503751755973
1.0 0.2591162239477274 -0.7964905805213663 0.1287125733033391 -21.596050487080202 -17.609768277967156 10.211972593216956
1.0 0.5296652860648469 0.25844823036255377 -0.33358543849992484 -7.869133492274949 -42.2857366535792 -27.845044953646408
1.0 0.4264067834952809 -0.22463750220039125 -0.7637953997612716 -39.407061175537 -4.529778360299577 -28.885852214104847
1.0 0.2713526426157213 0.5362193411746412 0.3242943811179961 8.950429754483752 12.948646710460396 28.60755751530202
1.0 -0.379098161168955 -0.16621085894538323 -0.01795182776764431 12.242757962546065 16.354471422575216 6.580819598508928
1.0 -0.2638503374160834 0.0547986655960129 -0.1566360502475022 58.36507555822194 36.65151065858905 58.29123106304963
1.0 -0.3221789542485407 -0.7256555565568263 0.4352186027996038 9.13901712423374 11.783807124097539 58.378167660451496
1.0 -0.18757467665569816 -0.7722465705404412 -0.11106274216743253 -67.84149848348403 25.41066161310141 -26.503557855638842
1.0 0.5201510761425585 0.2636482460796142 0.6776721429080963 -1.2396404573512265 3.0268088679807317 23.633170167421326
1.0 -0.4168742919424537 -0.18953062622108657 0.1593017013257158 -34.681946726910475 45.20508170072567 25.073956243560907
1.0 -0.2632880673384913 -0.5928619964321028 -0.33146723567917263 1.1376238965377936 -23.847280044247217 -26.117600079194006
1.0 0.7212765559841017 0.49679327853431754 0.4460307584330505 2.641792061106144 -4.0718500268692726 37.898638124428366
1.0 -0.5590609665088772 0.04345744322432099 -0.709366434378932 1.323669434834555 28.125740643930627 -1.5997911001373653
1.0 -0.5448173691794694 -0.4339455834027374 0.5232281352218808 -12.566134050155478 -13.658286255528278 -28.806643252385488
1.0 0.0037763790877004474 0.19923842073979842 -0.2393486199827313 11.23987027833123 27.430625309038916 -49.18577318521261
1.0 0.2663473959030572 0.45337200830810115 -0.7532332120376433 -7.430164127533888 11.627975891461851 31.609034159738428
1.0 -0.15673810073556238 0.813053873708787 0.3366456834955739 -0.6534104886986382 59.63653070511888 -55.17323780001719
1.0 -0.6541821711542443 0.40333316838409805 0.44946670637828845 1.5421172363709905 49.900037784215776 -25.145973590250485
1.0 0.5357155492806719 0.6985280481350051 0.26517150554940366 35.307010715834096 10.408180236861439 -42.63775082653279
1.0 -0.3651039480256267 -0.43871139709172013 -0.8043921561633501 -18.23310729126096 -13.497045587938715 -1.6321508080661868
1.0 -0.8449208532844066 0.1424106945661509 0.0011566760984555364 0.6837427605604778 -0.22914103819512655 8.075141355011137
1.0 0.7740074818900955 0.1799965458657389 -0.2860628534343075 -23.943269536236578 5.612580679656423 -37.410165242567494
1.0 -0.5625447905042372 -0.0781048092203777 0.6147039906620675 16.847083385197713 -8.926039957351046 51.858976172244816
1.0 0.1710412067061317 -0.36640006747865317 0.19550120272647234 -2.4135458536122045 11.971536485930194 19.634639441754754
1.0 0.2579359810588371 -0.7776800283897611 -0.2196685879061848 -8.138268571000156 -8.773395394312391 6.36040646155781
1.0 -0.2288081968216496 0.9182915237936026 0.1935844420615003 -45.903831465200575 9.620104745504921 -43.80589806716782
1.0 0.650701502833725 -0.060530393947323444 -0.7438645314716019 16.591512651581183 -35.25735236617679 -2.9803211183930087
1.0 -0.25988910405238524 -0.07754068407806226 -0.9288225323224337 -3.8492575563762195 7.23772072058201 29.839624961733765
1.0 -0.05393298924786918 -0.5940838420235045 0.43649425520625773 10.56187238477659 72.63861980329685 12.949571570858065
1.0 -0.26740999193298637 -0.006629314014213928 -0.9025464911000873 -40.838450825511636 11.41748738474902 -28.110369460443987
1.0 -0.5514310094256306 0.17463514629785784 0.21879081600525413 1.1376990794619621 -0.18287788063837454 -36.5739422913395
1.0 -0.08563335090302707 0.29232155869307147 0.8311215337747931 27.30406250497805 45.29129315307389 -17.542309484869833
1.0 -0.14504781338563055 -0.5309916597822001 -0.493128729303394 -24.632061262366904 12.044875310402327 -41.40669774024242
1.0 0.5412572294156024 -0.06914303259227055 0.7519181775446302 19.420735492329108 -19.530953975579447 -26.394976476017064
1.0 0.33674649974439363 0.4034903818149102 0.40670746563843296 -64.6172698677552 -42.54670292707533 86.96590119404641
1.0 -0.008930649404216104 -0.35095218627657815 -0.21740206466778958 3.638214033042793 25.278918677160725 -56.44704144791726
1.0 -0.41383602422294585 0.24594743272646552 -0.03655603023735789 -4.545459808166081 -10.250996790172692 38.525026200513
1.0 -0.135137802158849 0.15755021346647674 -0.8549371468326529 10.099041284638158 -17.78505097186719 -65.15479703418166
1.0 -0.27822476491927073 0.3645615271481751 -0.14523554784573653 -61.9288946617397 -14.004816564350314 -10.196760331831557
1.0 -0.48377256122191525 0.49826931329148394 -0.26339200869255813 16.959409161057923 26.08124527890766 -45.93869275258667
1.0 -0.522211198387081 -0.6011376321955102 0.10594395337205284 40.87100173764826 34.51494271360371 -62.02833212937188
1.0 0.6376451075232332 0.5575104153218721 0.240362408933526 36.511131899632176 13.60774958590848 12.755040348491683
1.0 -0.1628289564180002 0.2518681727643883 -0.2962567805013294 36.31495384829345 -5.742437959617635 21.31994937383903
1.0 0.5411557939219057 -0.39749047204985066 -0.7016471394789869 -9.429135150194 77.47988810974685 10.71745243051968
1.0 -0.4680005922828563 -0.6543523042805097 -0.3211455337889136 1.856082479054715 -16.09990845866013 -10.732105861625376
1.0 0.07706068539695489 0.4013120698802409 -0.5831599032245987 23.433424170648284 17.286373020847915 -30.06878506901915
1.0 -0.3423944633468131 -0.38604027431749555 -0.45789988551443633 -23.718932587326332 3.841199523236876 -29.758409152696412
1.0 -0.7951596307660814 0.3086491610790938 0.07407710414071289 -23.598806369785663 15.991117695330354 -40.86542443274531
1.0 0.6265873272840109 -0.5407935366703309 0.20512551219196332 0.43137043083131943 -10.227853428301753 -11.551802010247764
1.0 -0.5081068045408903 -0.30112994669978815 -0.5100972149527886 -2.6974450462057242 -47.364399315875154 8.331728323345839
1.0 -0.24722294228562058 -0.7047463945059306 -0.23753180611872476 11.143705850712317 8.953064831162582 -4.081095537475638
1.0 0.7162829737201724 0.4756040001619343 0.12080526314659995 11.723301903106469 -28.874568876572713 -16.1418922669047
1.0 0.7059990062083926 -0.30434435458962034 0.12619362170313622 5.534145080669868 -60.91871703325593 -2.800057898402031
1.0 -0.585309467783404 0.6224101626358548 -0.11841005088621874 -24.10553312144422 -38.68233331236956 16.089707598328804
1.0 0.32726103609328255 0.0020641671166651775 -0.2505976210772345 4.289356916543818 -49.40464263271424 11.413358539766744
1.0 0.10867157902623682 -0.3694604885300767 0.20839522070313032 -27.436841209900393 -65.38288082766903 21.027649702497854
1.0 0.07134563981691021 -0.6865092063995729 -0.4697918091026848 34.59952643122116 10.152979251800316 -26.043071175487167
1.0 0.4392988333629708 0.7036659180189092 -0.5238238736265594 15.393024850434946 -10.288204778727959 -48.448212196242906
1.0 -0.6827525604250752 -0.085696139413756 0.18513457276968082 -15.157060360397896 -23.051095760043374 -39.55352604981343
1.0 0.4965842390305369 0.07604959774569241 0.4618394345861032 25.672883868604615 2.3631318299809285 76.99886809645577
1.0 0.7686738903457638 0.09137294416794078 -0.35429984348082455 5.588491161179083 13.53572400640746 -23.072645655343663
1.0 -0.3247612260813779 0.4019249052031113 0.43780316577797407 -7.215500616998894 6.80492343974666 -1.4185938891694783
1.0 -0.8152275417673777 -0.02649337322020288 -0.2787929153560021 40.08113066082647 38.619157222817954 -9.520576099747371
1.0 -0.5127923699099155 0.7494644753536223 -0.16660983311700103 -69.26167903528945 -27.77708005751299 23.997621145901466
1.0 -0.3159172328473707 0.38589573833195473 -0.6822275419096137 72.07471400815399 34.4456617306167 -35.2477795173857
1.0 -0.38396575283680573 0.48668445053401543 -0.2795674163294795 -6.742547338825168 -60.1496325103639 43.200793051372045
1.0 0.6946475357750442 -0.30465916143811855 -0.38900476422664165 -59.54546173438439 17.27352386493419 31.19554627141872
1.0 -0.04374855358666314 -0.7788477076615906 0.517061047545341 -24.51539206316982 -43.79823367602344 23.70148159353889
1.0 0.09950616193881705 -0.9633398881250615 0.16502778804719495 -32.54732844501373 11.338188320784944 6.127608789249823
1.0 0.2837558160608899 -0.3483658408579308 0.14020881917206307 -9.820001958761244 -55.70062416195424 -11.251426644097467
1.0 -0.044277396866431666 -0.8387069207934739 -0.10328551077716012 -31.59743238479577 20.176794373595126 -42.661011224508705
1.0 -0.1307774662366941 -0.16650427088410247 0.4848927587855711 -28.094627023625268 -71.58960309610593 -28.82874496763688
1.0 0.8382731681208708 0.15198764954459318 0.17915131825920813 47.96027593441704 24.53653588633395 18.889347194145568
1.0 -0.3820022903347374 0.026560092277267824 -0.025610226698856816 -5.585290788070942 -86.05186915633408 -13.604388588513734
1.0 -0.6857426829382383 0.389748166267023 -0.29131970871155655 31.919754635458027 17.645783320913015 -35.2902175206837
1.0 0.4264731402744441 -0.01663518070794189 -0.05139688412273894 -50.68235430002047 -5.590068563691454 8.525735895297679
1.0 0.6484579867841128 -0.41354305621491794 0.31633865130464606 -21.77248589169949 33.02260054481367 -27.3070029792165
1.0 0.05841170096925996 -0.0671721061154328 0.9491636705568521 -10.057620648045743 -12.673515650997729 8.106545952590194
1.0 0.8799024604866624 0.04372066106727528 0.29739110092096716 -11.32183149341571 7.056594442150269 -56.84667368769103
1.0 -0.7577446133340716 0.1349501974203938 -0.022399027812456892 -26.372862074853 5.752128150099948 -14.23468385193717
1.0 0.2816845679566611 0.2397269481664112 0.4277594620417821 12.863987952715712 27.3897523813408 5.688523659391507
1.0 -0.6603267119288764 -0.49086545461415887 0.4817009204249699 -26.97180478257275 60.58879722349598 10.639608069932036
1.0 0.3403636750936447 -0.4962097170222441 0.09279472783020334 -58.928170129819016 -53.68460538577235 -60.22063300943282
1.0 0.256239597860081 -0.2046081785886 0.6171425813302619 6.412090524650521 -8.701104045806932 -6.28491710522575
1.0 -0.21087034984798939 -0.6384304890987009 0.04593053808666795 -12.374062086544043 -14.495502201598047 -28.633196276124014
1.0 0.22041068940102884 0.2919596778406954 0.5933887609618148 -9.53277772925133 -18.864765382641924 -19.98026698654786
1.0 0.34132486051245703 -0.698472200350436 -0.16776827451726964 19.876112268102148 34.583399490894216 -45.14960007344137
1.0 0.2295672389839164 -0.19359586630443693 -0.06329005945199379 64.33206411472776 -33.498377710681325 21.28276029091956
1.0 -0.5737958050418968 0.03412118079746091 -0.082334062112975 -36.996394489384734 0.4369831399014478 -17.57994818061115
1.0 0.4755959893481686 0.1351801275442452 0.10222742943724 -6.020858825069849 27.45663972378367 -17.959590265672016
1.0 0.19597223981270367 -0.6618569852995894 0.5859159523362145 22.468157737030197 -59.119675723650154 34.58547836545937
1.0 -0.17191061168217625 -0.36518248683848953 -0.8714635792782596 4.797983104038424 -23.57697043825582 -18.491253484928453
1.0 -0.6557277203801473 -0.1408876638128586 -0.3467604830965112 3.964780883255819 3.461308795230845 -18.22014764591796
1.0 -0.33895016741903816 -0.07265884735993881 0.2521667527708906 -65.25428249396931 9.072100308473434 -36.945691983243364
1.0 0.47264472420572295 0.06922889618129346 -0.12502204924467492 20.939565345555003 -5.0569594586151885 3.667939098056557
1.0 -0.5209485417057124 -0.40443357174885136 0.042114154726197096 27.858441671533107 -33.44021354559754 -5.526352038001622
1.0 -0.37420108101429217 0.3795021064767242 -0.4657310748373966 -25.79686037146725 -14.761644365578949 40.20136107071613
1.0 0.01108880112584831 0.30530589617182036 0.10272178499847077 10.432209503636372 20.715081749788144 17.873499593065077
1.0 0.6710370006170913 -0.42784784508156537 0.3598997731615379 47.90309796251507 -20.55540774790728 3.2633172734543776
1.0 0.5374203937493578 -0.7142136957231223 -0.3673426954906846 32.50753369568649 -18.276240451667725 -2.9149231968701277
1.0 -0.12927923403919225 0.01454876563602975 -0.31786785799691875 -13.069293980554606 -64.13854107723681 34.18320629845656
1.0 -0.2656128513382114 0.05957711933793314 -0.2239955882601693 29.423980405964635 -40.01919225824665 -38.92035964113853
1.0 0.27111981942218183 0.43342606174149617 -0.27331820272620044 19.960365445904543 3.2741255152430373 -23.934125291955453
1.0 0.25259689232270893 0.7325737833282977 0.27057295474329035 -21.31257102121441 37.458664000880155 30.626111699110965
1.0 -0.9439803375656722 -0.09461846927428004 0.2048279632843201 -19.718243761090985 0.6895312773298775 3.06576846486114
1.0 -0.30148015834928876 0.3315541430929439 -0.8775348549412574 -52.86440812150086 32.05678202887738 -4.54052170889956
1.0 0.8316440847761912 -0.0726454993804711 0.30074945100488554 21.08251654443947 -6.960581080564046 -41.64257750123734
1.0 -0.7710196975362936 -0.09331058637123092 0.10375549381667466 -23.819510646388693 -39.389449046076635 -34.577153850834605
1.0 -0.37085636939211797 -0.46339365008204064 -0.2977338260577366 -26.94233181111251 -10.237296143385802 28.01017684444785
1.0 0.6784605622557076 0.10266618205797587 0.483365641233146 -46.2302826175937 17.887631958491216 6.994926344414148
1.0 0.3755732174593567 -0.7143646331993565 0.5116844079700004 -18.532265767002645 -26.666707374925096 -38.68093175177871
1.0 0.43723739954515656 0.6678564335351022 -0.12644987327091536 -27.65704215583657 -9.554062146504444 -32.71889681746316
1.0 0.37986194176397714 -0.7064194006255605 0.010497843684468116 -3.662076007020919 -10.821042189965626 -28.705244082221892
1.0 -0.14205536916224065 -0.3743284769357483 0.7721438586929777 -43.5317916218452 26.831920893091993 -57.2482512071286
1.0 -0.22692575977163296 -0.12412867872721507 -0.3944642491351112 -4.535945047114841 15.573881625116778 66.35920897503274
1.0 0.5672819059745052 -0.33991960670963295 -0.19367554096091133 -24.89217962832798 -4.08329971344908 -4.516313740458783
1.0 0.5876641665736485 0.5015050159702524 0.6204443673759141 25.445332748560812 -16.282916987273126 -16.41229365974138
1.0 -0.042975318205722604 0.21947115462463 0.7873459358389633 13.543483267472425 12.141273716383768 -10.088626627710877
1.0 0.08755406992390426 -0.8616516592185364 -0.2775998868442542 -2.1744688982294504 -13.9333373123688 -39.30449833236887
1.0 -0.3667654548160401 0.9189750745197233 0.13398869346895015 -7.397309951032414 4.942415793997445 -13.036045783953766
1.0 0.3901717935455093 0.909151007339437 -0.0675569518511682 -7.46337426627533 0.6291150094408915 6.979790844276926
1.0 0.8621913945896831 -0.1783977179440072 0.2894588181778127 -30.450403334740507 38.565011385593166 -6.640563216102292
1.0 0.5537980092419144 -0.03684511065121573 0.04744008724411087 59.85970148518124 -37.315835517956145 39.00431999281559
1.0 -0.8943093971076381 -0.16391609026330548 0.26901581696797056 14.863300397156564 -14.289403374753569 -8.990043717666204
1.0 -0.673346170345084 -0.16133387279926184 -0.026665933586231604 -9.728119923780447 -27.243965205516098 -20.416140280150948
1.0 -0.369911407480894 0.34731856801823074 0.3855985937829614 6.217754700557915 -0.7549907542128158 22.102542714598986
1.0 -0.6385671034904741 -0.20062248321805023 0.32379246088226366 15.791616588341926 33.9505793494275 2.306159758727214
1.0 0.6634315412304241 -0.24492816104240797 -0.09531063399605315 39.46899781929923 -36.19119743878811 18.612914631621987
1.0 -0.35025069521340585 0.7991174814344949 -0.29531378033635086 17.912634996009363 -36.88844478162737 -17.40948006174043
1.0 0.46829664942535515 0.04352842738792292 -0.6918818173065654 -35.62266706756896 -40.20316836812202 -8.474517128262983
1.0 -0.8695996354814267 -0.12468043158934827 -0.45350646913720905 -45.09555644697166 -7.235286495436212 -7.500814402894194
1.0 -0.3200423077318999 -0.3657558407467799 -0.03485054543675145 -26.060325108187694 -0.2535783874924406 -16.93508768093032
1.0 0.9699497898089519 0.1106712427269512 0.1473607431935922 -18.932489584916127 24.214888987317252 -29.322599772209575
1.0 -0.4628757168957792 -0.17632620918840416 -0.5221746222164987 -5.337206908894445 38.76437801006355 20.88669592223392
1.0 -0.40862447608199465 0.36145487768160145 -0.26039257891257644 6.290362218665095 -5.941469652799495 -20.274175205217922
1.0 0.41333506161821093 0.06190723940992912 -0.6377091932733844 -13.882684033036108 27.996408456824437 39.12659890480135
1.0 0.09667408630839944 -0.3448937164367039 -0.6452223153202661 -47.34836272359534 5.628509571031148 35.51134157665828
1.0 -0.39759845670690674 -0.7830533160821309 0.16813198338158855 -8.957540157367731 -29.796084914987073 23.84392515004626
1.0 -0.19334023250710125 -0.6059818155999273 -0.5090714106372537 26.426698968597915 8.525478135525198 -11.292202535558742
1.0 -0.4952162982405609 0.5637813343511974 -0.15293491581954533 15.961180422516556 -15.748725214714547 2.081037940282671
1.0 0.5187055007404937 0.005048878343887935 0.6095737867343002 -13.936525048702489 35.535596513284204 19.776074411442057
1.0 0.057287803226096244 -0.3742396838159189 -0.32132669331219793 -72.3314603415463 -2.827981589206265 4.28807185299492
1.0 0.3724959548617626 0.07453508614374463 -0.4641894165150009 6.558190401330356 -35.47082732828912 58.92790239497474
1.0 -0.9688694621842292 0.20331513833262488 0.09152115139010633 -32.91029614924592 -50.289337984290896 3.9593453993724665
1.0 -0.19838622997467686 -0.13922136395504742 -0.7740789332139029 28.693718969455453 10.313182556240726 -38.17807120916552
1.0 0.7611782581312357 0.04650921315300847 -0.11543258594005167 -23.485551416513907 -40.68271412377974 36.7490122348024
1.0 0.1839611453840782 0.7191411516698025 -0.2308641542595432 -4.076708360984928 14.23139842749696 4.033542955581335
1.0 0.17897922471877895 -0.7104349603791037 0.5628015647583631 -5.481652810977554 -24.224704812463436 -70.91914774301692
1.0 0.1856079109776749 0.2234782653649417 -0.3602684411814433 -15.172964753094913 1.846599914601414 32.40431231295656
1.0 0.6569127643510788 0.461045178360611 -0.2067057567811775 13.694848227372754 -9.340143701651733 -64.98929867054383
1.0 0.26199430679284386 -0.8362686398014879 -0.3233680295586805 11.447573820396693 31.757271784428788 46.446493091989375
1.0 -0.3764269603699656 -0.08183863405481699 0.548818493541727 0.6213150414290823 -21.837871254093663 53.72961954598481
1.0 -0.16868482080476663 -0.6214029558939422 0.45364285534481685 -38.19494380599703 0.8279066020949875 -39.355011740207345
1.0 -0.04496630203619928 0.2527343563898937 -0.789134779361518 38.98715451549079 1.9172889317130524 -26.405160875929308
1.0 -0.007637021473725997 0.22420605799374663 -0.09167195198217468 15.537364097764293 52.441278681084825 -28.282129678080093
1.0 -0.080929206410188 -0.25424105625889665 -0.6138024921436912 -31.206351463312938 8.789632989600214 26.683726645170392
1.0 0.1774748429447171 -0.6223049884882892 -0.6418464084446255 20.884160725243625 -12.96887898066873 5.431835124626474
1.0 -0.3729620282346701 -0.3760177337324103 0.839815564982788 -16.21657742918244 -31.883969432031986 29.860089023167006
1.0 -0.18238357370911343 -0.04321136693484109 0.59264212471374 -11.244109866801676 28.95813096119607 -16.631610196581992
1.0 0.2958956559186533 0.4389850891968023 0.7880481875113045 -5.191669498626944 -3.4119052021926497 -25.88823256703691
1.0 -0.898980686687064 -0.012483019844796104 0.13128112276903484 23.548946137030224 20.439019970409213 -4.129062418664306
1.0 0.4225376185671282 0.15841287615564745 -0.8087321594261669 -6.396442540742115 58.570782642895054 -25.75799378132477
1.0 0.22842288141614106 0.1457697401374647 0.5294067180349178 58.393179972427404 21.2965812939469 7.052709976382864
1.0 -0.5660938390129983 -0.01518563062895744 -0.696679310357356 -17.09981852640755 44.663812165311704 -8.773353731213426
1.0 -0.7092627878850839 0.26805296488853575 0.44996494233434414 -9.401373406160394 52.72755428027603 -19.732963442078518
1.0 -0.5010455462785461 -0.6708741176403966 0.1471655215467131 41.663935313101184 -13.749883705321254 7.530622440670287
1.0 -0.46104421237390447 -0.6520663826818738 0.5373643783697672 -71.40997055637523 9.474710340338602 -12.938928499487696
1.0 -0.5077418159796409 0.8052170170550957 -0.08758843097775913 -17.455402101622763 -5.569647852443734 0.23260203343718713
1.0 -0.09156482677475852 0.10036799981267408 0.645246381311234 3.39615361137489 -20.332395081724908 1.7392764077940093
1.0 -0.7336527213008156 0.050722676912548406 -0.43900038740084646 -3.9898435023976337 -1.4657807377496457 45.92315689974422
1.0 -0.6349724468835912 -0.07094506614985148 0.7137856637831317 -27.15303546153424 12.432414079027293 45.313747757015285
1.0 -0.7734544369738179 0.08860782984993358 -0.507223261645488 -35.22865316975057 -71.39177170431503 4.200558265804211
1.0 -0.09879989766557681 -0.39389989536093567 -0.5911146255273746 -16.736238490047846 -52.012669118228196 67.542343182453
1.0 -0.5951492795781281 -0.4370595254639828 -0.6457955545465238 -11.202300218728652 9.993937467791127 -1.8293607012404127
1.0 -0.7927079627767859 0.0910598943346551 -0.5297671609290818 -29.00586424097586 8.554394762220037 5.09757766598795
1.0 0.10441468654595512 -0.4822873474749873 0.7143888085551191 36.94050864610906 -33.63421996110466 -12.247123874995747
1.0 -0.49879026289495976 0.3867609561166815 0.5228210388478972 30.625205137504594 -46.85194840152309 2.7059436402954606
1.0 -0.7346210304556483 0.16688330646843097 -0.5699287172270685 5.59899693061311 -20.048647764681323 12.427950897343813
1.0 0.6036616778004005 0.4232194049636473 -0.192145233285184 50.46533220760426 -19.5842056488784 9.93417564543279
1.0 0.38518714883296157 -0.14526253184313206 -0.4149370211773217 -4.100128951064931 14.341718664572522 -3.3346059612756633
1.0 -0.5344470574501372 0.21737260400215702 -0.05339419458177806 25.885389406597284 13.36431617057897 -35.363244671208086
1.0 -0.361046719089364 -0.6450993619562992 -0.4704399084308914 69.79636385996723 -5.545774965549709 21.549463574770538
1.0 0.3515670421395734 0.8551852541456618 -0.24733796197898342 -11.974145519455321 9.957415373411118 27.68086485229882
1.0 -0.08993291088157847 0.2322455873295359 -0.8045220449693541 -21.475854093542065 39.481184602434695 40.2894650892765
1.0 -0.3198613701616708 0.41961244442244194 0.12972005830762431 -21.02098506565387 5.468008593332323 -13.334896548610361
1.0 0.6509491491132041 -0.5570978529124107 0.26762574113203796 4.549993380312734 28.183100140217313 -5.893293444037124
1.0 -0.25880199566502865 -0.1456711024876909 0.7543848748487629 36.39286894229082 12.477829565091723 -12.932143164612093
1.0 0.2606346391899768 0.9178414290959325 0.2705995100950863 15.371978717501849 -29.95597460359084 -6.542847439096886
1.0 -0.6895765362743748 -0.10001393444690213 0.10567291090049048 3.6795677149572388 2.1165920481693354 -9.96824004071982
1.0 0.35760961147128534 0.5849789134654425 -0.5605049682528809 28.070305518050787 39.10221937790361 -6.627739203994663
1.0 0.15057138732887745 -0.47229498192578506 0.537870550779695 0.5285557671536433 38.66097334675436 26.412863988911997
1.0 -0.52951177924083 0.45738624348258183 0.23913127173731147 6.465927397414724 -16.032912087410143 -10.1094562544461
1.0 0.1360684119657016 -0.746774190134911 -0.09559592125380886 39.04323796227229 44.60398423395456 19.42570722983562
1.0 -0.04515749062621803 0.5458816438366865 0.19050384693271435 14.969512269173917 -2.8402650860320353 13.805564240889487
1.0 0.0873620694467452 -0.26677783511339515 -0.32204329728845466 2.7590041243840298 5.184173626541562 25.939941804854556
1.0 -0.023831915764316196 0.8020262700507796 -0.5219491695151536 -65.82837193619294 -6.853466968976942 36.63801164463602
1.0 0.04111537275932122 0.7318909004668724 0.12465727551052289 -3.1179585219126498 22.354042897813972 -41.749477164309056
1.0 -0.16954967256183037 0.2363217964749048 0.307508162841735 -25.207125265599345 -34.77789116423374 -0.3557339234906086
1.0 -0.08633881645076473 0.6550808375754584 0.4868130392804707 42.87895061863303 38.53336155978336 4.805922642895373
1.0 -0.7920546154781418 0.42262534314668365 -0.3873895493706275 19.769453501763437 19.94270327925627 -5.307037695120631
1.0 -0.2634535264665866 -0.2704065131349209 0.8001650107308083 -5.53269101181708 -46.1944389399049 22.979830313832952
1.0 0.04379150687717734 -0.810972486343654 -0.4569395813410908 16.25072862103117 -1.8681090336103507 -38.40252021830066
1.0 -0.3812557653886362 0.7851225311215145 -0.4756237395111197 -34.763618699662175 52.66958162504257 36.536448463655674
1.0 0.278163485547213 0.36358231373840644 -0.04208508860227176 9.13606701249088 -13.637863780547415 14.317994722619762
1.0 -0.7197846220959234 0.27700436648354637 -0.6316298013852435 -68.44141021416974 9.613204617562229 -5.1771697976592375
1.0 0.17190219879969063 -0.3967736629875766 -0.7704839549419003 -25.382388053674774 12.467790484896351 -27.03665342133861
1.0 0.19681964590712844 0.41006569008899707 -0.744951214746396 -20.407107338889432 39.05624154330385 -2.361253488033905
1.0 -0.0796939140563486 0.6913356946394547 0.28872405752847624 51.38503241480473 0.5977791521843288 27.818506451773285
1.0 -0.6071231168687002 -0.2773788751687803 0.27265013391310533 0.8204611200376275 -0.3598372198584873 -31.929796379138867
1.0 -0.7832641804679517 0.20012320391544103 0.07493169099568117 -71.66764022649294 27.586254175213774 -21.742280931792042
1.0 -0.1468208804777505 -0.45288467856400166 0.3459035708321643 12.995753297587699 38.930275645226146 -37.76907997047506
1.0 -0.6774219631250874 -0.37689933190614655 0.20224611740176118 -25.039250484752877 12.955575526196204 -21.74712176731066
1.0 -0.0005190104884313208 0.30866154180587363 -0.41534881368080073 -24.126046549898355 28.740386876443182 -8.60616660246394
1.0 -0.07857036337140184 -0.3502343227784407 -0.4599871990518734 17.42330470219618 -51.43657079238321 -6.734118861964753
1.0 0.14332532463917594 -0.7079092966294072 0.6141183967080879 -19.312529193444053 -13.161666508303629 -51.952005794643426
1.0 0.387415769065371 0.42407027711864803 -0.234847470038421 23.555413338709855 16.599645303783866 -11.659827634967455
1.0 0.4132918652496192 -0.03155824699022233 0.10276718500376537 -20.20185854740094 9.539615785922539 -8.296751505827286
1.0 -0.3077936096060851 0.2721286121352379 -0.8870302850860632 -29.32671832165019 -14.750982306785735 16.28007279856779
1.0 0.021115004789608344 -0.22071584001265712 -0.8715947992958291 50.03336404425924 0.8162854019851284 -2.0164350935123827
1.0 0.6154232572689762 0.37348354987826515 0.6048672552582344 -45.934407876483384 -18.8548364463969 8.257496960654015
1.0 0.43587689080630604 0.03821017363649463 -0.4467488808054585 19.743462785466757 9.515461209050944 -2.6051704691124717
1.0 -0.10776242996263904 -0.9494563282871019 -0.13536935700432864 41.98150108560174 -9.422766416998368 -2.4181814880985333
1.0 -0.20927383981666725 0.35528579875051564 0.7250636282360903 -13.06397541909613 -23.267668142456014 34.19486051637278
1.0 -0.6912332695895941 0.3058143004914317 -0.19275976025179367 35.509288108221625 9.453219411216013 -4.656549464456332
1.0 0.025863477203555467 -0.5727614230788264 -0.4253394952401866 -29.092349121991816 -66.70353635668573 1.35584871952867
1.0 0.8786773474106323 -0.2691640369894633 0.0022539756148076354 -13.871585251377489 -26.46192934384238 45.02715184276405
1.0 -0.6007697260932915 -0.18174305272567082 0.4181481680909822 12.258576600321918 5.10264209365819 -49.19428965005307
1.0 0.30404219824872397 0.3464318664325152 0.47577375620363554 -28.973023873386662 19.59208354208956 6.412246371301424
1.0 -0.1450128279616558 -0.0909913857836049 -0.5172108517664009 4.844324165206921 -17.23337122927931 9.050823029325793
1.0 0.3007611765254107 -0.04858700583136907 0.8188136406387913 39.97553312286721 -9.817918938238972 23.525355371802295
1.0 -0.14921184481266553 0.4745934584664762 0.5701198647666164 18.77642423320997 24.1046013028096 6.929183238279471
1.0 0.06824344922861109 -0.014274407832167393 -0.9370686510421979 -25.297126363460922 -6.6150021230918945 -33.76355037698694
1.0 -0.1351370747286847 0.6152366354876562 -0.487367877618152 27.62226982327066 10.708871653064161 6.475688311777244
1.0 0.8289499823780292 0.264223062266613 -0.2551199993862645 46.79068776190393 -22.44900065331234 11.072854664587313
1.0 -0.5266011901408059 -0.13106361735959327 0.4407355002633626 -9.593741506593805 1.5624056316129034 -15.80630473975434
1.0 -0.3563506944683812 0.25284230387233175 -0.24582861171634018 -20.038992699023282 22.18760460895173 4.186354049676773
1.0 0.12191280006072039 0.805046510750007 -0.028494707961879986 -3.8909696597830976 21.85166867589238 -76.02257993503459
1.0 -0.16241545888347286 0.3785294309810955 -0.7446585290330429 -31.653496957280556 10.124041006514638 -22.98786978826227
1.0 0.001810870316908943 0.3735404699184647 -0.46260830018982213 4.808073090071531 17.998221994225705 8.908303479100601
1.0 0.03891741535592221 0.4549865142330378 -0.06216649883643983 -28.983959318001773 -0.04332181891590177 -61.16313336094882
1.0 0.3366933703426917 -0.2624834727258375 -0.3578775387822278 50.48498728213936 37.049165731619496 58.02334069490815
1.0 0.2189389332005022 -0.6254541997177389 0.09050682505837655 15.388033001823903 -21.67775408019293 20.92848656829427
1.0 0.45060149443781766 -0.43112530432794033 -0.746299373026039 47.048617627185266 32.363878369278666 -36.78311035210608
1.0 0.4513767406578739 -0.4967130659581995 -0.7002148431179455 -44.88460189998516 -79.34246018029464 -2.6255274537451903
1.0 0.15764770813469853 -0.6122397418727232 0.2278087263054147 -59.886057707012334 -73.31040020752096 45.932220415593164
1.0 0.6852648198290002 0.23235939129488703 0.10476429593348056 -5.177315456719868 -52.8474784667578 -11.86087657029367
1.0 0.3442669437946583 0.11365700085375509 -0.782650657136376 -42.05156224956461 -18.669692708717633 -18.24211260459312
1.0 -0.11744735334966995 -0.7085227046239836 -0.3967212946929649 -29.033529500972257 -14.069662959944258 6.16910396290787
1.0 -0.38332492941359514 0.40015478645424785 0.36641850052845304 -11.043870762095334 14.442154227505062 -39.9262194743747
1.0 0.5174237282393226 0.8284646220030026 0.10278201545181244 17.807088625624193 36.33290027373391 26.398023184830965
1.0 -0.514380255260992 0.5932173818020061 0.5917476629678227 -55.06827472768138 30.76902720987101 2.830508223971872
1.0 -0.7199066633484392 -0.27587152261703257 -0.16359060897078465 19.601415899654558 -1.9927918125848518 -18.75728250787831
1.0 0.510077234061128 0.5130889815638412 -0.5216331903219161 -22.848703932382392 38.549203978178774 2.4743769963297573
1.0 -0.9094268759912328 0.41579550384056074 -0.0027054746581274673 -61.17001010830695 46.868188466166906 5.1632004554438655
1.0 -0.1832866242276361 -0.5742374601372903 0.09198853538552543 -9.930328996855165 26.906498195350913 -18.838859117399466
1.0 0.44876467234116163 -0.8569615969663165 -0.06750576533548633 54.27850481949811 -6.073008201746403 23.234782131715082
1.0 -0.09719128341593344 0.3145158298856054 0.8008605403902257 -11.509092679149287 -30.051599995317336 14.118539953582511
1.0 -0.3038147779783522 -0.8017869254881248 -0.3342505456394525 4.191407937932366 47.027619932440906 31.156486069103927
1.0 0.7043227528474227 0.17762214358283024 0.6821994329195856 29.6804313164955 51.5021586930472 18.569360867781306
1.0 -0.9685214193460581 -0.10931663168430887 -0.2052990038395215 52.55110489235223 9.591727882409586 30.570854735267858
1.0 0.44377514505828236 -0.19551860715573768 0.6386394975549623 -21.369705111785223 39.523741327340886 5.021489354818218
1.0 0.6837192899010441 -0.05854816770015467 0.445488806411222 32.38977784115261 15.404266509632984 5.964544780013937
1.0 0.05606697212000898 0.5441345108300181 0.14831498037175503 75.8433073371043 36.93374048719245 -22.91537412886213
1.0 -0.44601497594065004 -0.6758403106258046 -0.0327745176973119 -91.05200146941719 40.45897950290969 41.98266714256696
1.0 -0.6049295859804728 0.4837689034693665 0.12478308405089712 -52.4337039038461 -10.690974520032519 21.469622000923266
1.0 0.54922874932946 0.2889918280527248 0.11864187163792318 -4.529689644191335 -19.499000930496226 9.629006380104995
1.0 -0.11253645886442436 -0.27011166867740705 -0.6235322975643431 -12.497986515951318 -63.395990674241894 34.86106800165683
1.0 0.5631282679575883 0.32390879009118273 0.09782161835573094 15.170060993936943 64.30286845017592 -52.47951251447079
1.0 0.4626416824086882 0.20151901720520102 -0.5112288077141528 -16.05683535860467 16.480034548921907 -5.860860370666779
1.0 -0.6408808140696418 0.3242879896602794 -0.2651481030468814 -1.8582250097741615 -3.3835345610018943 -5.796613691157539
1.0 -0.3960214515819686 0.3595502183858286 -0.5494346214234894 -4.550879144988007 58.40200493312883 -71.48370260369474
1.0 -0.03894175182388823 -0.9060148873392484 -0.1514248636908564 42.69867941431672 -69.15750195523185 58.94003603609219
1.0 -0.7301774010725589 -0.617836759824526 0.16299241613459417 -25.314708845117057 -2.535023051533035 -12.18326924185772
1.0 0.0639835681876198 -0.355131185200905 -0.33354189576772064 -15.190741123855586 -40.14462189069885 -44.28358259380091
1.0 0.6051619469875028 -0.42698167965779454 0.17186291010432808 -62.01995606240892 -17.21696484434884 -23.139897516105563
1.0 -0.6453307234557175 -0.24678568162108586 0.4668079378047558 -2.7979685929705176 -4.75512218849806 6.197181584601852
1.0 0.03922199221571204 -0.3708872445442164 0.7485382382105537 -48.20422988667014 -38.439765360984765 -6.397991586939235
1.0 0.5903396833388177 -0.590738252716 -0.005883008034054941 48.913938411361656 12.679908381526467 -11.813763256020927
1.0 -0.559607757179271 -0.4818200503661977 -0.48177794138556007 44.44179584736147 -4.951084809008209 -35.98913114431258
1.0 0.5111388892594412 0.04135438962344374 -0.492434132048193 -5.024969893096447 42.636335010366956 17.0372578447441
1.0 0.04699856488266124 0.1967592417173644 0.23423485781283765 15.506976704386066 -39.246380897796094 55.31525290395196
1.0 -0.22237600146020814 0.09538462505226838 -0.1396155333050189 1.0295425579380737 -45.32689738934395 -23.809243316045475
1.0 0.3998466305212563 -0.705850255673113 -0.18075551172365484 33.429745280167346 -22.153685294495066 -48.430446602411514
1.0 0.016340689983049845 0.09291702328530249 0.4561608001575668 7.860443888607724 -15.142311014025093 19.593540435820266
1.0 0.6335978935309273 -0.6226871654686433 -0.3680332370849725 9.075687601235416 -0.11146466071411865 28.581183729860633
1.0 0.546429515131905 0.18488624306507842 -0.580395736851466 -2.528731827417938 10.146493567292907 21.0260121756297
1.0 -0.08701664954981217 0.3402855273668282 -0.16832798875876853 -25.761207521766547 -22.391185318943375 2.72727602683403
1.0 -0.038675668725725185 0.07124873144227863 0.952167665839573 -71.04703303496187 2.130763311964959 43.60849379049898
1.0 0.5114103431898723 -0.6303912565129544 0.4035650931651655 -55.48599151075921 20.485730364319373 -40.413143198819306
1.0 -0.10331691832354774 0.19526161661165953 0.4870540340202853 30.387738165241892 41.96190853978577 4.3832302970613135
1.0 -0.9568888066964388 -0.08188668683201233 0.2613347801334103 12.350553500962459 -54.00159016945622 -20.815044929031526
1.0 -0.2973680312659735 -0.7715880416849155 -0.23436443842799973 -24.17847575512689 -4.1826667991008 -30.921441557526236
1.0 0.06862836411271364 -0.05000610388195779 0.053567980587432035 30.32638593207257 24.752693539746012 37.32889554191079
1.0 0.33990925240423414 0.4819990314150574 -0.5468366734232908 75.95481254118873 -18.450298558261043 20.624754607581064
1.0 -0.06926424005952762 0.06290817258687997 -0.5656204763356987 -33.63618888343542 44.14422493015717 -43.775364481885276
1.0 -0.08244055952270744 -0.7168371309531391 -0.1911083281481811 33.194530457510034 13.189569790370914 -3.034267161103321
1.0 0.14468517113931442 0.20574002699651345 0.13174756430967585 48.34892492668473 -50.06131334292334 16.054449473382906
1.0 -0.052405452887068577 -0.11612700158959342 0.8383624291237649 -29.37859779432643 13.180612064610262 -11.453037946582253
1.0 0.04690664308581042 -0.21437403762708068 0.7489072369536536 47.449763074549914 53.43474855938647 29.528054918233988
1.0 -0.511276048408233 -0.1680977307856414 -0.5980299344087906 9.283607493532957 -11.966106574187062 19.034888592105013
1.0 0.3064486280993315 -0.699015233947964 -0.29089299027667403 1.4647386749667426 -24.222550221135094 7.636688856513237
1.0 -0.5417574738848637 0.2574359152331847 0.17224818728010843 -9.284712395044403 -80.0843692141302 15.765104820179463
1.0 0.7975329276333305 -0.045859962030335454 -0.5323442005612444 -23.654167922613144 -4.990008407574531 17.428686434426147
1.0 0.6424405151039609 0.06512625810442514 -0.6374963958221626 20.88741769421399 -25.492079142960165 66.88369740451009
1.0 -0.22496920945215318 -0.3259441152743687 -0.5992283749927035 16.614596302755718 36.29581278746985 -52.24608678453362
1.0 -0.5061558960981409 -0.44547430021757056 0.6482206011665104 47.336391666476125 -9.173214910986594 -23.58633267986067
1.0 -0.198309610585114 0.4534512611613991 0.42694980948562966 4.172477470819413 -40.60078297353609 14.330479702753253
1.0 0.08356446683465703 -0.08434361266111996 0.9606775525818251 2.706700460876467 57.81275212315356 2.438544354680366
1.0 -0.5087154613245402 -0.34319544877886077 0.47949070674384375 23.32772714964226 -76.54128661295114 -34.093677457933886
1.0 0.6215473076994796 -0.18148229797098242 0.1201846956266014 -0.5030248825217705 12.197584492678471 14.881038454283582
1.0 -0.5636090115190145 -0.09271894561802249 -0.42618618588885193 -45.46659230331822 -12.13455331632901 -1.4024635725868306
1.0 -0.6567309471080294 0.14120626878946232 0.05334377965006809 -4.279531718657657 -26.3413505328242 -5.682294336501532
1.0 0.8536559239434387 -0.1876202150230661 -0.2307175885938541 3.8975362831696962 -33.67151657490644 -12.110141562611977
1.0 0.10199574242002082 0.41851625755974775 0.6736941363245723 30.067089615913883 1.0289181932012306 -22.781825900412915
1.0 0.6809766540172831 -0.22264328416933382 0.6361494167042139 16.42403693397153 -1.7779315028377907 24.44216326773875
1.0 -0.5206279280737246 0.059198491195813406 0.11153603018030431 -17.11585206455559 35.514824941469534 14.318687039965921
1.0 0.007482787463449372 0.6651954317566986 0.5261079318048285 -9.439582875814692 7.665661709248382 60.87462003401355
1.0 0.3139030098115472 0.4125704734984774 -0.6591571846957381 -15.372364542492877 1.98383514396229 4.689292528227865
1.0 0.11181990423611687 0.0896341099181041 -0.6612080945659774 -40.8366155592347 0.1103273283568598 -37.35592059870954
1.0 0.7127677973316568 -0.45379895190142877 0.025717403598489348 20.481425231015773 -46.32519223205665 2.7042826850578616
1.0 0.3170797950180043 -0.19944141527476633 0.8116441228936625 -22.200252993162948 21.518063620997708 47.15814553690956
1.0 0.16035004243871778 0.07909327942843876 0.7750836166503794 -43.53409351906825 35.159741348454254 35.9810197543861
1.0 -0.9501010948374982 -0.06864782911990445 0.1364463251921373 35.52130970904237 14.50709687748694 -62.52949887909263
1.0 -0.7204463886095663 0.150478627176618 0.06666980845051317 -15.175122073839596 -12.70417973041339 -13.888441137944296
1.0 0.5288402275615893 -0.03782854159259749 0.2558173452647229 -18.776743584575797 2.54302820589349 -74.937550133833
1.0 0.12331023279738201 0.6025574346510282 0.22513109280375715 -0.00624865835328282 -51.38923577128295 -63.41965270618948
1.0 0.5113444950670036 0.21319743817886916 0.03604118283021751 -1.9585232885357156 37.71454708978166 13.108032336026364
1.0 -0.18555512354357528 -0.014706082287253784 -0.5388141185621994 -2.1519513307707228 26.671845821676573 4.9216376725027855
1.0 0.156000659542725 0.8505174448022661 0.4128074088232927 -6.27435373116113 54.9255153856818 40.85118386772145
1.0 -0.5287740346400261 -0.291115306206898 -0.32504468041172546 -12.067553289796756 18.320466255819245 -12.04949423645655
1.0 0.1813025899776629 0.6420976580234458 -0.7330849228762677 -28.57916174943099 18.542432583853163 -16.628554149736132
1.0 -0.9292324789396715 -0.07669695059227147 -0.013836953421256112 62.89928977647165 -16.008662336960906 -12.073779121856404
1.0 -0.17724448529983025 -0.6083813278766659 -0.2017678213411121 8.746362531303456 7.205481844690681 3.9011952019863276
1.0 0.6562968321875758 -0.08658451033060004 -0.47109113980686096 35.80838912540963 12.04471609687134 2.5495512646012033
1.0 0.4538825699216235 0.06313111842668472 -0.7120436854087656 -45.702076440913466 15.790338781472695 -28.477974356091217
1.0 -0.1257340292152536 -0.09186412923488224 -0.4189564218124805 -23.060062163523423 -0.9124966023421504 32.655108381675554
1.0 0.2763944349896935 0.18553232716460408 -0.21450552286317953 29.264119644587222 18.740274673757824 -25.76260976657609
1.0 -0.5910174842484892 -0.34642808261050523 -0.1095710248318055 21.302326706766248 -41.46929523500324 -19.241738994234844
1.0 -0.7713145006757112 -0.1637756875176553 0.6062279204584892 20.70264629765818 11.975694707611645 -60.76890792868436
1.0 0.5337892531997377 0.6775692723844216 -0.35810858068094975 38.39972580252045 -1.7323088930058013 -5.684003886565468
1.0 -0.6067842672201795 0.03385356248883219 0.6005174964830241 -1.551278931285642 0.8280202199867907 47.7183714951542
1.0 0.5262602328465672 -0.47196426981897693 -0.6370155203038327 -0.6578219016344842 34.13073041886301 49.737401517721395
1.0 -0.7292028994836858 -0.2958013643985163 0.0026677939535598876 13.688640487120432 -12.28054274679897 54.55463611633724
1.0 -0.34783888785532474 0.2637780439973927 -0.3656644423918565 21.95973630285914 -8.19756745266553 93.97960374900558
1.0 -0.6211938021769094 0.2139694567160434 -0.23586057286244136 7.263464998085943 25.618886605490616 25.264097073748744
1.0 -0.6638384487453965 0.04420418298618457 -0.5200397995945868 5.78757335885483 46.08116174648082 23.027800058744734
1.0 0.5404795709951069 -0.33168878683509384 0.31708935259178 11.663724057296648 28.754377565237235 -27.12280055985972
1.0 -0.28387607079145755 -0.25448007870396044 -0.12625234311315012 10.049851658738671 24.00211292620699 -9.052142458248571
1.0 0.3765002823219111 -0.04711397036976935 0.7018295057463291 0.021923483645075667 69.24136650247792 -21.852538282610745
1.0 -0.21200641089305228 -0.21463286709215412 0.8186918892079228 8.648461495896274 -11.195059551306004 -74.71920058487422
1.0 0.24724997118402117 -0.20756567979222817 0.10812829098578486 14.396638030290234 -20.237080228303647 -18.65625030701686
1.0 0.46877553657911725 0.17107672098391194 -0.30291459203442417 7.783927792128163 21.2012041775967 -35.64327121636953
1.0 0.3324380621865358 0.26370285777262004 -0.15086718867392335 -28.667879930553703 11.416719473600951 -35.06514990121986
1.0 0.030276302935633527 0.4671956068708369 -0.20396045145049685 59.982302875064406 33.80098767959173 2.2577834729518744
1.0 0.7600235567448325 0.3230241282247133 0.03692843395292331 -1.4179167811708762 -23.050981671733325 28.60803612210136
1.0 0.607972216850732 -0.02567433106060648 0.19706205454763115 56.43869038016784 23.66221872196744 -7.354532678867362
1.0 -0.0018513641085250738 0.06901241148003068 -0.778787830610024 -49.718963568979035 22.875985221465335 -10.057172433447102
1.0 -0.519783725231634 -0.18135575939522364 0.0867521579880445 69.0136327610656 -63.39510999630101 39.72132577208002
1.0 -0.5536904245442438 -0.5622422391003506 0.37222516313423504 8.786771211940767 21.133326208705114 19.802412794880038
1.0 -0.07933357276991995 -0.0948488227131353 -0.6272135809602271 19.956215013263407 10.130974264441711 40.22039461338218
1.0 -0.604898239726027 -0.5562521896726986 0.43075545263927045 24.38828188710638 31.814025141299346 4.333903998054914
1.0 0.35386105708444104 -0.3837607602815902 -0.6385071959480386 -31.028876272936724 -22.744980694285207 23.569041407975025
1.0 0.28885621284818613 0.6036667773593157 0.6772575155200344 78.63757782244082 -15.131917046524844 -31.36688430679946
1.0 -0.5607519045403466 0.10018278513820861 -0.566628443382481 115.69250441189625 21.19848941089762 -4.547380453406783
1.0 0.8085945106505515 0.24115967927111198 -0.38325061813732314 24.04583933966919 -3.2946499818868737 23.884688163640117
1.0 -0.2618168319274877 0.023334033926403697 0.12685736360995606 -6.360044142029963 24.830039304679346 -39.875090875696664
1.0 0.09859458854945412 0.3360980220887081 -0.19536414445360364 -31.22497636218189 47.789344623261776 9.43562468214635
1.0 -0.664016126171336 0.08253371102968553 0.32125554436161946 -84.14611002192987 -88.19007848691753 13.574163958804776
1.0 -0.5437396946793589 0.6449150720318317 -0.18586197518922246 20.69938035279508 -5.158740035884394 9.05320569375812
1.0 0.6930214091466332 0.15535171172291112 0.18677506950636194 19.34307138156846 33.69505597075806 -11.568909387801552
1.0 0.3715172067890216 0.5214891099410697 -0.424495898741956 -42.33171121755458 21.099010803366557 31.089563017026634
1.0 -0.3512799804888184 0.3999638540655624 0.5056946273754903 26.6148600041612 17.003581607803596 12.591584781945496
1.0 -0.8118034363351101 -0.05358946062929776 -0.529613151027855 7.344086978382724 33.38722179860273 -76.40716591216143
1.0 -0.019328003838295946 0.31100823490480317 0.576022559071238 -20.414732050919696 -66.48616118839969 -11.9274427996185
1.0 -0.27066616533121196 0.8734130998903958 0.2374713525947175 79.80909629263334 -43.84516167085695 19.65954093722418
1.0 0.13830528493548772 0.33465039090784077 -0.9164571066525843 -21.704423952667646 61.04679201527374 -22.372875938305747
1.0 0.09199885198889282 0.9136935483239704 0.03663864052864298 -26.589437980542844 -51.82952351251758 27.565744811142405
1.0 0.422336561630296 -0.41201056125399926 0.34394820882350363 12.893496965924268 -80.19477100731208 70.9074105634565
1.0 0.0369446378238164 -0.725272237388479 -0.013009596468441489 68.38459687614649 42.178649406998474 -38.74926995964974
1.0 0.40549256158209485 0.2074020349269478 -0.4436419938015052 -2.2762833203438233 4.582527958924866 25.57069756885835
1.0 -0.5246734618461768 0.3256627548646159 0.10581108268175024 37.40789432760489 -28.630518178468115 -26.791680774849645
1.0 0.3081787610291712 0.1252548825284972 -0.707774663487036 8.177981578240008 26.98112202188716 0.3017346231004068
1.0 -0.2009819445612771 0.8244985632537825 -0.5044267953870131 -25.175572378198343 -44.469789477914276 81.59838819972492
1.0 0.2732710855356182 -0.5160356154343475 0.22463591712276856 -18.318014183738306 -26.536953814413526 42.6313826331118
1.0 0.2718655517255786 -0.337846888041419 0.35057179021995005 12.822134197479684 -29.038880313426276 16.576838137611244
1.0 -0.3047085466300196 0.3818490773109415 -0.8050370346980102 -0.07878581330560953 -36.54182134987236 14.846177581462632
1.0 -0.1043150539241364 -0.1770314144521876 0.5738372820072525 10.66642008384358 8.990871212701407 -25.76965060626098
1.0 -0.08992690011622319 0.7801467352803946 -0.5172560698893173 8.089240613030528 39.21658117622593 -17.243075928843073
1.0 -0.6700145995144647 -0.013031805254730742 0.15542287868074517 3.311637888194014 1.6869922087310865 30.188213286457845
1.0 0.12287966158326968 -0.0293873653134652 -0.8195909099427818 9.030860280292167 -40.56793665830872 -4.779806165998622
1.0 0.3256252198140289 -0.8220007440831982 0.10642228647034768 -12.096831410199819 -38.32611786070366 45.575706883726234
1.0 -0.7833992169183359 -0.015635007761000953 0.4774711345252307 -1.3560033124280724 13.634885808083114 -17.349691989094413
1.0 0.8027279383177098 0.393976187541033 -0.17144583002290728 11.595310771503952 -4.615804277041725 -45.65686261808384
1.0 0.3363879475734538 0.7115407113595209 -0.12746888808547505 -9.648091329245434 -2.567221253903868 -22.27900815153085
1.0 -0.04769916369677851 -0.20912659968184175 0.6223884648334468 -54.403938330398226 79.39616514598113 -41.39117362599221
1.0 0.2388080920969654 -0.6675086099164786 -0.19478639711185414 -22.771864236809723 29.326907256551507 49.67591618255145
1.0 0.2592002086573013 0.16300623789712473 -0.34319690213550164 -52.912907393078875 7.592565462101456 12.988252388883373
1.0 -0.463543804454431 -0.22371512674105876 0.23843080311095813 64.33928875158826 34.369128822333764 14.786605419317775
1.0 -0.03783736617773341 -0.3596959669171002 0.18125740321789838 -40.82282366633526 -11.882507137499529 -19.25345962531466
1.0 -0.5770015634887904 0.7599116281001137 0.23260901663815395 -15.518955030086014 -49.61825955748097 -66.26673623738385
1.0 0.3535926899724512 -0.02940759165377511 -0.15398390579317278 14.319377129377655 31.965044897772525 26.987615591357397
1.0 -0.625892173585231 0.35549756773725466 0.13847129584762718 -42.30251693164189 0.11471804059504725 -4.100086313837231
1.0 0.6195338940846651 0.3305613651244529 -0.6007870511996364 -53.270247582041215 -12.550165779904546 -34.830516853648895
1.0 -0.7865233079612843 -0.5679129795658463 -0.1327438774312323 67.51987701224857 44.40941468676953 23.965859237204032
1.0 0.2636205395353333 -0.6156635161429597 0.6507227185430249 14.607462368055316 24.343642866761204 23.702911168936286
1.0 -0.11167417996275794 0.304751501164369 -0.21602209139172518 19.22800982547849 37.328530539575596 18.15905121732031
1.0 -0.6237211813159184 0.7309455706031953 -0.10150994629852797 66.0273873608288 3.157739738738742 0.8005172640418936
1.0 0.646712160330296 -0.5315591816740467 -0.2806388278591472 33.192483217519516 -13.179895295333196 -32.1345569102786
1.0 0.38233332264305814 0.7964033445717303 -0.3823185257443933 3.6419833477526744 -29.7931457064618 -32.51383937853451
1.0 0.3204035732134853 0.2585487069121952 -0.012277083782092765 33.302218854979564 51.3454875840292 35.90737333522574
1.0 0.09608060703937449 -0.6476656777838666 -0.10041297668339755 7.727263099559208 -36.70489170452964 -16.54006363061309
1.0 -0.4069384049112324 0.07400735033562061 -0.6376828148702328 -8.269526039819073 42.17234111572422 21.091624611790586
1.0 -0.13005006017348966 -0.6892445820261612 0.5150117930588265 17.498435643762473 -47.0345238820763 35.65551563765075
1.0 -0.2608898454931873 -0.36619128324803346 -0.35889922507815286 19.09664224431731 8.67307244326107 -11.466926225610115
1.0 -0.2577157663014676 0.5047864429616057 -0.7008993384018373 20.9404950079258 -38.41033137079853 -6.397654171315146
1.0 -0.29067260952918156 -0.6295236438490505 0.0950009567870355 13.472069807157753 7.485455053270221 -7.783819968286129
1.0 0.834506472313739 -0.03264137323599297 -0.24128001785203526 -55.526270949166225 -1.9393066028835386 -3.2629658482571586
1.0 -0.7873560917103842 0.029066850307250452 -0.55165864349023 -12.69502510696369 16.638933613674578 -81.77361776066574
1.0 0.03952570745463278 0.11162463832044987 -0.159468703536249 5.608494732493933 -17.768879261832577 29.51913306342922
1.0 -0.42768323317628015 -0.1655445255792173 0.5176721092242063 24.42876217870043 10.821081038202513 -46.854525023427804
1.0 0.4661461006840201 -0.006224641407622824 -0.46061028029861184 49.80494512058958 -26.320463004285457 35.6420606554335
1.0 -0.35286283301994076 -0.6712409800914312 0.026507232858916832 -21.676922699393884 23.955218358491475 -6.496777962260128
1.0 -0.21727140190545996 -0.3109518885975826 -0.7718924303753727 13.42182764222403 -30.583935652885913 -20.271231760173396
1.0 0.3379861526637733 -0.14456188278581966 0.16067941895301405 -11.302250286229475 32.99274408947267 -14.806022019135174
1.0 -0.2308172666481132 -0.5643953472539849 -0.4922550456674202 10.006352601943524 15.862007148877025 -5.033242433111517
1.0 -0.6594030199819837 0.09058631079175244 -0.5624075433245315 -32.17182737546316 -31.36331443036289 17.648219326241925
1.0 -0.22589303829285562 -0.4554305706443872 -0.457955458494062 -15.356870630734026 9.674116002766237 6.365912342425391
1.0 -0.2204457236636474 0.830616648458186 -0.37779310683886097 -21.323745071560097 -30.260793144280097 -38.919693992595604
1.0 0.5267914232066003 0.3117772876558957 0.7346845637937757 -9.60393203695166 -0.4593761218478436 33.67881610942225
1.0 0.1697769479810138 0.4058312172442745 -0.3194682195330095 -14.912139172717124 76.30581534932688 -21.92205584587247
1.0 0.497378042372761 0.17386191725501365 0.7372810969964189 43.79548370291424 1.8203553481615793 10.506765730226705
1.0 0.18385449408994228 0.5492378861257587 0.043528307027734345 -1.6863150859605212 40.66551322614677 -34.341098521549746
1.0 -0.01744415144211605 -0.005709622722410615 -0.44978718595402367 -3.466475954963732 49.224499544174925 83.15854235424969
1.0 -0.49315642196445053 0.48646424020304235 -0.6022221607897955 -21.93929666386084 27.495803357915385 9.704283140545744
1.0 -0.07635382700265607 -0.4516101712043549 -0.5998518896517239 -15.501209042305277 -5.92851936368849 36.66934336456006
1.0 -0.03205179534471997 0.645771316520976 0.20477353130313578 10.818616992872164 -59.91934872633759 -57.578100805815765
1.0 -0.13827513380875314 -0.01996428482744602 0.8646752957507526 -58.41739607984082 9.212644499654214 -64.9329680534903
1.0 0.25156964983880487 -0.3223807962439123 -0.5926361841412368 16.22125235091179 23.106170608179443 -25.232534513620752
1.0 -0.0017643944812963089 -0.2423923507781331 -0.10265542834498119 -51.695877648712234 11.350878341961447 41.899071732572644
1.0 0.42777370382157903 0.45302437384151273 0.3724757386391557 -4.040084735495734 -26.42325613458058 23.952797376200362
1.0 0.8407007917261742 -0.06989610321995533 -0.3375337949284438 7.271649715604447 -5.790950999043168 2.3364399337021275
1.0 0.8910786011062293 0.25541274302760947 -0.15504368254759196 20.76725213381448 8.380467074548944 26.325348417555173
1.0 -0.32338202446977066 -0.5417307603472974 0.1266658379187387 6.715750362667963 36.83895350795773 66.19668388232277
1.0 0.24837013441773523 -0.26875716478143863 0.55439271688978 53.59894470582217 -19.16727465025311 8.883254436856948
1.0 -0.3041522520929724 0.08719253225303393 -0.7725341483349121 -12.41629781074107 30.599984101025996 -19.8356004923707
1.0 0.6923064239273702 -0.3750899614579886 0.5734338461019036 -40.8456323227923 -37.77668611257764 63.66068668371655
1.0 -0.4735052766237318 0.03203789518310882 0.43885418325330255 6.14630795656634 68.21940611885555 -16.536326155635926
1.0 -0.33533435861478317 -0.0638935154304281 -0.4681401033282327 -2.460320304699697 42.601962529988604 12.117232186841235
1.0 -0.1547093364118787 0.2511214685366158 -0.04104024299836458 61.86564028543756 -8.038929325879737 -0.5591742324524503
1.0 -0.060807723791359056 -0.6194953362698788 -0.2317802722121981 25.013862845104008 -8.831280895834038 23.79277035610663
1.0 0.6263804365524701 0.44516975315852575 -0.24388468500447244 47.60836350268818 -46.84634532822522 0.8504107137023816
1.0 -0.02173131862682943 -0.6612416022728386 0.4772380287248731 -18.069208419198457 -16.756702064431384 51.314602550004416
1.0 0.37553863552783073 0.2383025399413006 0.6172573585069323 10.538500679694888 10.821698683276606 -10.733751594666604
1.0 -0.7223879835476041 -0.17976298737772334 0.24640714672022254 57.622395551724146 56.449088142797905 -11.506864622773799
1.0 0.3973183621506911 -0.6503208298227502 -0.5536610710198674 39.67412329258944 -4.886244985835955 31.41381152066205
1.0 -0.3973203432405274 0.40975654599632655 0.4942873322762432 -0.8158949997777252 17.19334650243348 10.342286285220405
1.0 0.3138371497990524 -0.7073021432786877 -0.24409818994379695 11.739298203309358 22.79160280925213 29.44020344173334
1.0 0.04993887162948347 -0.3239267582805264 -0.06724607807276614 8.365828043656661 -51.098229073174736 2.88149079765984
1.0 0.7408533916109401 -0.025145804440098264 -0.0439744792807607 0.06147430917198739 16.33059881144108 26.335007661584022
1.0 0.33377393378196263 0.616899416224497 -0.6326880337088225 15.211840056520016 20.90416398486359 42.207824308200465
1.0 0.31735200516463835 -0.5073196768693341 -0.18228883973119908 -26.621097412849025 -12.47027845490557 3.379257419844652
1.0 0.7403650441260323 -0.07741110200708727 0.6391989578971055 -13.228744500880406 55.66265213102475 -17.33414329411221
1.0 0.05498772108083923 -0.5948790257076277 -0.12409637564820333 13.785014496074497 -6.129787243677775 -70.63563436907349
1.0 -0.18501516908818388 0.2535691575483424 -0.1903393776660088 14.3324769659125 -17.221837301064216 69.60343499080568
1.0 -0.2525877642800475 -0.7276089034744099 0.3051325062853083 13.334399156663663 26.76264902926043 2.1337944591140072
1.0 0.38778754578104774 -0.31902419411151656 -0.16302338572123756 -11.940958921649644 -12.550895662198908 19.83041652785621
1.0 0.1790424045906606 0.18809744951152904 -0.36330054924112415 -27.943345822694226 -23.831432469560387 20.136678871571128
1.0 0.11098956682671715 -0.16569162029691598 0.8439786909593322 0.10254011784763786 -86.9210916954409 34.33471290646174
1.0 0.38826571673234106 0.08288564209768645 0.8298631579951428 23.67068398594103 21.990835278520645 12.886700727919628
1.0 -0.28278503658613313 0.3238134052496868 -0.5567937148927689 -51.89648205023733 2.1276141592003874 24.866001894241336
1.0 -0.5382622003492962 0.1859176991170204 -0.7224202308050701 -40.57515849316859 1.964768422813628 -17.466791017519277
1.0 0.07312691103138912 0.19380905224415745 -0.239356656395224 17.683097834619822 8.573227144235904 -30.871849144465788
1.0 0.7971344369384243 -0.21971034507615209 0.5327547349711773 -38.605980778429064 -16.528099115775362 14.970734003613684
1.0 0.17729506582139773 0.27285848952797004 -0.39703632960807383 -10.215466742321597 6.221907126078542 -19.024144427883506
1.0 -0.5433258736155314 -0.37529142369885754 -0.3344535203437876 1.5899916762191593 -69.51045371692155 26.28809667284881
1.0 -0.21476716374639845 -0.6793585169132462 0.6164511916187525 8.113423794103783 1.7572797017877602 45.012691050418944
1.0 -0.5175148523497519 0.3702573746759446 0.24434184061109573 -41.514543982448636 11.09851374117895 -36.820360194364824
1.0 -0.7073497558717099 -0.2215962754657064 -0.3115778316770454 2.629839922180048 -4.4717525907150675 -60.43069744820622
1.0 0.24219819066481738 -0.0908067312206831 -0.6905067119817259 9.717278166745603 24.280534235842527 -32.40414927994175
1.0 -0.7402431652776057 0.4431129410072873 -0.2748248608729467 39.96622927512355 7.6483145858587145 -34.71442385801392
1.0 0.1949081807919411 -0.8031405844890264 -0.019997286190656115 -27.634362832090126 -5.799787267480584 28.157683442912482
1.0 -0.36504029995523457 0.40372050291386863 0.25762210621752824 -31.126017918891865 18.31536736537399 -14.232346253557427
1.0 0.1458855487600091 0.48786539269977014 -0.42099857358539816 -47.478726348641004 32.68771706106504 22.848979311316572
1.0 -0.12019303802579988 -0.2692654482161535 0.6170105207977188 -16.04368554798903 21.875140153409188 32.708653216442116
1.0 0.021091797611173337 -0.6191061542022859 0.559560212704157 -17.772245540083244 -6.798932237159546 8.554342627000544
1.0 0.2315975433619135 -0.45108936180448606 0.4975234813203332 29.517906840709287 -51.18314125867842 -27.645221442136172
1.0 0.35215004934610633 -0.4576270132082382 0.20072087377236758 13.25930250174362 13.062263879188926 4.580636600129164
1.0 -0.05298853602405008 0.4623056688934059 0.13695502484663222 -20.309545313084886 -37.99228901335324 -3.1212968675838497
1.0 0.2149612778631263 0.131819985005101 0.42607317642541 -32.2250643144171 -4.191766432756956 -22.425267333565966
1.0 -0.7151160573330582 -0.6669363356633478 -0.07925174399165057 -33.146388963040806 -34.38489391554812 4.382422654473036
1.0 0.4662047405500484 0.8038499629723614 0.29976613847191896 22.41448940030169 -4.509908604172674 33.1125057704649
1.0 -0.27005589166077165 -0.6541721460719614 -0.6821017746947746 47.06612529226391 -20.185145319716217 50.548639653512865
1.0 -0.43963058308350317 0.18004934075402917 -0.6706841163967951 -6.090068965497176 2.3663869995647695 -40.82461201611802
1.0 0.1084799056305703 0.4918448599198252 -0.37512212061116046 -29.815078103905293 -24.511466137512013 -8.831774870888704
1.0 -0.20787682585710984 0.299891091027423 0.19246574461449584 26.271240505221893 -15.746012852957442 12.104718791393527
1.0 0.8605781441057628 -0.09867725154077563 0.28150939716613477 -29.832034832249043 15.820368298590724 54.454303977959114
1.0 0.6693455714516958 -0.5494187300266208 0.3486387447487962 25.044990282702855 -3.9186931874186244 4.322542521237268
1.0 0.4135412582898132 0.552148773105322 -0.5413045209950825 5.7363623721261465 7.361638090543665 2.6414129297127187
1.0 0.37914766069082273 0.25546664901680466 0.8364721280847468 31.175266370746648 -2.3871716182346527 4.394852742336294
1.0 0.274068544227776 0.6596447352913911 -0.16181562769468538 -57.36812357090142 26.351540353521724 21.219815382020688
1.0 0.8362112946205175 0.47224576150979036 0.18019835477328094 -47.3767664421376 32.71095742758 -32.46585712461959
1.0 0.3522499735212536 -0.14886038623484907 -0.44366474581974896 -15.030854355105072 29.750180207565023 -18.182330850679296
1.0 -0.20127994951293482 0.5625612287970653 -0.22609600644427266 -41.50456916974379 -67.29543606753613 -41.58420183371537
1.0 -0.4116640853070075 -0.489892812120962 -0.3752004002650536 -15.76945471562034 -23.194040736074278 16.61025537326189
1.0 0.6802320074028511 0.09451616258774591 0.4985534463014259 7.403692215877051 -10.638160320055423 12.818771019159751
1.0 -0.19215035817721804 -0.5238664470916089 0.02991439420239229 17.686270543460342 26.693697971736054 10.816886140714011
1.0 -0.5810700490309076 -0.48777800250059056 -0.15058522646926062 -5.789859859807964 -27.453526470578407 -46.329448315743356
1.0 0.1766104542986482 -0.30650081115413685 0.18413843266222427 -2.9231224735690655 -45.16209448213198 -10.268453888041423
1.0 -0.5289423601501335 -0.32130587720751247 -0.6854587762903852 36.84563275559568 -22.667054355133228 -8.545187850335417
1.0 0.015826809513792516 0.2322525344678264 -0.086328986255092 -36.36233107794626 -4.134744903301739 17.78782690299002
1.0 -0.23136683829703916 -0.26063582680318576 0.5490195002512757 2.6579027582107755 12.727263896691124 18.603864997239786
1.0 -0.3071944280864454 0.035114865694399686 -0.017939627455075186 -34.984022609333564 45.906876766566036 21.220844406990118
1.0 -0.0708630562700375 -0.3480511668161178 0.35583459337799866 6.394748489571575 -11.634411766251679 -14.248063563186427
1.0 0.47409313040376366 0.2162906471789121 0.33867200960689753 -0.1379249246756103 -68.22585986100925 18.08114583559414
1.0 0.817746962500188 0.29665656799141205 -0.4202806476948319 -42.01446780146655 13.879162962145509 -19.378818276508596
1.0 0.12911781650189788 0.17460362931119117 -0.5977541153641106 36.688104062137285 -22.937017612440076 -22.593901469648003
1.0 0.76874402093057 0.337688098641265 0.09058123550304352 -14.475511430727634 27.072334742039754 54.201022089576284
1.0 -0.4229609552185681 -0.28473869506122507 0.14586248220197207 84.39924362698429 -35.56223722810803 -19.832518216111687
1.0 0.29070709883877216 0.10514657906079636 0.8100778280759791 -27.994409706168213 47.91824409345931 -4.271282736217601
1.0 0.27187243880196643 -0.32298332717449835 0.4456312628992278 -10.855919645969564 -3.8763965729347594 3.9816435542393913
1.0 -0.07929425419998447 0.0027510236768890396 -0.5869287939341022 -25.087807922341533 -11.756352950102455 10.183081039206574
1.0 0.25205497339169475 -0.5161789511028868 -0.11542371022941035 1.199709644416493 44.87078871316744 -9.621869425925416
1.0 0.10983349617964136 0.07131870551586512 0.04301644154937737 8.460180809098665 14.528988614847188 -25.83871943958863
1.0 0.7306057489309289 -0.20311389245199218 0.03027096844362902 16.888911309228792 5.195392259783785 38.970414745665956
1.0 0.5716617880167502 -0.3950931717066319 -0.5372433033281458 -7.5065515328487855 28.849431850583805 -6.447606032130933
1.0 0.32434927192312063 0.6670226492932129 -0.6206228618181363 39.00800011794782 -14.72746641121284 9.504616856705361
1.0 0.7202599995831993 -0.002502634100430634 -0.0762824389919441 -23.704235855124686 25.943271317765017 10.634871723032278
1.0 0.6298954747995448 0.18906231243734214 0.286022151320192 8.240746373731403 -45.77935622762812 31.77260751889182
1.0 0.3811824237565301 0.37132467752635845 0.5141893483876372 -24.233348600144843 -44.513981606654895 -8.908533461566835
1.0 -0.2543829376697043 -0.3306977335837714 0.21764654815235443 1.2569373608597936 -62.384068624062714 30.38174220119483
1.0 -0.3760488629182371 -0.17498382171778418 -0.18338551117870916 3.713634530406765 -45.37251763273778 -23.272557790692467
1.0 0.6045733320863855 0.05469621921871584 0.17805160215968277 5.650045503183053 49.26229005577788 -34.89427683794058
1.0 -0.8612109700873001 -0.24314391700872898 0.3270483623223651 1.2974743694194304 -55.10759037607362 -9.59874257051395
1.0 -0.0033205853789345496 0.43715310204321184 0.18358298571002643 22.582864377920398 6.082941395679563 -16.13553487530858
1.0 0.14616185338450494 -0.49308592388823436 -0.18968043067227977 -37.76355036336087 -20.814758460652627 17.284344745081917
1.0 -0.4723068713670536 0.5075336355376864 -0.24518472563715532 18.62748982370346 -3.784089127342332 30.203953659320398
1.0 0.2883929517573142 -0.27655483962363786 0.703956301748833 20.783405217040396 35.68411561427623 14.454768038028442
1.0 -0.6139489249819935 0.0036030974806924724 0.6930271096609354 -13.686577912499951 -39.55174139000626 -43.32978910305997
1.0 0.8018138908544277 0.17421024405730767 0.5661883759575013 36.05714387192912 26.361615064859187 -60.315698960762035
1.0 0.14855872269981504 -0.1933562106579429 -0.007623631487951554 60.09414312768485 15.939384920083917 -20.17419194413155
1.0 0.8719187695399266 0.2709288275605657 0.1617412200091602 -8.057185779881415 19.172125255192903 22.09365600011819
1.0 -0.4568795302139557 0.47185967935090245 0.6231286494909642 -65.43569638362305 14.771859062073863 8.139653862286838
1.0 -0.7502250549840382 -0.0005420312656424929 0.6011543344570062 -0.26768738010473164 -1.5118281464028438 41.248769662241465
1.0 0.5511212958104958 0.6229538499318557 0.10883972908917039 -16.55234390717047 42.21978228247266 43.155132999003136
1.0 0.03819510716029136 0.6772469438853255 0.40343494082917836 -8.391756182550424 -4.507638860479159 50.91804292194933
1.0 0.18416784244490064 0.4345780271215411 -0.576281150753834 -69.9837109240579 18.53995990804594 1.5795301713638032
1.0 -0.8766586406083506 0.4259997090561647 0.12521895215264936 45.480536090359564 42.16270637812302 -65.59930919236064
1.0 0.4331737145736651 -0.3730058048731968 -0.6364884351842671 -28.045250869495174 4.855529336479435 -40.55998863868756
1.0 -0.13215702207720323 0.597985318081453 0.06347050012649388 33.039378750343104 -23.610566599500302 -36.664086418587
1.0 -0.44963205278259416 0.5952030696133651 0.5315597852736722 7.309791635513123 -5.979687408823177 21.57274487882197
1.0 0.0938007741025729 -0.5649505876163056 0.4159271907870295 0.2796245374434967 66.64549159171709 28.809521338877683
1.0 0.179718134075541 0.7815937497559381 -0.5127289778779079 7.601590739385536 -36.107766426434914 48.40378001828092
1.0 -0.2124432231473876 0.21236300159541435 -0.7094733517567114 12.224251856009193 32.14218175025562 -11.219972991620477
1.0 -0.10626981283600322 -0.7931240577035908 0.22239162346065527 -23.466733944951674 -27.98873087453286 -5.069891067719458
1.0 -0.12572435978162874 -0.4770180411898774 0.474194089631543 11.417282133042924 1.2726406879026897 -10.858809390393429
1.0 0.09165176975652146 0.49144165285830793 -0.4940348597871635 -1.969973099309345 -19.592791344084482 49.80013377322682
1.0 0.29519038815817816 0.34993100629392937 -0.6558444317385487 -26.74189885938702 -5.133532298131924 -4.94799586371806
1.0 0.335328794196857 -0.298372214411196 -0.3245932096488912 5.720352278965147 -16.33718137851968 -13.691835389788729
1.0 -0.857851471665979 -0.04684261093399835 -0.23060821593786052 7.970091574178528 3.071751441243926 -42.63144895849489
1.0 0.19620002378674636 0.8390557074265955 0.038203507139203584 35.73121666156845 -9.144667465736601 -64.43304696889284
1.0 0.14332928689129007 -0.24472233845700025 0.4454879235569027 41.9518440422502 9.36038572958856 -50.73384801432045
1.0 0.9298589047425166 -0.11120969915466526 0.022398988820819563 7.693179227070872 -13.05975799691368 -21.55680555023428
1.0 -0.70153380781183 0.35436420099856963 -0.28442192443583947 -26.589872272800022 -9.546227061935568 -2.962284056295393
1.0 0.001022713845419663 -0.3210932444387433 -0.643593833719429 33.741302960777986 -4.1638864635280095 1.6535381427018805
1.0 0.2724447543831066 0.491803942476778 -0.10293978417824502 -4.138574581730659 -38.66969517274237 -53.78439866218984
1.0 -0.6083450466255479 0.3361386400081339 -0.23650908574343962 -33.87781747762523 31.315823832431807 -31.47655876512274
1.0 -0.38628759136539326 -0.6319912584394752 -0.29600127136743065 -23.399403920176574 -27.05168421359964 -15.019167634762574
1.0 0.25059834037387485 -0.038722210387335886 -0.5244820413646543 -26.527110489139286 -16.484257624207462 -30.182551757155014
1.0 0.21741426665306185 0.6593964829325913 0.5329325832137195 32.39864318153269 7.46058413660778 -16.043903667440066
1.0 0.19655546073290195 -0.39155081460418373 -0.532577465291978 42.41726857969632 72.34597455986204 -61.603819240388304
1.0 -0.18737194723602799 0.19710595018981888 -0.8990229627183286 13.840391605826118 -9.447987658211467 23.00834640924726
1.0 -0.9578157386963817 0.1049571978199643 -0.20568127396651206 -90.69589959530107 22.7564731109375 -22.02493717313967
1.0 0.016007306257854965 0.24340253126639141 -0.8040945136498775 31.92327209782268 24.601708357079016 -48.54226324469864
1.0 0.5347104011496884 0.7984277030270736 0.2342595084501736 -13.230555907831539 56.073951537449474 12.152062441397032
1.0 0.6160078939270663 -0.5841992777712958 0.10726705642414419 19.440324832043807 -27.8975432970451 -38.358436359598684
1.0 -0.1344297510696961 0.01629309107763996 -0.8966680553288869 10.861523265983982 49.25775542485524 -89.88629562686543
1.0 0.45840414382047384 -0.11257532287219998 0.7827147426304877 -30.99661988028658 5.3922181109320935 -0.5171674603792757
1.0 0.5169098134870257 -0.30844313232916737 0.33722574902888364 -14.786827282728913 -22.30175284154855 40.07868633597448
1.0 -0.29769706679435937 -0.4704972832252424 -0.4201250104549371 -20.474790448964903 18.25269887869794 57.90585891939119
1.0 0.5726461249481413 -0.3293695418108584 0.025924499019078867 -45.2698468370855 -19.166723536473953 56.310569965589096
1.0 -0.024706340362344658 0.3608043166657732 -0.5572708676504271 -7.428788958906229 13.264859060304747 -16.90877047930187
1.0 0.334208063750961 -0.13206685269900711 -0.43257887152203817 -30.234871832281797 13.815664049452357 29.351445749961503
1.0 0.7786805486370619 0.07336649991399452 -0.4305526552479623 -4.671340503686566 22.77537171630614 -6.0824593201578905
1.0 -0.5923708570067062 0.8020571887493242 0.0659092814733042 -71.48725986460363 -41.50424582659645 29.41627980748808
1.0 -0.17775644522945416 0.20787299212478758 0.5602372993967015 27.567870847657296 -26.555357633207933 -37.27000094633088
1.0 0.049922234184830196 0.5005724657314801 0.7214513314331783 28.123597151521622 6.438836693329195 59.427872323353014
1.0 0.31924094456681484 -0.7789722498490087 -0.4567161884306629 -22.103326664152238 18.68878312774482 -23.645380260880007
1.0 0.4947173001722681 0.19710461054928133 -0.5715327640075001 -18.620960563521106 -29.102031410528387 9.92656860362481
1.0 0.36992169039073913 -0.8052137423484278 -0.13890821817693588 20.521232696575538 19.14595566433222 7.1765604270377485
1.0 -0.4943349862445224 0.21025433027839863 -0.14590253830693864 19.234648585606838 -69.55766641497537 -31.069461798315245
1.0 0.18271125173150873 -0.09144992666375153 -0.236381166656486 31.204419451085776 -35.23882552157681 88.21457992908765
1.0 -0.003614656144953287 -0.4010487531255263 0.1946459630743495 -42.655531096746195 5.595108972492419 3.8614682942234038
1.0 0.7125572074904761 -0.10074743210162193 -0.504685825325284 -25.02943137970296 -54.79170742133886 -1.0912128947077733
1.0 0.15556877724471962 -0.00875202037494383 0.4118438223021599 -3.196512887753183 -11.249307108424603 24.393717792180055
1.0 -0.31070220958024314 -0.43787206903862913 0.4885053175378878 13.875738311997548 -7.334575832240398 1.7768626050692622
1.0 -0.5473592849124018 0.02994077762392534 -0.2185602386072258 5.529221792950464 42.181076619002965 -37.68336905322502
1.0 -0.3259237826357245 0.18471860915284688 -0.28385192141758414 -16.612710418361686 53.640031036108994 20.596676258464274
1.0 0.09309444931535163 -0.06414578162692905 -0.4852431837115748 -68.23669973544047 -40.56536466350717 -11.368406157540113
1.0 -0.2373861616068269 -0.4745956133000763 -0.13508991879398635 -6.276306873412798 -9.969651546216214 -4.634876851850409
1.0 -0.672716269711117 0.32496119107280425 0.5956351242792814 -83.45295430463813 11.206593731103895 -18.482263278475738
1.0 -0.45498467014114774 0.5792779580377198 -0.4507141744850707 -12.45743021208498 -24.383509547146012 33.1842079846134
1.0 0.3471855405383231 -0.5896295529030923 -0.058430316731244436 83.60530429487854 -8.071671983712749 -32.737095645208804
1.0 0.2376709297919624 -0.1268229892507672 -0.9478621860571338 -17.42492452807019 47.7392720427716 3.0615243976561652
1.0 -0.5130877575045834 0.23456108872588055 0.13023058493074507 17.112572238376135 19.253966737123207 55.918042674611456
1.0 -0.31030374005248024 -0.016923164540348493 0.42432867398519447 68.68146844600965 47.918067655683664 -19.480824659887283
1.0 0.4484451697877228 -0.2883153680648347 0.713043840088829 6.567148340053993 40.26397996916206 34.42891158622433
1.0 -0.14484998514166852 -0.30586597240730967 0.3289287127283 -62.780970944756234 -36.947618925987044 23.302378551131014
1.0 0.12639288649156638 0.09914665664190192 -0.7566503433556498 -62.468323477598865 6.509447858840758 26.277228519697665
1.0 0.08370581869070118 -0.5278582933221951 0.3312295483513538 73.79685373901683 -9.229727509216357 -6.906125448413024
1.0 0.2669661813978393 -0.43916196860762474 -0.1379522597652421 34.52703989038914 16.73670659258745 25.34402918805588
1.0 -0.2408550262668179 0.6367586266091325 0.359814264979597 -5.644931585821748 3.9123350168658235 23.075368108986485
1.0 -0.16499896230362152 0.07232533422396605 0.8995652298618412 25.631957471540744 -44.145166202234 -58.34922915010278
1.0 -0.2937739875463075 -0.31907600667205027 0.6862482573361598 19.799875111710705 -10.56127062530095 5.187389742765106
1.0 -0.510003444942098 0.3573404917246413 -0.37139075910271 3.937042970364359 -6.058191242837631 -1.1218424569690992
1.0 0.2894844612522508 -0.4185535347630968 0.5634876457948017 -48.772911473203486 22.14090160979952 -39.05473178663997
1.0 0.4625462064387682 -0.24613494898931962 0.8489787454482692 -44.50038410588011 -3.4068362355602493 -65.48925383498509
1.0 0.7283158391316553 0.5813209333485103 0.05727303438681703 11.223309672510211 -37.03224393894764 2.294396300715171
1.0 -0.3395979752831967 0.2747429675498538 -0.42025798882667964 9.271361666646293 21.226926802236434 21.21450959932695
1.0 0.08578515886541166 -0.19543838701954178 -0.40797298985089325 -14.334524957246646 33.36246652401785 -18.511050255136237
1.0 -0.5995007407278609 0.23578945962597084 -0.6411196030066484 -21.796305280159093 0.14346985030381287 -40.277139411412094
1.0 0.1711643519205918 -0.5330457651300781 0.5087987686320659 24.77701700918878 11.016561821200971 29.461227034180887
1.0 -0.28872415250338396 -0.31953537889819295 -0.03000769750032006 -39.855157801196874 -13.131583014663333 -38.761382117412225
1.0 -0.7665387645423604 0.574558229997112 0.04449121185606614 11.538416393977066 -52.65764096121673 -53.322459652179205
1.0 -0.6653587189413427 0.1846223512746484 0.26778417457236936 -20.48198920190082 20.91932992745933 -9.077473770028837
1.0 0.6226568139958615 -0.3933442332103903 -0.00945506261499591 21.840649881637464 -4.533537010358323 7.071088994661449
1.0 -0.6308356126503504 -0.2744502314947347 -0.24028389131844313 33.98410781644217 -35.06793974031436 62.87555927629536
1.0 0.580929225064 -0.42397366010691867 0.1713039826007395 44.477670722303685 34.395509816875766 -31.169269605997325
1.0 -0.26409317360896395 0.23618514262353849 0.16835847997754258 -7.323194834425505 103.26657319447447 12.348068252836509
1.0 0.03456640574294533 -0.05394232864845487 -0.12701721602907276 -48.32500082280706 6.5063449828678594 -1.694936072028057
1.0 -0.27122550940422174 0.29789227129355805 0.28826293103058975 -21.23437526984766 -13.0847951016681 -15.560756588493016
1.0 -0.8606849098341858 0.03153965000070039 -0.34162550375925704 -46.32424308154407 -36.4178182872411 13.195647125868621
1.0 -0.20631975795259536 -0.790495074058625 0.42232045044099376 48.602667974536224 -40.55060996973792 -27.26416321678438
1.0 0.2597446869700992 -0.2199553717681913 0.4690004537987201 -38.594388889114256 18.017901975079912 -18.5438733650319
1.0 -0.2995912512342854 0.1542798712528427 -0.5533019218591335 32.309502261495815 7.813446565573528 40.63240968781309
1.0 -0.7165432421146266 -0.368233751016746 0.34932653156883936 -42.40288260391426 -6.615133115275143 28.692534591343346
1.0 -0.4851445505957804 0.8183352305507571 0.301683412625123 14.9855722259156 6.383796255617933 13.037710184954715
1.0 0.26263347889871064 -0.7543665701371105 0.40434215903934356 -39.642127963658915 -8.43402864602678 4.735282131478008
1.0 0.565573694315502 0.5110089662253583 -0.07989042684200381 34.571853830439906 -31.316917568229304 -4.171550524146322
1.0 -0.23103048326427195 -0.19514489307750316 -0.2568843586890433 -36.689179666485344 31.25637979993661 -43.816216855247916
1.0 0.8334281729942788 -0.09398090487763096 0.23122552846932962 -8.542739061501655 50.87411048357344 -19.353248792070296
1.0 0.12414132548589621 -0.512756498522909 0.28489389187112724 19.49362686928218 -31.178590444405195 -16.959106431997665
1.0 0.05339231048698167 -0.5387783266722945 -0.27999275265610607 14.123548480623295 -28.04882447003912 -4.7026145867476155
1.0 0.8047292317327925 -0.4625294018143753 -0.2705130572267808 20.805517990020782 -22.449826367986287 -36.26552052601936
1.0 -0.2558513363291797 0.6707545762566701 0.4423335480614955 -43.85571940373002 -8.947671401915432 5.814723458607383
1.0 0.3308057775959353 -0.03499649835926916 -0.3966797472051197 -29.617211537306268 38.0294384561715 -45.8533523609772
1.0 -0.039012113025544734 -0.07234913936624109 0.6757929897225504 -31.00972506695602 29.793984318085183 4.505460803698953
1.0 -0.6376754157626898 0.6612855310523635 -0.047768673526490224 -2.530792853653097 9.04894576337244 -17.53296944197495
1.0 -0.04091212273143623 -0.5233286579119268 -0.6006659294528222 1.7106242182077414 19.8665784187066 -10.817606899007108
1.0 0.16965705005187756 -0.5757248646978141 0.7753313434650765 39.796395688373124 -36.01744444886447 19.214245155425388
1.0 -0.6215601747576196 -0.6369952601366974 0.1580291403776768 11.44756771475768 -31.839672817696368 -63.730548210383105
1.0 0.7819612410591203 -0.21419267532893674 -0.48544766832727737 -32.48361815013915 44.087029822277835 -5.308002891325653
1.0 -0.01643367500997795 0.6049809307327836 0.46237110693481176 14.139904615571307 14.965054580327003 42.84799660096637
1.0 0.22368790074787065 0.4825660771129249 0.25655102167462684 9.09237270413981 51.323894517963524 -11.711419507046166
1.0 0.44154014563965754 -0.8206508998567599 -0.20404581970830474 -2.562548157549562 36.9965186312869 8.338321687774599
1.0 0.3709664886161556 0.2089777827841697 -0.3135630323187178 53.60326120767174 36.06221037144682 1.7046085572630563
1.0 -0.328199475697647 0.18171307171851847 0.18504490950208657 -42.26264640792476 20.998710385392496 -23.918540459396272
1.0 -0.6522934169900653 -0.045601804650224106 0.6173292699374461 13.279300897015228 -44.64235402423027 12.057760226959605
1.0 -0.018629063295305247 -0.9330498464979493 -0.3117570229437735 -7.992620179863337 49.812187934698926 20.932209746620376
1.0 0.02219615756472782 0.3362340283984916 0.2904861538975132 -6.110468427655816 10.864996890384043 35.195120960925394
1.0 -0.4228324549160872 0.4372330863448125 -0.6833272023121794 -63.586831739312 -5.177884231847846 -23.326969027281084
1.0 -0.4703228086920716 -0.4640343231025554 -0.5162796907472892 -9.446023322490161 -9.498269574963151 -6.623519263062267
1.0 -0.697499994334316 -0.49870150267260277 0.28901237530223456 -3.196360710968125 23.0844439826786 -3.342664998822936
1.0 0.6329827528121383 -0.4962183400238711 0.3184062162370252 -31.202723337119576 -8.76112462162423 -16.917843456703217
1.0 0.17518961841603184 0.8899996396824181 -0.3683872809944325 8.178036413629455 -14.863489268117393 -21.777153044010124
1.0 0.0740264032224437 -0.08021632038346128 -0.2866629729153175 -18.80591788149831 53.5869307464452 -18.312098012912696
1.0 -0.06415175677217916 -0.4057429736824914 -0.5545623079668442 -68.50777415873398 9.04274780812596 -36.616089345050526
1.0 0.3889587280541014 0.8162479649411625 0.1438430503268424 12.133956413573882 61.787427258891334 6.1019352714223665
1.0 0.30842070143571854 0.7394712922320668 0.4427322996772525 22.752549284590177 62.31980234207887 4.275516618670134
1.0 0.2269532002050769 0.5819691624802457 0.29438811763504485 43.19559778690823 -28.873408679235297 -61.35998558430435
1.0 0.1487620294466605 -0.4447595712598165 0.07450748294334562 17.25347793846481 -1.6562510682476412 13.59595869433998
1.0 -0.6323356209425076 0.729343145220926 0.06691512601217679 30.757259052263837 47.30407528334719 -55.56585374453849
1.0 -0.027861604785034997 -0.43105515488903723 0.8027980537285377 16.032855121648947 51.68154494712446 -11.612077603469833
1.0 -0.0809788445257771 0.10409918041042274 -0.5178474428663485 31.11534975040486 -23.294759824728853 -19.443330199899407
1.0 0.3043771320473487 0.7812379035573167 0.04595893071530583 -43.84908452425649 -1.2123379450198355 -26.710633005527217
1.0 -0.5072794791766486 -0.5110624049577009 -0.3819189370599394 9.59506172386693 7.75343812236989 -34.44686559989336
1.0 0.5823738952177983 0.19783056924874057 -0.6390308109682562 38.24532887605846 -24.374162682324123 -42.16094631290066
1.0 -0.2088650526369014 -0.18623821303084198 0.5265499957777832 -18.001146382912236 -44.554526078069536 34.252817300482135
1.0 -0.41548755832516987 0.06236219789301548 -0.020726964198423174 49.44073657367801 -33.40853749792627 -30.00243254786638
1.0 0.5137413900960494 0.8453805486162106 -0.03301823762971459 28.244471714692555 -16.192897532767578 -28.061368914776807
1.0 0.48876175266883853 -0.19871607987005352 -0.5088054724678307 -29.174896191556666 43.48015972061851 -24.216051455550158
1.0 -0.2740712355055373 0.4540080047208058 -0.598220452305172 -24.28657101817768 35.87329556052379 -45.01284408190796
1.0 -0.12676404745222122 0.43161036059350877 0.8845431906402388 34.99263984885418 14.428462888279917 -25.65294173207255
1.0 0.601855775327276 -0.29695907021307805 0.19899744059625757 34.26275426006208 -9.785232561456635 -10.67422949622156
1.0 0.07205882034036866 0.7443500107322275 -0.640899329423341 -23.093423245403713 41.94785386792732 7.165750999682806
1.0 -0.33891219666144806 0.2876120688576265 0.019991021012749202 14.212814690334573 -34.837510827639285 -19.915602078652242
1.0 -0.8663184136123943 0.23648086242965594 0.20991446781685427 -2.1329888771471754 -5.073210019235282 -6.881031336008724
1.0 -0.5190070354759334 -0.623809063191251 0.08102455201050383 -46.732441559488265 -47.19277206831942 38.872914568999285
1.0 -0.3956729790950797 -0.5455148141023529 0.18231991385696517 46.29493897413222 -45.65654545314511 5.831517899612738
1.0 0.2477777053688859 0.2552901666475876 0.8674613317511356 -24.850210267584984 -32.03903001924702 -7.213799526210827
1.0 0.17861778429017375 -0.0424853421144784 0.25876793878623977 32.60168697114522 0.5023033143572513 19.200563227638575
1.0 -0.23584886225224747 -0.08502550789828918 0.8007073423392883 37.87062763400219 0.2653100975343017 -11.463435939512376
1.0 -0.2826652293295089 -0.025476117345262984 -0.6692287615655899 13.617411561376818 -5.791750132463938 7.040312314555438
1.0 -0.3199880832003318 0.6094658879847674 -0.32831102351899055 -21.06126152301484 39.528767487794624 14.337365107500247
1.0 0.46954808143314003 -0.7093495717760956 0.31834386655758234 41.98623189459949 -26.69843602966667 -10.404210437808203
1.0 0.18801514403074684 0.2908165376470775 0.6735436892680732 -16.26988250158529 41.58991469058566 -26.052571295939547
1.0 -0.4210602279863499 -0.6592756867430547 -0.3413213225783006 51.422139248619764 30.941453084523154 -22.699782885411654
1.0 0.33545154502490765 -0.5970436401623185 0.026204317610402154 -48.58233453567659 -13.568721504950041 -13.722632889793246
1.0 0.8281528518354698 0.1796804903148534 0.2835096399136917 14.397183658778562 -43.73354600389939 -2.869460537481674
1.0 0.3259929710247779 0.5418143884716399 0.5542354907631852 60.48266997788551 -34.06570859234197 -27.988034887132628
1.0 0.2157450973626655 -0.30016755556620917 0.137732503040539 9.587219030467121 -2.225255505422025 -39.50821830627359
1.0 -0.31066273465007493 -0.8921502483130735 0.28357943542981645 33.20918423521745 40.261863130790175 -55.30708844768287
1.0 0.6205455557770905 -0.188724616085833 -0.6601060924988252 38.21234957068611 -6.091764258118918 59.78288169438037
1.0 0.16650504339161776 -0.01630302006820617 0.95764078133364 39.06976431904378 -11.423725747198823 11.113287752501941
1.0 -0.5931574134661658 0.33076048031598987 -0.33395376069136234 -19.38884891764222 -15.166745525413189 -32.05088012213249
1.0 0.08378572566350015 0.4658467755907539 -0.2301000741241914 -53.90163262652877 1.556812724024653 -49.61416006473327
1.0 0.008043871614110864 -0.32236266554505294 0.8652541062713903 -26.15050734642521 -15.447588885780881 33.79014075505131
1.0 0.6700588233430356 0.19341433145138232 -0.024149008029434624 -10.74830735797441 -29.024455648607223 -97.24736960117805
1.0 0.09488331611486828 -0.0034814258401476158 0.777586824349523 -35.842482097175015 16.904876767496823 -40.264362415343484
1.0 -0.5854159455594209 0.33123085450767875 0.3284011858065475 18.416469930740924 -27.853554696825405 -19.3968025208469
1.0 -0.27113303624289775 0.6861167519331282 0.10963351708149148 42.125029383405256 -37.096459701580734 15.566369396217274
1.0 -0.5656663746439208 -0.5843941213303376 0.3014399400377277 -0.6181449091381767 42.74249933364527 -14.67587307037846
1.0 0.08270197829879453 -0.3084929495966564 -0.3764653386559773 -3.575518960538244 -2.3166349478972763 -7.946277811165362
1.0 0.586136288272616 -0.531377123596622 0.45898342596277875 0.042009039926631395 13.486815579311433 -25.496239494985527
1.0 -0.002447966718807217 -0.32195864889604436 0.7821107389006942 -44.71458783286351 47.382992876239165 19.910173636435303
1.0 0.6165052035089238 -0.284236530774342 0.27905474733538366 -30.858151314068664 -4.415382795832605 -7.116935637300076
1.0 0.07406603571545682 -0.16381386568702824 0.8965307171744953 41.934683442461136 -12.912673009282859 73.79896002615516
1.0 -0.2998239316320905 -0.7519230043304774 -0.47378835210280434 -26.8557183404007 -11.509792613761922 -5.957938566888219
1.0 0.6716204599883333 -0.012433660637769385 -0.5551245167698912 111.31759167665807 -6.810031863056816 -33.32914774806148
1.0 0.5123189135761547 -0.2907693209117657 0.025438249806759548 42.87945664609378 -33.702884045497484 -3.0485919348549912
1.0 -0.04621910965514788 0.8145551127689384 0.08752476511839866 -8.313982701475101 40.41509967566437 -37.63074319610011
1.0 -0.07701027335353086 -0.004932704765501291 -0.787339246179327 -6.8233383344838 11.572904714022137 -26.47858358943328
1.0 0.462961538406152 0.0813747013995239 0.7462131688124891 22.11161812186825 45.29515605487391 -65.05113830520324
1.0 -0.2239943790022956 -0.1468027177113619 0.3034392486975025 -19.137831791007738 55.46840245231731 25.437296255499547
1.0 -0.22807800909535927 -0.026834111045744242 -0.18998334333171787 15.025096032578144 -12.00314617190657 6.311447991388274
1.0 0.003976216464042572 -0.166387839964346 -0.1720474635845941 -43.13286505855314 25.338558795426785 8.07522901866311
1.0 0.723054829198214 -0.17809741744318522 0.5189883291345745 -23.378667764717974 16.22064809541505 -38.81536998971532
1.0 -0.4690307258464423 -0.02424538978268585 -0.7088723929980538 54.01928143925576 15.625808249475472 -1.9637524757517175
1.0 0.3145202243050181 0.6221322166848545 -0.46825392374058966 68.89686606910333 -27.386313949911518 30.36414804309035
1.0 0.06265409794316204 -0.3467672041842765 0.00031746921096434383 -18.29388433660783 20.54969799138073 14.600820367645461
1.0 -0.47507306391376547 -0.22826997526676063 -0.247535537166089 62.463639184083405 67.13578027064888 14.186461175027446
1.0 -0.551041390498111 -0.5653865914642586 -0.5087456142395015 -17.916281269092053 -30.606259021718525 34.17027930313525
1.0 -0.845288165566051 0.07962910816808674 0.03986033270020473 1.8090134619678524 25.116009743005595 -5.184453203026105
1.0 -0.39093524600573687 0.2783783726671774 -0.46717760555744453 17.533379217240565 14.857668002449076 -24.37184905636779
1.0 0.7689277986680148 -0.1948922883054501 -0.30687193144274594 22.785894598756858 -3.1101320509771 5.362182009189328
1.0 0.27749069235833845 -0.22679399809545575 -0.21223056127212356 -4.267010817654418 -11.002958770124676 6.7483443393780425
1.0 0.6245041503450981 -0.6318905960103955 0.016997066101922812 -7.314779457346276 -4.235926442481587 35.544266623030786
1.0 0.04852920264016853 0.7268504098361807 -0.5156500509739461 32.11998846131181 -37.57276323709012 32.226368746953455
1.0 0.3902594519788436 0.4878598792367861 -0.3981086177495295 35.74742185795929 81.07522396558397 5.028704776853756
1.0 0.4882268503797525 0.44280884099521733 0.22285718277355257 -19.85562034901937 36.51314922410665 5.487572570560537
1.0 -0.286865183068504 0.49292426492109076 -0.38604792703352475 -11.324078078315315 50.94455492980906 30.10654005313282
1.0 0.3231279064525861 -0.4675031545870962 -0.11931571535082089 25.51621013505549 -17.933786988298355 -19.78542737990594
1.0 -0.1664072066644077 -0.10879763566056219 0.9591616031407139 38.48183299960208 44.71313578505542 2.408546353040001
1.0 0.018829967347030643 0.21853025428250403 0.5072529208829519 18.620722551165894 13.049225311967428 -16.80149595826478
1.0 0.4942876948625066 0.17851139778828412 0.6310867351889644 -21.08095865358578 -9.721967440939101 -19.17428625693959
1.0 0.40075645316027586 0.0273962411170755 0.33866869957687973 -14.436451537795124 71.95815138746632 -42.056641336440194
1.0 -0.17430632967352655 -0.7589482777049377 -0.0433588413429598 17.97389890191982 -18.567354052310193 -41.55219906796751
1.0 -0.8543354336882962 -0.0674873780384512 -0.2374122941342484 44.03976018359209 3.4187448963574547 37.11271054989771
1.0 0.14561886919111866 -0.5149450131270169 0.7705967006349365 -38.41278051223361 43.31990120094887 -14.573982652787103
1.0 -0.518768606398879 -0.266765896673262 -0.29375477930953564 -36.50825697344856 -50.40026961512125 -62.01993112544793
1.0 -0.2149548368120194 0.2567281002073418 -0.5253084734420936 53.92472384907745 -1.7535261498979384 -30.703141881046868
1.0 -0.21834177854762693 -0.2869816631340132 -0.9203509610299865 41.44910974398201 38.37419261729802 20.613894068748664
1.0 -0.05725490855839814 0.37092775878816414 0.36444428935469814 5.898590823657977 -34.12242865643264 -33.58814207297674
1.0 -0.11301782322971705 0.6533774252540594 0.22315418958060837 43.452063821360326 31.679917771395044 -21.786796248861567
1.0 0.6365381100351019 -0.15528223569852662 0.5113093172199706 -3.1008439731636415 -45.94783643824996 -3.6855130807925383
1.0 -0.47392236223645756 -0.6966703445288717 -0.243826250657808 0.12725633042043827 -8.77406581295438 44.34736511622301
1.0 0.38260755200841107 0.49459057927859584 -0.6799757148795476 -11.643968802952646 46.31160746017567 -72.9088653878673
1.0 -0.1556311410270091 0.49889810085665054 -0.32728682914891993 8.307327903323888 6.6415230086088455 50.53393250948411
1.0 0.5171468881160572 0.22240377424741062 -0.4797870625751343 19.818305766424412 -62.87176823619358 35.74636514338171
1.0 -0.4776434610962754 0.5549685425098846 -0.5370930533093549 1.7723305649668137 0.4465311266506357 -16.654262930662085
1.0 0.03345544466404561 0.39738831132624275 0.6881609442600706 -51.12580234626191 -3.8250283794192734 52.264344380769685
1.0 -0.3182647465540991 0.2037476697655392 -0.285730818554211 12.151718311352141 15.127198101689915 -15.641815308408704
1.0 0.517563056969352 0.35059935722256624 -0.19460462948065083 -7.661960591236975 3.273914657799433 9.489848892369215
1.0 -0.7731443669126641 0.6307835741460678 -0.04295419308229598 -31.945583447300802 35.48239132067878 8.275108715573017
1.0 -0.18476003856179377 0.1729988263050533 -0.010842502024562556 -10.064661776786652 20.451611342047617 -40.41882350493813
1.0 -0.32068516319951823 0.14061674666000018 0.6935525585384634 -24.945463846862957 -22.003044153652468 21.88502246487092
1.0 -0.007667992745890111 -0.16338002650251 -0.5436001641905046 7.095528895315602 47.23411498348859 8.16965844976119
1.0 -0.7150692511345648 -0.4586272573298025 0.2565368124448618 -35.904660244516094 18.687374234452513 -43.02534459262617
1.0 -0.11877187809106954 -0.34124778865542543 0.31095695449208677 53.32940652362321 -10.742012040129095 8.725673206139948
1.0 -0.04325628573735282 0.01590829051644166 -0.39610706017079705 12.106704563967924 -6.305730115341334 -4.096311591076608
1.0 0.40880711664571995 -0.47088498308714044 0.5831617461604409 -7.990239077799491 -14.521194943573832 -5.057481188815284
1.0 0.46908505136230433 0.04578211574467063 0.22105204300775383 -28.80285752748677 -12.004375468461141 4.635352553453029
1.0 0.4070443852732155 -0.8430184684338755 0.329340313350608 -35.74115205708505 -5.045098590755435 21.539555933298157
1.0 -0.4661344884043976 0.05595185241884714 0.7130011659572415 25.437788001788423 35.140327686583404 -6.156702809487483
1.0 0.5775508676058944 -0.4888178341300577 0.6025628252327365 -0.429436056233209 -1.3925342967572951 13.797114838472758
1.0 -0.15488912333699867 -0.4643674546546284 -0.6180944934206938 41.42313436098157 0.8401112814641449 -3.217031538209603
1.0 0.13207706339979866 0.6654909994843455 -0.18484746916096711 35.46640247764414 14.577917123988069 -23.08157388921783
1.0 0.32734818940954535 0.4783549293002753 -0.06557793996451428 -15.210782998244186 -23.982219362675522 -4.794402815459224
1.0 0.07447043808029723 0.46464157382887716 -0.7905073884328675 -14.323875617190735 32.799776661801545 -39.642584826751296
1.0 -0.29747890669508387 0.44420917324392256 -0.8003118581584586 19.39282372746121 39.0007847757542 -9.846133720178406
1.0 0.450223557178624 -0.33344535993343005 0.46184155292665746 14.182308615093719 37.1136532960571 5.10265702488774
1.0 0.4771065002160449 -0.4713709691861759 0.6530120251420892 0.5705115244091704 -13.997799582141399 15.342518428620401
1.0 0.45938054398526074 -0.5050868141530213 -0.15308864002780456 54.115565198148595 -11.010277989325992 -43.74864616125254
1.0 -0.39012588122765063 0.45144142908240503 0.49996748615288233 -16.611410844408343 -15.24123762257633 -17.415492132197823
1.0 -0.50093339883539 -0.2976361570407936 -0.05648623296710685 2.8712397421373668 -21.93713547781337 7.787979295064718
1.0 0.18877377424380412 -0.25780820711556385 -0.9446650554422111 17.97201323388275 -43.13416921226709 -36.05872332060883
1.0 0.7744757192772925 -0.10664037100055133 -0.407675490735424 4.5698743147645855 -12.485242621705192 -61.494131743893675
1.0 -0.3015215219358516 0.7485280975753053 0.41913794593057146 -14.092378959235425 0.5301180391957881 57.4403737941325
1.0 -0.6646201322243572 0.5173749280946457 -0.2814215365225739 46.38883438766946 -15.863315111248985 18.342698391745678
1.0 0.3761033315209083 -0.6134172407879096 -0.43643698649924884 55.52265770960646 9.941142401847218 -6.143516330731832
1.0 -0.28410057572621283 -0.08753645343000174 -0.5114827729362971 0.7655378065503269 22.513610571517784 -12.474314529253943
1.0 0.45116274560256087 0.7788692653164738 0.06822095069497035 111.06889453324929 -6.060126730473572 -11.529602777206046
1.0 -0.23661216571480914 0.4976645161915563 0.17355522152268787 -39.980597506928994 -16.466698325182342 -35.06751471779684
1.0 -0.26054565069342667 0.900026086725585 -0.13576196947124153 20.35612084362555 -0.6852542928331421 -2.538438473185259
1.0 -0.16914336777898176 -0.07236085790705235 -0.9677568999292765 -26.553296319859097 -40.28108371730457 5.128575391670606
1.0 -0.17688156028191523 0.40131627859799157 0.4908771452935376 13.437409097171372 -10.062755843143563 30.52778314640998
1.0 -0.3399991735217792 0.6320240464966156 -0.2935079437239536 6.081327572267889 -0.9918584438296401 18.331162263105497
1.0 0.01995065984107937 -0.6697659772082337 -0.4159305817211173 9.319335325738079 13.12528675675506 24.400947606589575
1.0 -0.2121010063006839 -0.1888657284734656 0.01613495951944226 16.175031309130677 -19.103199995492044 35.97789536739712
1.0 0.7509387593967073 0.4722938463763188 0.4342801972866124 -31.163622550206338 -39.75089178088113 15.138403803890826
1.0 0.04847603286306805 -0.6309744133537898 -0.642471389493388 -19.041266116544694 5.08044117846583 1.0409785574722028
1.0 -0.6885750366257869 -0.4276358989452749 0.3518146513567168 32.33600946940452 69.87881011875805 -8.822927992778821
1.0 0.01381087234002794 0.412928230449126 0.21551841424287638 14.579713968915096 -35.66683276515884 -15.320345383086007
1.0 -0.2689428965939535 0.24262463950725868 0.5992523992329357 -71.82735454489143 -25.368358262633006 12.678689098944144
1.0 -0.28155957235693035 -0.5842218262232979 0.36115543385127885 -19.700398037713324 -11.26882946437808 12.064884577265957
1.0 0.6334856339398515 0.4955593305366789 -0.40321505872553987 24.98304442943346 -16.051090587426874 63.244868766630944
1.0 -0.19527564419135848 0.011019968616764847 -0.12744373558606575 -27.724273240363463 -25.68237318531858 12.52945372172569
1.0 0.19177869948815415 0.45865245545008143 0.14415883428823176 -0.1659097088763771 -25.023143308316957 -9.659117216731776
1.0 -0.44149800726989996 0.34186004763548095 0.4421614867756217 25.362844228615625 -49.48989381708118 23.915796630848366
1.0 -0.15197290381992803 0.4237446736536185 0.8040973531355998 -31.79602723795579 2.2670629461052343 -50.117562542451296
1.0 -0.46401765756342056 0.5302606349313065 0.5111045302711731 34.946303700570034 -56.05926958908236 19.325753862433743
1.0 -0.24913299078137136 -0.8241521815068524 -0.05019686458573766 45.84755384580021 -37.85183187372093 -35.0712542581483
1.0 -0.2731502580856367 0.4452199681420493 -0.3111428132955052 82.64141873062376 0.1302369415563492 21.34554385117168
1.0 0.6385539220567595 -0.06478387619401062 -0.18788369525249765 4.603489096248188 -12.040232379305703 78.47254687511652
1.0 -0.3183849479973061 -0.5693992654483419 0.10647193612597024 -35.98116637346408 -69.4464074716582 -23.242349266888837
1.0 -0.29598088389201477 -0.5015364603200382 -0.6173261689914682 7.349120693520249 -35.70009238381783 19.332354543468494
1.0 0.5784747631506232 -0.21066524696404995 -0.32490267174982046 -27.730952433801647 20.25054207650276 -39.63767340693656
1.0 0.6764199427639778 -0.2978112470263742 -0.6509077743020224 -27.320216478391185 64.67468815797295 11.826356878486441
1.0 0.45320569811560685 -0.8275792724419172 0.07033508387521561 24.688636941735815 13.31031039143309 -9.891597617292556
1.0 0.6219251318379508 0.6282982888261256 0.30427626449150597 -24.283815380385775 -30.371043179059388 21.518329726052524
1.0 0.18630706340570488 0.3644076802156935 0.7254577598377403 43.7743253090972 5.132430325613497 43.16621684735707
1.0 0.2808348920382309 -0.5443068919871081 0.5862223174814352 13.17664890679567 42.32130387631134 -16.928865731599572
1.0 0.3854885168262981 0.7234488504983985 -0.5700529350757085 75.46050708721701 26.017098990463943 -26.40434321560022
1.0 0.4153175468293127 0.5600713734620699 -0.060410996067037315 24.55410734328255 30.086367628744668 29.861769731990965
1.0 0.4888452568340056 0.4355673772592691 0.023149636128307265 0.06735625717817832 -41.42329168837331 -20.873632462258488
1.0 -0.24710606940021207 0.7513747532167746 0.15546328102261503 -29.374043094876583 2.9585786820054403 29.409596374392237
1.0 -0.6695973101074376 -0.2700063812646998 -0.5019654734742799 -16.720162380412102 1.4676893068495718 64.71241481142289
1.0 0.30529533803205694 0.38983506271079615 0.26319771763415095 33.36867608469217 4.2102475749215715 45.99428294055424
1.0 -0.8936105743666594 0.3899747974723558 -0.20364880181927175 -28.0129946562061 62.20055255825378 -25.471892328111046
1.0 0.0929039553672938 0.5981853499474113 0.32075480739268647 -37.07030382761209 45.312971444869696 0.050073478138023673
1.0 0.02690044548796473 0.6731351446013696 -0.04614885890819636 8.95022194757396 -60.04524223375616 22.11139990481726
1.0 -0.30238881289951264 -0.10619427783056169 -0.8168867734646655 50.66308026229132 -51.20162762593953 3.7297279919733484
1.0 -0.04133937406453946 0.052298560239668786 0.5771919582004835 20.789306827971778 15.999966058448768 -4.0482349951873555
1.0 0.15190086720302373 0.28726022608868523 0.6436466172692537 -30.721604138217444 13.040978613958098 8.063869679048196
1.0 -0.2482759294357384 0.36869790028446453 -0.04963688780728129 -66.26510901785544 24.950510489314023 -59.56035316934578
1.0 -0.12155740724947911 -0.04927933003244308 -0.45551381279493675 17.228426690940605 4.789683185033128 -44.45273382233676
1.0 0.33940948374237095 0.2963011090413065 -0.8262406511988304 -2.416103055039952 23.360147236067775 -38.73993631331374
1.0 0.04396908476249085 0.4217885591713709 0.7891351692520386 -20.215537424042445 -5.636255791195142 -2.612744942663939
1.0 0.11313274433615007 0.7548939931941749 -0.14321744856478513 37.61374791026354 -6.408268973700802 -22.54193356427168
1.0 -0.014848729180800704 -0.466504085164536 -0.3164557533414547 -7.0328810320041475 -80.68776346927571 43.799085702912436
1.0 -0.09553932101188588 0.6771998228505007 0.6969550149079586 15.266229984620189 37.50171257382676 37.29725641082381
1.0 -0.20000207694227407 0.833664733737266 -0.44436107467437197 4.48080627093954 66.39741522822159 -0.24729327601410192
1.0 -0.09977692093534292 0.443021979350638 -0.3426235277584634 -65.2820552619864 -54.0120423178479 46.15046549812357
1.0 -0.2022241303287565 0.5663092135096991 0.09682712957982395 -12.088986021930028 3.927749224648609 34.6562553619974
1.0 0.49540014843487956 0.49389621120653243 -0.4844295901008624 13.290573923683382 -26.87864360786933 6.215624110434481
1.0 -0.04557355750294805 0.5799132469161444 0.6922260515435139 0.9730875791175982 28.959956956998685 4.080477507361026
1.0 -0.12338880751733101 -0.1761382363658803 0.5730711166819381 27.40281765373672 -17.578968304053905 26.65931888757426
1.0 0.07096823538369601 0.11126084181890791 0.1969490995711511 23.313546206649477 -9.023750769629014 35.54088117513175
1.0 0.7907948119808694 0.1939219104863583 -0.5502032022429431 -10.251342753096155 3.827221456661104 57.34813765315823
1.0 0.6404417631338265 0.2031422532721755 -0.55859331938988 -3.363480803282222 21.955205695504155 -15.346048260177131
1.0 0.044366304354651234 -0.5687554013751465 -0.7803182828548753 -18.7922793570034 -14.28465927445129 -0.7430666096446419
1.0 -0.42841925463716796 0.35784855352894646 -0.415259812533061 9.549450571658522 6.62893215731026 51.02430831228187
1.0 -0.6652558659884364 0.1626891035323983 0.3641149185572004 -18.423196623745962 -2.6120303334907105 -1.2582755423166958
1.0 0.6139318968584182 0.0157060612567534 0.23301255397580853 -27.331599747044887 -26.293462998322923 3.4999658489692775
1.0 0.48009846940736745 -0.18718772085073287 -0.6585220727234529 -30.410093269272522 39.785271019876745 4.436368705306602
1.0 -0.8702672919228803 -0.227787499282582 -0.14340521408606033 -52.79968141526849 -17.393735777032035 -0.2455204245855334
1.0 0.35744349286699045 0.0370814354163074 -0.312532293492716 -18.00228088868396 -1.9441780667845203 19.559644791762942
1.0 -0.7728809153243081 -0.39821043173614407 -0.3416672801497412 8.332761444195604 72.45234914943114 13.81857532059576
1.0 -0.5375214404824191 -0.5089744438518249 -0.3189794778694163 -12.710335998733983 42.44901228393437 37.779942256066185
1.0 0.07697606081396674 -0.36636051094376254 -0.3997673924412127 -14.008414400909329 21.08088659731869 -21.641819327209237
1.0 -0.6482245810284195 -0.5286125997181144 -0.4364530682472404 27.750355208477743 44.167127933091585 -3.5855015610108487
1.0 -0.6803925783264905 0.45653937919452875 -0.25769794676221514 41.942373924598414 29.224384370359562 -29.057109407030097
1.0 -0.19755360533425617 -0.3801997949741039 -0.7355193737313985 33.55865106638578 -16.77739953829663 -54.60308229184932
1.0 0.0030733322575346844 -0.3895133270437446 -0.0641252466349616 5.276431845897444 60.74762998564141 -4.535384332520338
1.0 0.5752371671481035 -0.5985942910935784 -0.19651256337313003 36.609162508911005 19.93791502165277 -60.59476227002863
1.0 -0.07000756030113085 0.45733226271333094 0.08031327998606798 -33.72386187847994 31.831457747543244 -34.35250701927311
1.0 -0.17763165833771546 -0.04237973274959762 0.8122240654563544 5.781403076319105 -15.527941308390977 -7.534873084144933
1.0 0.14334291814282754 0.5695961490099689 -0.12932480938397747 53.2288389614103 6.035659453798731 20.492810590339996
1.0 0.9851682872768349 -0.07479113979602774 0.017211280743277133 -31.021272881102227 23.811548230608206 -12.352334658771316
1.0 -0.8318590099161243 -0.2879301312350547 0.182956646381497 -4.491454245300229 -18.697956013424772 -62.96237843166938
1.0 0.8259227561140295 -0.25209447697650217 0.06260125855756819 16.790443983386783 -32.19195774283294 35.32878222317943
1.0 -0.6985960876049534 -0.13573046219802212 0.28698408894468286 30.77260677137491 11.286893763312523 23.724625506001267
1.0 0.663033498816144 -0.24817289847275645 0.041948714465102434 11.06771686595771 56.93120246801248 30.31731331878887
1.0 -0.17814750443569405 0.08745465575419492 0.7951698807018167 12.336798972105898 17.530276724369656 -52.36373201689998
1.0 -0.5143800826573188 0.7284605710481163 0.39806396615901884 -35.14552744641413 0.7299292968130247 30.834358723520353
1.0 -0.4343751042237233 0.84210103873597 0.012610696334963785 -4.393872641549799 36.38456352826405 -5.569522682123599
1.0 0.14378876395833323 0.6238191295317894 -0.4132526540178231 -14.391779647870415 24.39723089021652 -1.0237754188432444
1.0 0.5085968964494528 -0.45190215520440297 -0.0017996283059082288 -6.670545638570861 -3.8738131488560805 -0.2578526390097574
1.0 0.3473010680386885 -0.6428366582914057 -0.40420043420969165 26.498775294931757 -89.08069104954195 42.85282133337522
1.0 -0.7032154611300587 0.1103354050335243 -0.6757677708823746 -29.942304545964355 -21.08905400488495 -50.93905704805486
1.0 0.19783770949329116 -0.1542181612179531 0.44223792070130336 -27.01256400568448 -25.550932045480362 25.156516055354633
1.0 -0.3324932939507713 0.7245048615147759 -0.47078305154946876 -37.71245569633135 -17.540546388838184 -32.335765576496605
1.0 0.07687640747829265 0.1355519041843386 -0.9387099199458463 -18.906656087114367 63.08495622063257 62.84101806180131
1.0 0.634543073566952 -0.25203763750437463 0.22889677201419137 -31.925082786361756 53.56276548958442 -7.146183031787897
1.0 0.35104350675465607 0.07494081988927769 0.37522056234173223 0.10374906488555638 52.267358196564714 -41.45691168242547
1.0 0.5156764996820121 0.4691144939562884 -0.0003844225372835016 -26.652641256978804 4.650518539174741 -17.719800754495857
1.0 -0.030423739048126487 -0.33365173672685194 -0.8876763059377142 -46.317019312781 -27.099796422228977 45.91844329031502
1.0 0.050436718756063606 0.38261615875680094 0.7398007610173373 18.137775384317134 -12.531476843179998 -1.20311564217843
1.0 -0.39775997808461816 0.1509346583647068 0.2512267647024527 -23.52207222688814 27.7896795674467 7.6917246744786425
1.0 0.4615543774794303 0.18363964605841354 -0.04634453567232197 -19.314211413242717 -10.43978559105087 -21.80583337184487
1.0 0.15148619089093882 -0.6613539513081576 0.4976656545490207 62.10022289404877 -25.492924042764077 -23.185508253341574
1.0 -0.7672409047828552 -0.052760661126351964 -0.09279296537972045 46.37960696130617 42.33055626501737 15.961392339504782
1.0 0.4773854881792273 0.04160277500133459 0.296966112480778 19.56433836726393 23.807117628006925 -81.36351900602614
1.0 0.458450262228545 0.475242975862695 -0.16784275965016338 61.718208203785586 11.948885446452707 -27.049535406024887
1.0 0.01329032180994909 0.1376730188578651 -0.8489033034476294 -28.673763114066766 42.1382426453824 16.989557160573273
1.0 -0.04174901532768683 0.8258893711625023 0.01550169148525703 -36.43262920536268 14.97485267515649 -60.889630987109456
1.0 -0.698590915067989 -0.6502875579879049 -0.2698703775213016 -10.349221059106794 4.726395450311636 2.5274553275559186
1.0 0.7811655706241886 -0.37724829392973336 -0.3100845928636744 -10.106224674227894 -25.48161524704554 -16.5840177553495
1.0 0.17953649445297093 -0.363477080031337 0.8403519316572529 -26.682597958867053 -2.9998119990505456 -10.30033644854095
1.0 0.20677093807245123 -0.24014834400937804 -0.9372719258441293 1.5742985771995717 -46.65978120662136 -9.661060317855489
1.0 0.6579270293122205 0.12809266314940884 -0.46732495263224405 -42.26088430902749 -3.8507332957859948 -8.788292915885766
1.0 -0.5264321060876491 0.18002440611272266 -0.35123294652559606 22.411022459826356 33.042095397040455 -71.12782296516608
1.0 -0.2896108883555031 -0.32164847716880934 -0.5925129521964404 30.01164528989282 21.55863566490064 -32.66766613004266
1.0 -0.0006719638022829981 0.44397585667523937 -0.6194836385739619 1.0700455067502646 14.247591581776538 0.19326630813815954
1.0 0.877671935018426 -0.09519954829199456 0.08609029705283405 -39.462009928764104 64.53226671408035 17.311102883114405
1.0 0.4508302383842798 0.39776761308764147 0.11956997403658849 23.47034259243127 26.38898304423103 -37.10957013238516
1.0 -0.002151256969763355 -0.2351107773846995 0.6639584842796753 -1.5618992424211253 18.339223797077796 -33.55927695738044
1.0 -0.4246219900287218 -0.20386436718314593 0.4899421555603981 18.329461285884623 12.27137739126992 -16.98843216351492
1.0 0.6527833736254111 -0.14956810224696995 0.148247025186174 -20.33870014660531 -37.88086968094652 -54.5246670303338
1.0 -0.5607810784466936 -0.33589397811602306 -0.15062022986580798 -49.82495664460752 40.436887517508374 52.612280998119395
1.0 -0.8211590054155177 -0.08459081495662842 -0.22852792096872934 -56.6755600227069 -8.859632584990813 25.274004774680073
1.0 -0.4063717340395508 -0.02760056840321005 0.48407518179198017 -28.391230400038335 28.514078812540035 36.253643779466785
1.0 -0.1785897589478656 0.18521065254255498 -0.4115013710574741 27.516904174703388 26.621359808672718 4.375149987747286
1.0 0.5019493746178398 -0.3486614765216937 -0.30706598319991657 10.838198467049239 15.744682056632971 18.465426564417864
1.0 0.49716211110671904 0.561639846287925 0.1786440045636957 -55.63386572684844 22.948855152866297 -5.193843791348527
1.0 0.28619834399647937 0.7188666561430032 0.45526919945760297 37.06821886260066 -4.0225746545820575 -37.24120598528989
1.0 0.5240755950705657 -0.32765467138497045 0.4676751396463638 22.3110573168221 -29.843107126628624 -16.18941982750481
1.0 0.7185636951704828 -0.026623519840765174 0.6004865566175583 -42.03695633342011 -38.58031496292429 1.2840933516828648
1.0 -0.17151237619954407 -0.4239954563859996 -0.6399087482464177 37.98327404947678 30.05994534478556 1.314530037328454
1.0 0.23952540151308427 0.48779443557574237 -0.7611200738701351 -18.18571899102188 -4.749877279764379 33.580337949873034
1.0 0.4423736120937761 0.21484975516522953 -0.05878336875587558 22.6699232562225 -5.123193994813894 49.175381904408695
1.0 0.5709261203564147 -0.711046490230922 -0.29350816986971695 -19.986300051122225 57.08184138102382 -17.08968850769234
1.0 0.2116505090709311 0.815182159008297 0.1309921896715576 19.438529485261906 -39.8591455166985 -10.79421224602497
1.0 -0.42089671768057135 -0.7157170471528039 -0.15282823954246588 4.857973763956777 41.40382580011567 15.44391524855463
1.0 0.1191454799533711 -0.0942546485740374 -0.7302391864503734 7.510698276646039 78.89263618268018 26.26001212809967
1.0 0.10133887707824887 -0.5893774996626421 -0.11402952839027657 12.914681643350875 -41.22879024519034 23.80134026551802
1.0 0.01565510157896649 0.800423120826526 0.1658442765145087 -0.13032602064027887 -14.336659122917894 -44.97819493762354
1.0 -0.5456193372086617 -0.1159650862096538 -0.1485993479511497 -40.96226673739252 1.2019581447843009 -3.190040012553039
1.0 -0.4044861730590756 -0.1950351007689104 -0.6974716741209638 -5.221706044625908 17.743028278565326 62.33539104057488
1.0 -0.4630846998319794 -0.06574295177915535 0.01762920425452136 30.312102384069245 -14.975761757581902 13.493185443414749
1.0 -0.13543183011167204 -0.6972296289899169 0.5824177389577581 34.051958988868144 4.129457153997129 -39.745605311755014
1.0 -0.7377399609485609 0.3038294110361066 0.02461388297585564 -8.05853316817336 25.47296637555435 -9.342156411788668
1.0 0.27625911988865376 -0.2549501700763952 -0.08208491878381084 37.8613216903719 46.17840217578952 -3.2495369183624225
1.0 -0.10176959189264652 0.9510171636459989 0.11905644605060338 -46.67369800423748 58.64674437410579 28.570630856473763
1.0 0.05000431284423116 0.5975425337134299 0.14786060392060757 -59.39895975224529 26.378535007617337 56.676769143377456
1.0 -0.11072882599666373 -0.4683166991441348 -0.5599046677711768 2.0317321164812903 49.327568250806905 8.275570782683163
1.0 0.13501576777026061 -0.39831624732283666 -0.2216495085989353 -12.848325799253146 80.34013727916364 41.78308379563883
1.0 -0.13225430698213161 -0.6035170350308058 0.3739248597390275 -16.42775410683715 -33.220867891780735 25.384955423757024
1.0 -0.5230654620828642 0.16954167900418105 -0.6240218170260242 33.13803811257676 -8.040046925491515 -18.73187856834907
1.0 0.42539575464884577 -0.44687913191807926 -0.1482810157167831 -59.93266051434302 -49.14047160393588 -35.89491806160172
1.0 -0.46213748823507506 -0.29504273129898656 -0.45852026900575255 38.3277626760772 -30.66775510604338 -29.436440929831935
1.0 0.15769626504808634 -0.4364780774143881 -0.5752250622579734 23.309914841296447 -21.58712053391805 18.808145929875206
1.0 -0.6340325658095826 0.07196863063133176 -0.3474415263161591 50.13617727955019 1.4496516962972308 12.594380640956464
1.0 -0.8613263653097373 -0.030566692796365313 0.14647632984441292 -9.399155128527433 7.841113673906506 64.53106468554995
1.0 0.1264587876527886 0.5173455927588252 0.33099536185736533 -10.22168577710363 -1.6334231594528419 -16.95938877477165
1.0 0.8544565039366258 -0.3946147222238161 -0.22109331631908946 12.496544370364907 -56.344538495970795 -21.916985083471758
1.0 -0.48637056721592287 0.07574838128572108 -0.44573941500984626 -4.485402228972656 9.369879034352978 2.775815839200712
1.0 0.2606951704478444 -0.0671012143979861 -0.3333144025337721 63.30197174452159 -5.305863707221079 -14.66578115295217
1.0 -0.5724236224130229 -0.12292720638190895 0.5446920465957948 16.780421780496788 62.485870275649255 32.675425780778426
1.0 0.0753698548314372 -0.6253507864577266 -0.30725637604133466 -39.939720480800915 -9.68891480940718 -56.58931013485099
1.0 -0.12797596069786843 0.7594563303122998 0.19299082951338473 -8.558671911036223 18.958745023990783 -15.311597707842207
1.0 -0.5603239604336371 -0.568428434439485 -0.42633080634444115 11.365411582704752 -18.088482918323464 6.979296143854889
1.0 -0.7739357145738842 -0.3780182641747215 0.4047562401230558 -2.246642844519787 48.658577948048574 -9.548080596048878
1.0 0.2929314987394159 -0.03808824750801306 0.7969681650138074 -16.376684797522984 12.462273697405001 -10.67071037724246
1.0 0.06568202539548072 -0.45187330205985016 -0.13460181592778372 -15.76473900201243 -69.03397602221075 -37.89102165888811
1.0 -0.16977874387105055 0.27784241448468644 -0.4202748349619285 22.38393829566428 25.524825607548884 -6.646787261353606
1.0 -0.04291415870466337 -0.6121399636116116 0.6925577120783493 -5.998852790231739 -3.0776795375590345 -42.2519616798674
1.0 -0.8052068822531947 -0.3695148746445293 0.2611742232796566 -31.115070468649257 -24.658097902068672 -23.23012290288769
1.0 0.24697391081962186 -0.17133922980249022 -0.5309318364687124 6.831532180633081 -35.6808127545363 17.81834941186362
1.0 0.5065963028390045 0.32017373363686147 -0.1533590450636224 -23.093386376988555 24.227743475862002 -14.380495714104914
1.0 -0.6150889631044514 -0.23034664593826468 0.00907982765332626 -39.16191483810303 -19.937678867730707 45.09676357442895
1.0 0.16848892186794373 0.01723177082721071 0.0740479128755185 -32.432754161347994 30.598371192153685 24.14207551026384
1.0 -0.29425127201036977 0.7391398419668639 0.18020483369895543 -16.731250448831275 28.058507645170042 -44.020290084167385
1.0 -0.3414821201164012 -0.4559106529546061 -0.7610621862267504 58.815252368412935 24.422667116918216 14.355322977113444
1.0 -0.21414232283004336 0.5218579819376209 0.5392197454886575 -46.113580174717534 26.871648245353423 6.693143818921134
1.0 0.1950823733912034 0.08401192754481318 -0.6350463596896704 19.465100618817477 -17.33491798823589 4.242053608923238
1.0 0.3355264430202276 0.22753094095184764 0.807046321748661 35.47151219687624 12.88590695645134 -13.2619784999501
1.0 0.5859469742750599 0.23767030233498893 0.7116304901864423 -23.078878267568687 -6.505022728507759 13.847837511634493
1.0 -0.4029231168565162 0.17721157896835674 -0.19556958730356883 38.364047188270284 -2.088814738968399 -14.234353166049624
1.0 0.773362483376417 0.419542433318117 -0.2919521309851989 -90.94809449605721 12.490718281457488 -44.43519678845279
1.0 -0.771441313515701 -0.2960034142491156 0.21604937802973576 -5.775441423492795 30.16695906193212 -4.473954066463393
1.0 0.09768510358858183 0.7525963503514501 -0.1782794774257019 -23.000860157542885 65.98473856003157 3.670016367357263
1.0 0.15093950524891608 0.3026993388999098 0.4443859676750459 -60.273777473707526 0.5015067342248372 -12.088510330405816
1.0 -0.46054712667462844 0.11900767836282927 -0.4724630418387341 21.669849888623645 27.782539863920565 -21.245191589935523
1.0 -0.2838710914521949 0.16686094184350805 -0.8105767918562609 -39.277909025223316 1.8431782356116213 1.0039085812332624
1.0 -0.6504393651025132 -0.32521490816168924 0.4927684408191595 -6.2837189612600035 68.6978864196416 38.774182347229356
1.0 0.5471815327902051 -0.17375728833902765 -0.4264785278986718 44.37416060579859 3.55211159417643 -3.094006907602063
1.0 0.08481098468037596 -0.6485249680738965 0.07977685004171779 -9.728647318735025 -46.660937431223545 -0.4297036223168836
1.0 -0.06815255637411326 0.4569152909105454 -0.7565534418453049 16.690845884000836 17.264635940966972 27.64615094262324
1.0 -0.08593002100651448 0.3307712675925914 0.10896172410182979 76.28080488489758 7.05111790635548 73.82686013748568
1.0 0.4373436665262755 0.4073793511270875 -0.638854648742337 0.04765934126191365 7.5749101711204405 -10.862993150874468
1.0 0.4924496245074731 -0.18472602609630356 0.6922640997945929 -10.4817773080393 60.90580266344367 29.698704432565922
1.0 0.14144167333568208 0.6033208509913144 0.5607258016080731 17.151334934815438 -15.235063161809283 -36.11163695964804
1.0 -0.264245331786088 0.824680361840433 0.11095464066238575 3.923862408938506 -26.882899350234567 10.79328358354517
1.0 -0.0895503650082017 -0.22207472755032442 -0.541333988741529 -33.41084759086921 4.5414480485568065 43.00994973084546
1.0 -0.08361268929159728 0.922763308019927 0.15263557118280213 16.40364584072545 3.2982724560455017 62.409681772716745
1.0 0.1330670231995807 0.28391621528433714 -0.7593982682892163 10.129823573922655 -68.71344952667377 50.28399765582155
1.0 0.3981995746213332 -0.21858329128880916 0.5625587623655186 26.089762720403588 6.213378794033115 -38.48028373908485
1.0 -0.611673601729785 0.35143164981873615 -0.5161241029076417 13.715656505537789 15.337561438239412 -27.490298339541344
1.0 0.28369525543967244 -0.47239311048629934 0.09552351949937335 -47.89491012281338 51.212421497581545 -40.10831634715868
1.0 -0.5589718701644076 -0.37216691735688584 -0.3354970801506204 -34.4606999236299 43.76872049662985 -11.659522049507629
1.0 0.7827303021333752 -0.004954415539234039 0.15500221911186715 -15.223732753047516 4.163096576545109 -13.434886110565373
1.0 -0.19375417771272252 0.19567542002908833 0.2413282367797338 26.31413779030034 -59.45716337195322 55.25147829033765
1.0 0.4024684570599121 -0.4675146059560926 -0.29646430632272563 -18.421469130829138 -69.06820920204409 -35.996043018272886
1.0 -0.37212871962344696 0.09184296514511416 -0.4486822659069119 -10.087583108649643 -45.02206222932188 5.36953395157168
1.0 0.2619149054914776 -0.1287855590827581 -0.8727174362220254 6.624896554804327 -71.76496921014757 -54.48822011135975
1.0 -0.5681490139944672 0.30372867414535876 -0.36499939808614246 7.520502502806305 3.99635492233046 42.14821286404387
1.0 -0.7610878167043207 -0.3559346526282465 0.2553988187011645 -22.024978499525705 -10.147109309668414 -5.5586813077726065
1.0 -0.3621354849875062 0.45463181227964333 -0.49947667957954345 -15.624400588371776 -34.04933843556617 -0.9397592223070794
1.0 0.17611485836046567 0.2392416321550406 -0.5308369901921851 -50.20764036034157 -14.06015487597407 25.35089952464437
1.0 0.14101015675144957 -0.7814413050036512 -0.3315316899131219 -38.25662651767915 -23.679076542410417 -51.16268053966485
1.0 0.15410086826543598 -0.7795362002336376 -0.015130798217436365 -19.095248874839026 -29.52270664162993 31.15680962720993
1.0 -0.19377645454823744 0.4255377277854027 0.5187424286493331 35.78315124745251 12.638564212780695 -4.722218767873485
1.0 0.2561438294449648 -0.45275423534794434 0.8217832499878294 -4.316821328490644 -11.567607153689169 -13.07051849172263
1.0 0.6954692589135388 0.15440803485385762 -0.6438974893037784 -62.175936990950596 -46.03662334775665 -25.513897582088926
1.0 -0.7609670565536666 0.1637870876688467 0.5458845916487628 -40.01847620278689 49.675670285281285 60.72857011634161
1.0 -0.7516980305848677 -0.40031696369491543 0.371505286221302 2.327554586236199 -28.691913103949798 51.00612761849375
1.0 -0.5912778459650695 -0.7693743911955786 -0.14840033548991657 6.844265085822151 49.96980266619559 4.046743653463631
1.0 0.07820396223679264 0.35689885248824854 -0.7343140579630523 20.27247443616585 -14.04934247641263 -20.87434912993254
1.0 -0.5478837300172839 -0.5021390200573594 -0.40865308619109714 49.56906671874018 23.457031370374565 -21.30321536174826
1.0 -0.020899793119501478 0.8287909875314166 0.3869345456555757 22.81807023496444 -3.590810266892124 -41.617352695438605
1.0 -0.4123223185589187 -0.26561837752097006 -0.7749039061542344 -49.66226802807299 -61.15684421570179 41.23673283957202
1.0 0.12174227904438632 0.32675748666167026 -0.5717534324633728 -40.038842798580674 -0.4206443448033323 -29.44496916448901
1.0 0.4109584470604557 0.8663858398510874 0.05619818579722792 -8.087516264200643 13.173974758254344 -14.898770469781205
1.0 -0.3910078351764842 0.8885339263967453 0.19821918140626363 -6.890205437892979 17.138420212784936 -16.2018070771126
1.0 -0.392411673744725 -0.051028143134907805 -0.7803789320027325 -29.156514439185816 5.785711363271986 -6.769725736358864
1.0 -0.12688426253305451 0.6209231411014271 -0.17033253328589013 17.931945576018876 30.57609838187396 -32.12608779064233
1.0 -0.39739661477926347 -0.543029139274329 0.3141772381977148 24.44949632459983 -9.395854555337975 -11.42866664537949
1.0 0.527036034045166 0.3465645348210633 -0.72918009284875 -20.221995222851806 -36.74210869051434 -17.224402381647923
1.0 0.2669177173620161 -0.7588354827329465 -0.09609876635955583 3.617699341952009 14.403658147872354 42.2048774057301
1.0 -0.06842821840555531 0.05059715046619444 -0.7699112941442954 -22.182859788197018 35.434561206625794 27.1580506911188
1.0 0.5401915970979776 -0.5799657522958964 0.18024934638443948 -33.48155374352839 -4.828199755017407 -22.37648486842609
1.0 0.37240871528179115 0.10100447757122356 -0.7744646352498886 -8.580260757035694 -6.151030970838741 7.380644020677273
1.0 -0.1498014096175397 0.15811045428101914 -0.956834384859065 -18.593443218586113 -7.1626310100499655 -7.528967967772718
1.0 0.5227223399182673 0.5426502757191067 0.5876116887117571 9.778355872002122 -55.83700086599024 5.113046117918745
1.0 -0.6757566861165377 0.6183153821490871 -0.25381487348340226 -21.212532228507893 -10.058249806926451 13.335407440631295
1.0 0.22910542595830097 -0.5225189444849316 0.5979120450335635 -37.3099541693318 -35.84562179140309 -3.523551050282318
1.0 -0.10423164394168216 0.6173582579291336 0.1599442846766215 -17.082213299722483 41.27227417472552 14.722882958591407
1.0 0.2039088846917918 0.3494594725848718 -0.8815751863922329 -10.696116988999181 -90.78109753973152 59.79313646436492
1.0 -0.2576336126545747 -0.08103458676133261 -0.08789732330322615 3.305461321405463 0.644345821033017 -37.67212351828501
1.0 -0.4931408451147952 0.03319666533890082 -0.21411451921712674 -18.45010608834975 64.72086985792386 13.451254122514195
1.0 -0.2360083845198429 -0.48031812167730814 0.35008454362545455 51.91953787422758 -0.19040674148261078 -15.148294203477038
1.0 -0.3432184574973646 0.8671638548296728 -0.017617222075794685 20.37407041264604 54.481548910403006 26.681695051891065
1.0 0.348776711761611 -0.1159872805044426 -0.6104411938354968 -30.475860016675536 29.023879122427733 -24.77480757468465
1.0 -0.6007836055071532 0.4082385345274912 -0.08290549035833182 -29.410334358080352 27.97002217804684 34.67062119147987
1.0 0.42986252850786183 0.2932040445213996 0.662763325648762 14.235336489970418 -27.005784941580924 -20.173435778042016
1.0 -0.3575358361729446 0.49594382957002947 -0.5238393250060672 -1.3911910332412976 20.616845549652837 -52.61633800588609
1.0 0.35328229661417876 0.07227372170611408 0.2005900996819987 32.56790582008481 -27.895657051458873 17.76041760651551
1.0 0.4010274279147509 0.07360232452701156 0.8774774508972206 -28.087891669417466 13.544024997547309 -3.8808643949606587
1.0 -0.1637387426527408 0.07355286268173701 0.3360970712477318 4.998186167406419 4.735986460596855 -29.667084061229684
1.0 -0.1295156639087201 0.4867720409113077 0.07549555752559647 3.978236851937154 26.116024649569535 27.883554091574027
1.0 -0.6359341645471952 0.093435697513664 0.5421190157620472 -23.984392810908822 10.739301841763556 31.45348808212307
1.0 -0.33022867226522507 0.8424244627099979 -0.101819291759263 26.396655452486403 4.488941477889549 45.38237022078075
1.0 0.40888948100237865 0.1813667992336866 -0.10293692647857479 -79.90918706501544 49.29501749636198 -17.06308220941131
1.0 -0.2433968215233773 0.08161281056578717 -0.6030647203701323 -19.36500728640178 -45.21872730977108 -33.07897924948663
1.0 -0.3786240194302833 -0.30586794733629097 -0.641364909926355 14.058045351222235 -23.37148000111 19.905338689687675
1.0 -0.36411906039051833 -0.7929330423803047 0.27377329220082264 88.44788257416697 -12.85029457356321 11.19114377873498
1.0 0.16862907447077063 -0.7079134646431228 -0.22850589273266314 13.722154011676338 -13.234763046146805 -31.178916408038013
1.0 0.6055833177956879 -0.5492926925877666 0.37859842507346236 -51.02265246594146 15.934702159742947 -15.472103098135936
1.0 -0.481518383589921 -0.6934444225856689 0.251777349875276 -47.15073065204358 14.082766535176248 -14.865495659100342
1.0 0.03606282803493816 -0.2342701229034453 0.007658730946664166 -3.067525445567466 3.1189228632849266 -17.842760903385525
1.0 0.7441765886184516 0.6463836069585196 0.12015183230384062 3.412686934139676 -6.213600186378102 61.752775761080954
1.0 0.5368387832393463 -0.10028384822905553 0.20965772596299054 -51.60982110335762 -16.384893782365708 30.440692819378384
1.0 -0.6604947800177734 -0.28545712631655806 0.44885487168707644 -15.593334504404451 16.52882261621175 -30.055007218942578
1.0 -0.8408956093204385 0.08879217007303188 -0.036253979443556024 -3.9614539101849093 -24.611894641494267 21.400362811368662
1.0 0.595502001102745 0.3589490649717183 -0.28442284845480775 -20.965661488150122 -26.53903586084789 35.30393149724725
1.0 0.5332408936350557 -0.6798173014403391 0.44929155590013364 -9.971113583095343 21.51259877349119 -17.939311833776962
1.0 -0.0837045310521901 0.058615899759453305 -0.6959567472953205 8.35356874341734 -15.009292378787451 -28.1367446211236
1.0 -0.17679527047385987 -0.18376872442122297 0.8299607564287251 41.00565952867897 41.3671674124032 -46.44269532273768
1.0 -0.5199983910396897 0.12885744920204065 -0.7101432855653618 51.80574903007383 59.936606901787606 9.835456881360528
1.0 -0.5279966402683612 -0.5361941851069633 0.533821439082929 -13.505541628702415 -52.00546150630072 45.26291011833066
1.0 -0.028211304994981548 -0.4645749569481752 0.7249306437549858 -42.119415950819636 4.188207930530756 -16.688763531766405
1.0 -0.4218984638559864 -0.14962589157617187 -0.14455148791649364 40.50504793926613 -18.791647176012972 -41.84041858857632
1.0 -0.7140414155941671 -0.5131479884388295 -0.36547493160324607 -33.04863112205075 -34.35746111992808 -59.16109699778551
1.0 0.9417307215703076 0.3003267433333274 -0.012780588167548021 4.873465585830511 21.513973507330608 25.79001556027679
1.0 0.4129987646862638 0.06319959652392866 -0.5282181124273302 58.46807098895858 -50.85757341191649 -58.69130938426397
1.0 -0.3114630896802742 0.9101666678381201 -0.056445383335186866 -22.548387436721974 44.77147095517858 -58.0126936372725
1.0 -0.766822299457272 0.14651566258360949 -0.5945340513721993 21.685673220710704 -14.39216449603472 8.033536672562247
1.0 -0.1803611478922643 -0.03406347331754083 -0.445961286795435 -28.65590160136611 -12.143475864898004 6.802095090552602
1.0 -0.21801719423672597 0.45992795794495644 -0.026909848355639518 3.5599211853176462 27.216420256692444 3.356923061356764
1.0 0.13346375623253168 0.8140146048654188 0.5181058960452172 -7.2279645382032145 -37.856254882053165 28.550491377469054
1.0 -0.7480247557741816 0.2905811618608832 0.47726720916850085 58.87898343445769 20.181280897892332 -31.89552885158848
1.0 -0.3393548677009412 -0.6353551001764938 0.3677842401100926 18.92940665117728 -44.58244532529538 -45.02511066182744
1.0 0.29893802803573294 -0.635686017924063 0.11873782421539793 -19.74639666947222 14.491183301172256 -44.185011851892
1.0 0.4534572327149178 -0.10119352743023519 -0.4812014214651853 -16.4102922412495 16.542198960882907 -2.887861050619194
1.0 -0.1346855970410697 -0.6499984187603979 -0.41109549616635 -32.24562969441277 -23.280098025920974 -0.7703635924757208
1.0 0.11201222332708691 0.012726553768791695 0.2545568233642638 10.284674560844245 20.726244432853687 23.70023698675758
1.0 0.15049160752001203 0.7457836199038245 -0.30999520716180384 50.49428570760537 -0.6432511527668336 42.84741440053756
1.0 0.5525906317036373 0.3001665858458311 -0.33720709924081044 -14.754473655060078 -14.738347668173148 56.66250097891764
1.0 -0.19491215855136587 0.004158290512662801 0.5136667420122082 -18.703096432163996 -6.997084117311391 6.423901633440366
1.0 -0.5651082221689873 0.1599135086213481 0.10940930454539839 53.168165963635076 -6.370982653193965 17.545524072054643
1.0 0.5102986845413137 0.5560723319650055 0.1048133365449296 -7.846209685502839 -43.4928071708411 -12.764516453093963
1.0 0.6357146742194751 -0.1465053650328847 -0.03797367331975086 57.250554683152046 16.08903342975775 34.6495912300009
1.0 0.6522911931230665 0.29931258477228484 0.6070460764887353 16.46339846954646 69.70252437581182 -14.553526517826581
1.0 0.04771284818370036 0.33582539729748395 -0.21767482108821895 25.13794078768793 0.6171918252520212 1.8097527654481298
1.0 0.13999209528437498 -0.3416207517280077 -0.6508154107363505 -48.25475108593586 -0.19149571022024606 6.105985358132432
1.0 0.2855661814229314 0.36906163834841166 -0.5867346148376952 -5.546282119588728 30.24994820110876 35.466251013200456
1.0 -0.3924705490309219 -0.8470393402117913 -0.16744115547542093 -6.205610626880112 22.266995333900386 3.284340622383369
1.0 -0.23231428354558267 -0.16397703966450639 0.6364858425592066 1.2823100354686825 13.284574549203858 9.38471696676865
1.0 0.37634575822248795 0.09933463256625105 -0.13184293298090405 -5.710676269452348 -71.84709522617139 -24.30268999976258
1.0 0.8348016349302276 0.1405998024103258 -0.17720445316521638 21.362970120528004 -8.367708736981488 4.617272254934908
1.0 0.4753641802430367 -0.7283947027368034 0.44025757660708803 15.868304307889385 -47.24921206376338 19.881017189076527
1.0 0.15235398193002722 0.32536107239114914 0.20271404661198847 12.253628268192784 -55.53120785845579 -6.214850303931531
1.0 0.05070402767990818 0.55375127307548 0.8039880458822921 57.679039883047125 -9.640645577419539 12.863701425671326
1.0 0.10444869878757948 -0.03023881663685976 0.16963398111002695 71.56973878199484 -32.155654654947696 -69.4923644866197
1.0 -0.7158990019356264 -0.12201763477866931 -0.5770704707646686 42.06725791153529 -6.492641534837408 -14.212734470673773
1.0 0.8887973417814111 0.04841933093520316 -0.1163435286199585 -17.75282148047605 21.24023111700201 7.021808055021036
1.0 -0.14523663110909107 -0.24086995075456685 0.2279359013136945 2.494622798275889 12.04670532790622 13.377609818220984
1.0 0.3352238569158169 -0.9160310040045562 -0.011477089770291497 -13.260691162511621 30.444156985233906 -3.1796039943649945
1.0 0.2899963409420628 -0.11092915131223861 -0.43766714336408535 1.4486305937379507 70.35965400547744 2.7672039019851122
1.0 -0.246297418400648 -0.8638738163243121 -0.34751780440171354 8.029631046396252 -4.200031181212911 24.46456129168247
1.0 0.6271438161223668 0.589906607947236 -0.031543924486290835 -1.5905019996504413 -2.612634027873376 59.55209273869435
1.0 0.3541105815926849 -0.35610413295270565 0.8477009090997675 -49.611843284774544 2.9711144757773167 12.204853892509735
1.0 0.3857998516433161 0.11763293877511592 -0.6022545145427076 -0.20422808742755996 21.2096293566772 18.728205804364116
1.0 -0.3823206894828233 0.1170436910453693 0.8201150716803041 -13.386718068119288 12.784326730156218 -88.6402191436939
1.0 0.23558275800485673 0.0823956026113537 0.4799969289085942 4.675062339794371 17.265464478323867 60.0190269091926
1.0 -0.058871875077097645 -0.7549938458141174 -0.13685862479915664 -21.221440285512077 -15.22142092194621 12.707393528176423
1.0 -0.16666098296058932 0.17890395889169472 0.08894868654808237 32.33196438093382 2.1405145814675786 -0.3907998929978663
1.0 -0.12971848886553722 0.9313774260422835 -0.05844430465484396 -4.741613957629139 -7.646138102249886 -11.208496012523918
1.0 0.18672181871023288 -0.029056307123306632 0.5726057910045318 10.2692892448752 -20.3577150660555 13.462457040632332
1.0 -0.5659271614126145 0.18343889062361426 0.7224312497590724 33.50914349785785 40.20365081384544 57.49806635002564
1.0 0.4495574314727138 0.6698397790634628 -0.509344936302797 49.94304763142276 83.08497725107263 -18.502080965918676
1.0 0.5556115260660116 0.28629826189194807 -0.27312272359599193 -0.08633187555036395 -36.42070314720374 25.679484735249222
1.0 0.26126805076305515 -0.07932359991035837 -0.699937048286957 28.283835614857654 59.828597588070366 -25.533384875952976
1.0 0.38481504856602683 -0.06581811174850453 0.2093075875955331 -44.58146603402178 -11.682898046290598 -3.3230246124737106
1.0 -0.3323816242952685 -0.2558612632086836 -0.7891974565634736 -40.390180890992156 36.549668005085046 -12.513849668245593
1.0 -0.5453060209531799 0.34065973070226346 -0.011898797694755927 -12.72221773626056 9.720626914896181 18.425549470026077
1.0 -0.9289011515933443 0.24751294492643627 0.1134417625043936 -14.474434881462047 -23.08067904706787 -13.527408386882696
1.0 0.12665413078030346 0.3803361761962144 0.7413631415934883 0.9299997110812206 -57.26144763694318 -19.280511638401293
1.0 -0.4580216050010865 0.06481799383541824 -0.3080721296233593 20.168465388513084 -29.533015527081893 78.57269944052436
1.0 0.22932026706912245 0.0277786390006153 -0.7238911533252984 -27.384641149048026 33.58733116606814 -68.11409099780323
1.0 -0.1564048570696058 0.6575825042060369 0.14541252905194113 11.941228173481765 14.407001826662077 17.469247299390975
1.0 -0.1788521832156683 -0.6040551178300635 -0.7086919570961775 45.61944929832443 -56.26883532229406 20.046657856833445
1.0 -0.351450977925895 0.7359077386109385 0.5035780433403146 -13.37916090986339 6.685149258333922 -90.71899618112953
1.0 0.15791499902589307 -0.4409129417348556 -0.7607253501894936 -25.122912098936002 3.996927463881953 28.67009866685645
1.0 -0.2315002593618561 0.5600555099317016 -0.6631947714487971 -12.444162141749068 -18.292093642815054 51.84667201233201
1.0 0.3405121587361097 -0.6594962131074561 0.3382055098008223 -12.778931898535303 -24.74609697303814 -54.36088685638137
1.0 0.027780813824933224 -0.39233018594454067 -0.35292435658453336 -9.686203913128127 1.030527234293743 -0.7110012285867638
1.0 -0.0028141544605787003 -0.1849448174173352 -0.059107960896219405 56.66851685997362 -9.018867311619656 -37.06443877559789
1.0 0.2123233485370494 0.2990973196702445 -0.14666887272889678 -10.268592252711665 -14.48100380391639 -35.91700119301067
1.0 0.5159681413191755 0.4790229145903433 0.34070417459618785 15.765568827342486 12.238042733619725 -22.29192143718256
1.0 -0.9427406617597884 -0.055661165648983976 0.1478433878147372 -33.460902709848966 -18.771391872556375 -26.39492680415471
1.0 -0.16611619229825217 0.10692817551573355 0.5739353585173552 17.326324676392204 -0.6689876805116192 -21.410381634753872
1.0 -0.8514610754965815 0.04468354593443127 0.21875800926541414 -14.645252851405756 -17.710201890586568 56.924266845896796
1.0 -0.5062681254679797 -0.139950472660675 -0.7370610209328446 -16.76911137712228 -5.592649641233401 -33.72801290419062
1.0 0.4039970805870764 0.5752610334629831 -0.4763968927404971 20.986043306842426 29.47143505915949 52.438895143728175
1.0 -0.8064047884765988 0.07039306639284858 0.3769049141743729 -5.42591307984444 -4.237697065247917 66.89951234313668
1.0 0.18324101684731567 -0.9095265739635668 -0.011023151350176185 5.677977219187108 42.92138768442603 4.75475468411656
1.0 0.23572635500013167 0.5015414110816692 -0.7959951230304015 23.97459392672913 -28.31168457763315 17.5792497742697
1.0 -0.04610591567674747 -0.6507535539383908 -0.05123849765750296 -28.46003539827054 31.725352737279575 0.39211879397498955
1.0 0.07696284124685956 -0.1898623298286145 -0.47415017765532685 19.36917086605852 -8.018646649682447 66.01920674553477
1.0 0.15235144136457424 0.024033893974447735 0.8590873824046102 -1.4707247551062608 -43.36442631013861 -5.995095156468822
1.0 -0.6640641195724404 0.3976596957124547 -0.5843754358967045 -16.5419423242554 35.91711577540871 0.6412997666855049
1.0 0.03969491673790634 -0.1857870083580181 0.23879462227428275 -25.326898101991496 -30.096326042292286 -1.1762663326524196
1.0 0.21085830422331664 0.5307424535786276 -0.2129862799948268 -7.1211831133656425 -33.700218881707976 24.966327910468912
1.0 0.48193155469502075 -0.7835988505159047 -0.3755352886087215 10.514690159527222 23.846321382355157 -24.189410443127468
1.0 0.47867333086652697 -0.026411779480872463 0.2639106652944751 37.57997745954664 71.58538873764138 35.548279589485915
1.0 -0.32085824781720945 -0.275266919411926 -0.3700759292725349 -10.06625104913827 -23.442454919247997 -29.96114098044041
1.0 0.4039001446868162 0.0806432973487048 -0.1779933663702451 89.09363917523262 -23.43693058520086 47.67840797789139
1.0 0.6901625052133805 0.29292994108304654 0.3050327260739162 -42.74303873501243 -44.91081530552716 -19.417005206194805
1.0 -0.2846392211449556 0.042885376242842124 -0.805590175172181 -39.08570767939665 21.016212208276606 -29.69629892234304
1.0 -0.5123672823192456 -0.03882533394993427 0.09120905406102263 10.430709068125683 -17.353852519665917 3.355615288960738
1.0 -0.3867978868402198 -0.028441565876412063 0.9021763522485765 -21.818725097468725 20.812695685001714 42.64369143114053
1.0 -0.3191534895849901 0.25759970559150563 0.3621215776493739 4.966600868615769 14.910198083175041 10.345878474526469
1.0 -0.32168126687092957 0.2104394069189691 0.6053018118369583 -5.157039425713795 -7.401378929141511 39.01850313004221
1.0 -0.020106598593763896 -0.7996471134576346 -0.40575407544117653 -12.370593933782661 50.772042475855706 39.85111269329974
1.0 0.16860536991670938 -0.6985047724925921 -0.2773538057389473 -39.55042194420555 -74.08590354586204 27.643725268630806
1.0 -0.45371573932440595 0.41957134513357786 -0.17555956420019686 4.173623563212455 -4.604794019647534 1.290097299152173
1.0 0.03415333924220254 -0.03955698552771763 -0.8905770916161425 30.254991874767924 35.93098792681043 11.22985861337859
1.0 -0.5491845388356761 0.008542415362771146 -0.7978721901936273 -28.75950647214665 -8.332510876670629 57.32651058865875
1.0 0.6903810953154038 0.2894295931019787 -0.20733071026543357 -34.66478443090838 1.9546084510847312 21.529572143431306
1.0 -0.31309294506870067 -0.582828627605372 0.04071420465531796 -65.02712487221679 -38.84954199026235 53.74641075231635
1.0 0.4947626497849173 0.6676523992515168 -0.10163558424911907 -1.138389013535093 -22.832923904846353 -6.13387076718951
1.0 -0.5416157305078051 0.05558784010743746 -0.5576230598322026 -23.435752261809974 16.50645887996499 -14.311391126763528
1.0 -0.4546986296557928 0.5463804792644248 0.5519145173269602 -4.214519372593807 19.223008253766015 30.57151512562212
1.0 0.4407720973498049 0.2437982741367698 0.7671009085065131 0.709611811837008 3.4495177358522953 19.40586781749341
1.0 0.300441457534692 0.2767663434880751 -0.4930119208899553 -30.743034269984225 1.3258300659533773 11.570971444595251
1.0 -0.35916047317832445 0.028253911292645876 0.666839865770897 -9.2812556832078 -29.48899903899518 -20.39747034161635
1.0 0.29533813777845586 -0.38820873070951073 -0.7161064224533135 2.944972540195988 17.2746558215652 -39.86732259492479
1.0 -0.456345564461897 -0.08537071643909253 -0.1925567931890736 17.541723541201396 40.1189836637436 0.43142890254936217
1.0 -0.42649644590337543 -0.536343478268011 -0.034150777320808956 -1.708469330638861 -39.675258576557674 -43.05328768122006
1.0 -0.8874271271140836 0.09592151036526161 -0.2657292267991044 -9.371623173514944 9.990363359348944 -67.45386670526334
1.0 -0.6882269994466721 0.30337319526792067 -0.2570301801693561 -34.25763338517747 27.74917333865647 0.8320211113331937
1.0 0.013817721920892126 0.49366037810404073 -0.527710152716604 -26.211726362189133 2.460076779599076 -10.176974970540146
1.0 0.30029753240522605 0.32432049598917007 0.39628072289449473 -12.308429906311408 12.485914637632023 -50.60014917336671
1.0 -0.7887600906954759 0.07484896807304003 0.25237623971056583 56.51926479837705 -30.484808106618697 -0.825549035623486
1.0 -0.19235405537893802 0.8813472676452087 -0.2658698554728665 2.8258937467703267 -25.521409132283697 -14.08196315698957
1.0 0.3880639680326716 -0.03773192417372797 0.652511376292116 -34.79686504563909 -40.37124191035839 -17.43127790152142
1.0 0.30442528874881075 -0.4651846841196968 0.3177867678381591 13.414846045933945 15.450748509747228 -15.34797598807354
1.0 -0.3505101290942509 0.08331710367108619 -0.4410384740040325 -77.81588651908497 42.44339313517013 -4.690237407324566
1.0 0.5097423472686824 -0.032825620192981284 0.5565231290211022 -11.132116563575934 45.3958248782255 -17.350575536396075
1.0 -0.36831263765210204 -0.5505295500066306 -0.4675387078397989 -28.27759163634515 -30.221597159037678 32.59224593319176
1.0 -0.3682934427969538 0.26826274445214165 -0.7479856251365748 24.696396628390637 -43.645250533749866 44.81548284410941
1.0 0.27111362759881114 0.29262728948386296 -0.8498331686158502 47.67071831723588 6.707606015723174 -5.325521001358081
1.0 -0.6912505946659077 -0.22048775424754102 -0.35984888902626966 -32.78640975854954 -40.831941248186475 17.380076426775357
1.0 0.5003387330525713 -0.039541261958273385 0.657064883460621 7.4786789426576865 -8.014377581892493 12.480255056035773
1.0 -0.39858318672034204 0.01349081726046678 -0.6869129028065631 -15.839836148290228 35.592810155082304 -35.4708509252555
1.0 0.5213557825173093 0.27511490105154024 -0.7698948381642892 -52.57169228105951 -9.854949039386797 51.557301866744794
1.0 -0.1761090817182163 0.4822561621294523 -0.005868685009125099 18.428256349571303 21.639305374226616 -15.783848821240996
1.0 -0.4822760944781066 -0.35303464175753857 0.0719793194375605 18.394449612688955 48.1716705674845 12.831821686525394
1.0 -0.26447545020654634 -0.23248675343136876 -0.7499410928990573 -38.214761705540134 14.731434439727375 -21.5130804518685
1.0 0.20592375614182765 0.29414571293120073 -0.4552926074675522 -39.94983336527571 15.002848603607381 24.049303241660922
1.0 0.04164129373260843 -0.4221279460267761 -0.6671793273710898 -10.152094726210265 17.697409800721985 14.214533434052033
1.0 0.49269584395222166 -0.400317585055075 -0.46440389671148674 35.00488513201438 16.52686879896534 24.261026001211793
1.0 0.2870698126175601 -0.4994209957078405 -0.19493071170004195 64.98569293141969 0.0160835089971037 -36.10833031125441
1.0 -0.11607365672061024 -0.3261268609696077 -0.08861944665601418 10.396186483404323 46.90320545098962 8.439037191072066
1.0 0.4385943560394693 -0.6717513415947569 -0.2637214126476878 -16.22393572657494 -13.564505993737319 -20.450428446145466
1.0 -0.4272696205125139 -0.5967671888545922 0.6737360664489489 -9.741171347081044 -29.271254758653626 11.796099572361195
1.0 0.016634700666457808 -0.8318282932645618 0.36435424286990853 -24.310801036602737 20.46099484622036 27.653931938039815
1.0 -0.4914184937924262 0.09186549409978047 -0.23723027855689055 28.568519313037946 -41.77224003991843 7.984709416856569
1.0 0.26288382189697873 0.26650895155128546 0.07198832208337994 -50.02348740236217 50.19881523921518 -29.57132201364095
1.0 0.47112236032621624 -0.48803005459505766 0.6388161190388371 66.27703996722501 11.752113226407234 -47.050974798032094
1.0 0.30620062671376386 -0.307210036826332 0.711753473298209 7.253274503602291 -41.90258960603806 63.23849260010155
1.0 0.29465624092297654 0.13636373422637688 -0.803977054998338 -12.021540733793547 26.23392018621599 -4.190726055100134
1.0 -0.2069255303334677 0.499201376450475 -0.037459625872021826 -9.56124021647057 50.420763168569856 27.314890427193507
1.0 0.026976815233385992 0.18995129575556458 -0.30604645267865294 121.68168311113097 2.6523235152875855 -2.1114852167825626
1.0 -0.08680061451682795 0.01270567711806935 -0.04480972850183943 23.546757367999504 1.2358053417681272 -42.239338999331906
1.0 0.8804957786452143 0.31239664144400875 0.3371174647980571 48.20210943499421 21.28603080712678 -36.03898648022373
1.0 0.22921073117194515 0.03782153402040589 0.05234274490276159 12.49135529393945 -24.570478624248782 -2.954697317096618
1.0 0.1422516806941821 -0.49137809389195225 0.08903463067881671 5.420864740560489 -1.6317674920295464 -8.572659165022976
1.0 -0.7915356218940144 -0.19058617021956836 0.5311245446146882 5.609658754448324 -25.19695677317877 -1.9175845052646683
1.0 -0.4948701266476538 0.5434234032135254 -0.6368956369853908 47.14353457437951 14.02707576059028 34.45061418913605
1.0 -0.7844509511976635 -0.42658543069503246 0.29790519193271864 -16.48377711757057 14.219768876835884 -17.816956063329595
1.0 -0.21690132621379787 0.06354680663197479 0.6350974622330127 -57.907509305575644 30.38212607680542 -58.49096402596644
1.0 0.4116468190030841 -0.3846611238015498 -0.7688735532828522 -46.268139487466456 -18.81209793842734 -30.199803760534856
1.0 -0.06171476106082165 -0.6906539206948484 0.4992469670956006 -37.50302110549262 2.219277352739805 15.791232998283771
1.0 -0.4112275078844156 0.012001963990279543 -0.4595312514511129 -55.181066515471166 18.901366625380668 17.918754916051533
1.0 -0.16726873303973017 0.7892644093761764 -0.3208815075807205 -1.7266847268988377 42.33456519100557 -15.025522942594714
1.0 -0.6421736023913769 0.005769215909968845 0.3498818936120146 -8.317038885010225 -4.068056133338529 9.825998224685433
1.0 0.5026214020527524 0.1814231609254554 -0.12723004069834773 -9.199870243272889 10.787056905686605 5.692735264945264
1.0 -0.6439447990564052 0.06728906581479574 0.4919809650967318 -39.89032152066559 33.76060973355674 3.0495043017037258
1.0 -0.07923576594882147 0.7856625882316737 -0.6069170302411278 -73.73916629592237 40.22982364693312 15.419465608829755
1.0 0.34445619462211163 0.42815172980876837 0.20500228949891963 -23.941495171712795 43.18318899329742 -33.382672005607304
1.0 -0.0778875000407378 0.08270261257458886 -0.301817266496711 -30.673444475854375 -14.604361386707478 -8.564341314901439
1.0 -0.6817929159461583 0.40840748981577274 0.3475636975244171 28.25291858160685 -46.0519740246452 -32.690945306240735
1.0 0.19902904583851783 -0.20621302074870976 0.1563236051161283 30.209322325561455 5.823548613896487 20.0562205265049
1.0 -0.02935476650632663 -0.17302177449302486 -0.7450559942764488 5.095418398998635 43.3626093057456 27.624743736844284
1.0 0.477157751303968 0.62946728938299 -0.160120130122448 12.822667254902406 -15.769146336745079 -25.99887592657844
1.0 0.4503795487794833 0.15976180183503988 -0.4701860090809033 11.797638796193564 -0.7797402071735124 59.52562525384856
1.0 0.5253069767607454 -0.13412592433337464 -0.811301183498589 33.7162066110104 -13.360881200451855 -32.29559667065633
1.0 -0.42980911115904463 -0.4465846844322402 0.5515841490660124 13.245629809937428 -0.9012794065173664 -34.625825787532484
1.0 0.5258723857128816 0.4322316196416016 -0.165598063525722 -25.536502540096063 5.993818798400189 2.0883401075431056
1.0 0.3560867731173108 -0.5437635961949219 -0.42787000690594557 -2.294027066086578 -28.682056620255217 6.089543710737539
1.0 0.3340398176790954 -0.27284202307897415 0.4228227919148567 12.321560068758616 -23.313522362332186 -13.26853590609479
1.0 -0.4105211575946929 -0.47893856158550524 0.3817724336493174 -3.3858458910304394 49.792256736110346 32.38715777699329
1.0 -0.9681773775889858 -0.015593619672790892 -0.07394050606534401 -15.009415229368853 34.67748385850082 -5.681654499807826
1.0 0.0055919343419116325 0.9223012490373581 -0.0968583498557827 15.516101388629156 7.332148473144301 -23.074091281867158
1.0 0.5606353678714886 0.042448893186593464 -0.3146197257668144 29.65316339941745 -19.782082713069176 17.229984081900493
1.0 -0.3201688340603117 0.46018119683915854 0.16602167415308075 46.71771233569375 41.90372895921844 -30.900231424700028
1.0 -0.6216696117438198 -0.37844427335734615 -0.06182369500715184 -28.498182624878034 5.789593508269891 -7.337820605103311
1.0 -0.04800573779647632 0.17999373200354032 -0.17123293320075655 25.988750579465176 8.31393836232607 -2.642167052782728
1.0 0.8069707547891146 -0.30129499812652516 0.2629713283972848 -26.20490051565137 50.34654174371967 2.996305456060841
1.0 -0.4833588135934765 -0.7375678420523878 0.35228619358715574 -79.87708893997247 -21.73753177686326 23.172892530370486
1.0 -0.46553104436160403 -0.5392194476349249 0.29374430595541606 1.4484518678223122 -34.809468169215855 -1.403253900172127
1.0 -0.08953151260174065 0.0969755921960716 0.7763555889086441 40.47157113044084 2.219473563457306 25.459802177872486
1.0 -0.07482029998170348 -0.7574185423836672 -0.13501805354175517 -53.140320385483335 3.216567835363617 -20.7849154476921
1.0 0.21430292067099604 -0.33511977686014893 -0.0842381423146824 -16.69502360879462 -13.848061917770632 -12.50435071398233
1.0 0.4488017682620164 0.26500575667802 -0.7851359089202498 -22.555404357274558 -11.232449510259958 43.58933188610273
1.0 0.22616050439672028 0.24389977191201348 0.02704391047979745 -20.780180790641154 -22.470619872165333 36.99471863418335
1.0 0.43677146579017107 0.1055269377011254 -0.49638692718202665 -11.10740636036403 -7.653796558029256 30.22619329351516
1.0 -0.17977902128788098 -0.5301655934882493 0.49669274380095224 -13.258307249472402 16.70136136607159 1.0868463153143735
1.0 -0.5497069434725742 -0.4494493124231882 0.1999540856084707 -60.11094017123519 0.6921712005596108 39.38665448001608
1.0 0.00039300570779464086 -0.33867103208176474 -0.8704989102351413 1.5480741136427696 3.3500296538758634 10.848932782952659
1.0 0.012193441717755925 -0.6043119056582535 -0.03554473921505197 4.439703687104553 37.88462326393199 -8.62095954812479
1.0 -0.18707679571702418 -0.012683292665681821 -0.20493744437206063 20.656555511175114 44.50801331052334 5.394539575652674
1.0 -0.8205268622026437 -0.10008863157276073 0.37329731697105295 33.331475599499896 22.675947394995625 28.99178670029841
1.0 -0.23007464393858018 -0.1565720530150642 -0.6670914392191789 -55.77619817436865 25.798042874016264 -45.68341272323718
1.0 -0.41711150399947944 0.00027640619996900683 -0.0135628804710777 -0.3462849258077766 0.1281625626231679 31.783813726193863
1.0 -0.6604213917044127 -0.12039437452683767 0.5278864448998946 39.34528043093401 -8.525735018852744 4.9641215031107295
1.0 -0.4756043930746225 0.5736346141970072 -0.4366644314268928 13.592068478765126 -24.73010034851694 -29.874023029160533
1.0 -0.6394896013561694 -0.0714152319724378 -0.4345357137970185 -32.14295550563567 68.45230811152325 -49.18868575761605
1.0 0.37659304500673607 0.5423350274624128 -0.6941903109880105 11.134625789103648 -13.019350749732313 -7.032179465832699
1.0 0.7158076446459142 -0.24181795188862645 0.6072878811518037 -26.47820094077039 23.1652701563269 -16.60365848233599
1.0 -0.20950809515046095 0.06862351912772631 -0.6869491137524444 41.319195996345705 -0.04733497471288851 49.106738701031176
1.0 0.40369339009982896 -0.13966480749015536 -0.5765004376392133 14.102791310088811 3.1538878232568566 -38.18627413914169
1.0 -0.06116730826089431 -0.6337418145979927 -0.6814825370627197 30.963009560467448 35.69049890638694 -8.737078079758941
1.0 0.4374055307301686 0.07735093870232278 0.8668992266273524 80.53126842707395 -8.359040365251035 -51.859009623488326
1.0 -0.2639277376063069 0.22015948556184886 -0.40621294259119495 1.2792662319015027 -19.8416920725009 -19.401426556980773
1.0 0.24291765903682225 0.882843433086852 0.10795390552731235 35.52606696604764 32.25662295917951 15.732914805422643
1.0 -0.22609741382306994 -0.6908911999955674 0.3486452825762286 -8.178585481919496 62.95195452022679 -67.05045649462176
1.0 -0.34402009291648455 -0.1455279256485222 0.864375484209576 22.065621349930687 -65.8417877430415 -16.763600496791533
1.0 -0.25222092533253 -0.5243075700493637 0.09169814108113013 -27.56254785758852 40.74034603189739 -35.68181748281566
1.0 -0.6033362632141435 0.21815911310652142 0.29686590650804223 11.756446521369378 -12.67711511535944 -20.659656015267583
1.0 -0.0016754846665122665 -0.647669481189476 -0.48406879960666016 -39.19171451483652 -15.486095690248368 33.363948422643105
1.0 0.6518999711567413 0.15016131546547168 0.31064378558793515 -34.076700349251 49.74825479839756 13.47510823243421
1.0 0.7073898330102455 0.5748114895676871 -0.044774422939155935 -30.6309572966037 -29.30020197780645 -17.51837967805149
1.0 0.71829509122915 0.34981788058583146 0.3433597142528007 4.074659248924807 -41.452792178971364 -4.428813604595543
1.0 0.23848083605761142 -0.1672847209004842 -0.09112504733633738 -53.92285975142093 6.474192756444564 67.95057908821208
1.0 -0.22343456512548046 0.48828951248978025 -0.2338012392206769 14.254052541675417 51.20116467494423 26.788892237023564
1.0 0.5576290641433467 0.5221915973010215 0.46532529543748974 20.84414259761404 33.47497074382874 -36.34298056974772
1.0 0.11969164152302285 0.44105933361024513 0.18172266077878005 -18.84356838029561 -14.582749268701383 -5.6736241297295695
1.0 -0.8589581889504418 0.4053755017006608 0.09827996471817113 8.920259264856321 -86.91320815873536 -5.9715807123098585
1.0 0.583633248943749 0.4161640273728503 -0.3349807251092291 24.0101390805422 -65.82044674729138 77.40015102618592
1.0 0.50075756929143 0.43396362292081636 -0.1811793401358708 14.783232405526153 -37.52053763796852 8.153847679104658
1.0 -0.11794992829799898 0.06862171527266431 -0.47196974794921615 8.23048470746869 30.741492857118427 13.215087483871281
1.0 0.18893734731231646 -0.684413071238836 0.2932469925347999 -30.786164151330336 -5.693058806880151 -36.72326902338597
1.0 0.6565328398284832 -0.006972028121851901 -0.3000348339320015 -2.736625160056604 -25.191997091066025 22.046059196819776
1.0 0.40541465233888707 0.19184408229842034 -0.15646556816691573 3.7942851498686427 29.75767357345271 10.877050262967847
1.0 0.4946250206341071 -0.5192660132438343 -0.3264434718118308 18.705724721580737 24.59004630457099 14.238020632558937
1.0 0.6418872334682624 -0.168605108146716 0.0894438445511111 44.741243314592964 -57.01644030344153 -23.695013352265583
1.0 -0.6671035266750164 -0.2525638496298846 -0.362299813623056 -33.71727367232867 12.042157436703388 7.100837282491055
1.0 -0.1405827327970899 -0.40395978437192964 0.47673289381160716 -25.901117530714025 -14.42744393694974 -46.446140407021225
1.0 -0.6643144067635002 0.25474587145661143 0.12026285276067558 -75.4165216743462 -1.7167613945781894 -3.4871274810239163
1.0 0.2544225493226403 0.11333102536984256 0.3130993701994843 12.770075983823368 4.28878590234845 -7.958636637915895
1.0 -0.014224058399817772 -0.17185762179327002 0.5857871201325805 -57.15343743591366 27.467294356746564 -84.89647785783283
1.0 -0.3048166200092876 0.8449630388449172 -0.20581292401515858 -18.211840052387316 -39.066108933933016 -27.473439040108357
1.0 -0.08765805656260824 -0.39723092228238366 0.24764223855332235 -30.657350669536253 35.28356930695056 -26.636310057889304
1.0 -0.23485410472236148 0.5673229118934415 -0.7122799416343336 26.82783397465857 -25.59219144922341 22.504125261245072
1.0 -0.22063439293880596 -0.3193215575738534 0.6219064052657995 28.692215123877848 26.3591665534933 24.38291832089284
1.0 0.27060322862918545 -0.03409833397707052 0.05899712029845929 -78.36693824719381 7.524132503798375 42.27329458264911
1.0 0.3010060600330627 -0.324437847555165 0.6408232683805348 -32.989253456845915 -68.76982757636931 -67.28723256431786
1.0 -0.08894567363760159 0.04738625258177616 0.8812381553443366 -10.849459801877583 9.641664138030057 9.368919867410117
1.0 -0.6753523842511368 -0.172382243976421 0.6405779145872376 25.093100750854337 31.09760961706797 8.568217369831093
1.0 -0.08025584106374258 0.4851748416085338 0.7410728671074504 14.681931816102843 -31.99645537162317 -9.280765440064494
1.0 0.3235816033217699 0.14994567267242337 0.6691533004833699 -12.880623451262148 3.010908242243446 -52.706426216620336
1.0 0.31331919151538035 -0.48356507466875764 -0.4603057302017228 -16.182836094313828 -12.77692284392682 -9.97443590746645
1.0 0.09195779873010429 0.6744469458954827 0.33224015926997014 87.32330560123727 -10.256441125780817 29.957467450172498
1.0 0.4913779131481106 0.4271116148059223 -0.12318387392811224 24.11874676891014 -15.499505411682767 36.08681482042267
1.0 0.7350240378295175 -0.35717311291966336 -0.22308526924795502 19.9551550476291 -13.998846261390854 30.01821829338547
1.0 0.7856157741650591 0.006040424802992358 -0.021348626000592 -51.91624950624421 16.762015853252205 -2.175483139226281
1.0 0.7329156502232763 -0.27245521405424783 -0.3224159249821172 -13.173807381496243 -8.219545242309593 17.672515227705052
1.0 0.08267393702164083 0.14704963248333827 0.22173196029337336 51.199014967168935 5.441760424477361 16.574302544215286
1.0 0.8000599506681206 -0.1299972541150075 -0.27044726719046597 -16.562309468054266 -22.210949174311214 13.29120753403589
1.0 -0.7692988177122017 -0.12506910124807089 -0.2835353153649283 30.088062270002983 -14.265050797260178 -24.12061386893972
1.0 -0.11508262039758717 0.6630085676085248 -0.09918234162320584 -23.77768442299546 7.850831483327267 44.23102326593912
1.0 0.1253871261877743 0.5912914777233818 -0.20369242891434666 22.968347364804384 -3.9671384970308567 16.099501263615046
1.0 -0.47579287811664067 0.4004946947017047 0.2513850568155845 -17.095310909924912 -9.466023322011402 -9.611482002537677
1.0 0.20481740805285512 0.6984768355829989 0.4478178531314976 21.27096704719233 28.227937914426295 -41.652923376159485
1.0 -0.1345523266915708 0.006459630725913253 -0.24325680902599708 30.558888839137303 -10.822804029133477 -0.027164294327930976
1.0 -0.7139536584001989 -0.1943381891255149 -0.4068961270579573 27.46667846077577 -11.787653147811678 36.25025905132432
1.0 0.02505039237348851 -0.412444379095531 0.13656266676125844 7.30910885556422 -13.072887546134346 -25.51160185882387
1.0 -0.1066817066517152 0.6209801832685483 -0.5468486097789016 58.44234596386194 9.394480039190691 -35.21746376314777
1.0 -0.43351241939000973 -0.2143245548670824 0.6767081341786624 -8.414779596025012 32.65268874655889 -34.894151956675216
1.0 -0.025549554806362573 -0.5038293059485693 -0.31104020121676107 6.348903358876806 53.89404406474478 68.6103032123253
1.0 0.2067075816289624 0.13735566440698474 -0.7304630863704229 23.167734468008298 -29.90588010522599 -22.815431289465767
1.0 0.8156329647940912 0.0706869905686296 -0.19861969224858525 7.012452576488264 -75.03229790702778 -57.50194420955967
1.0 -0.569741648427503 -0.2697510720234308 0.34974028912037763 -31.1177025427906 -43.51938911028618 12.78642579135006
1.0 0.19050813380966464 0.1705779504370836 0.5107243284499908 29.32025934823023 -9.414561855799496 -5.588901478020926
1.0 0.5225383518476884 -0.4848632388522055 0.3612685017203721 7.759983487587473 44.32347425572284 -35.96121707309453
1.0 -0.6296798808289094 0.5608561209559104 -0.3386238230266592 18.569184321847164 25.25275941226524 -9.799076018103712
1.0 -0.9454812465941681 -0.2525770700514813 -0.16239281969506694 -29.499542273145096 15.287072714859919 10.464918389575727
1.0 0.8078464341471575 -0.1741847046920437 -0.424645464808748 -41.00585627418091 35.0510391427645 -6.252510468466259
1.0 0.19060156837693135 0.8117548285294203 0.28935632946522666 6.293188084716083 -21.76412143062416 37.27756243643153
1.0 0.8248352594882475 0.006145444523706527 -0.18915658169330066 3.5932869576404363 -55.748631413753714 -0.95015270039617
1.0 0.14256745935545834 0.4975333178543527 -0.4341054680575715 -28.215739243449686 -27.519625601274736 -2.0473728164307534
1.0 -0.5205053075589721 0.017620031237675672 -0.7815906121446984 -31.709731504362384 19.906453458596907 45.63921944823582
1.0 0.030899294157436415 -0.5038161323158067 -0.035627205591687146 -28.746465014709496 -11.962578937660252 40.70473672366333
1.0 0.08968405634507465 0.5421839066727266 0.5185273035770941 38.103448775245106 16.011780657556066 13.634325412890199
1.0 0.15978074105127865 -0.5424983995593287 -0.23089168310811492 11.47692290447458 -29.104640044034408 25.6867631699254
1.0 0.5404609435790708 0.7589063244332377 -0.1747419903706001 12.724979531509213 -22.50733397793998 -1.6595157767938957
1.0 -0.6494597515049744 0.4314372596825794 0.02995713023664751 -27.80450770964489 15.895063673290874 -41.139890517999554
1.0 0.24712928056064148 0.009080414823034618 0.8641441931956936 53.376656898359165 -15.171466948741722 -46.82162106895702
1.0 0.316330712325179 0.3479960738490964 -0.6712201869916632 -3.7961447600224476 -26.264072590133726 -23.80969624432972
1.0 0.2721196830877045 -0.2606552743178242 -0.7662906005530605 48.14866347341869 34.52122753592296 14.708614848933529
1.0 -0.10318924733939745 -0.2725656370155314 -0.7227956072696219 -10.321892726902806 32.658467603135165 33.48953512960669
1.0 -0.5506554933712119 -0.2038011645766481 0.364692904839002 76.9890446176599 7.311101153378961 -2.0275272076064503
1.0 0.08884022441085196 -0.2890380282655401 -0.6994029144166746 -9.751365289785197 48.286523038691435 -4.22968857046626
1.0 0.2147877079828628 0.872428707883501 0.4258546912622325 2.148564812448197 27.801569356255957 -30.82842549289267
1.0 -0.5115958366692867 0.517189243626291 0.4790552773168316 22.38581528638268 -63.59044459775832 -21.00915052266745
1.0 -0.44569828725977223 0.07987989217244491 0.030203741046117272 -25.764356299234624 -67.88170485921056 46.28636595326499
1.0 -0.5993147731844886 -0.7225304786925543 -0.06667110619452671 -34.16134108990064 50.70385272455261 12.81884948019238
1.0 -0.7165513643067742 0.16765553927695626 -0.06956250847369069 3.749190486999507 37.66705505780125 28.24270454895254
1.0 0.49389806861662433 0.17613304111880512 0.5138083146087826 34.40820063276221 35.154488686812066 44.21890658032111
1.0 0.08521520410232021 -0.16912415617370524 0.5788358950375644 -31.634030824570086 81.70741462335585 17.104010744334357
1.0 -0.020730863424162756 -0.10782609734220025 -0.7796766073510004 9.544361405832747 30.240068654919664 60.42167252301443
1.0 0.41063480281867665 -0.6892367375727386 -0.26484899540882656 17.655079685099082 72.38622947683665 14.459357147403749
1.0 0.07436950074223471 0.4697980998419658 -0.05168305169750432 28.143269260638377 -22.490805128340433 -9.898039483229425
1.0 0.4793857329813068 0.35147814002600053 0.7547756708436549 -43.18645920322148 36.97997676236433 21.54514355929797
1.0 -0.6541963289130277 0.4669219809725306 -0.5905031446367823 44.29611150145131 -6.44195258862439 66.48199622804783
1.0 -0.2537234536136453 -0.8218158725258914 -0.32432880603860564 9.726017420904356 29.79403342664498 8.00443854946813
1.0 0.060579783429217986 0.06242629644836904 0.6356597279502934 46.91804421114098 -37.430419596922256 12.05685501027765
1.0 0.13253091692924812 0.18404865606093665 -0.37790069795074566 -23.30924507750727 16.973119117861213 -12.78640450961863
1.0 -0.3563269529121055 -0.6145157018072662 0.6720528443859457 0.25372134962276033 33.006338162815396 -4.245175348074956
1.0 0.1941305335087538 0.1965472445717116 0.952652494913536 24.44563635885989 43.257750840269296 26.115268518763614
1.0 0.9354390557366054 0.0952197354576382 0.33346750489517735 -10.010599769146078 -85.96214277176003 -0.9502427503401983
1.0 0.006850790261107128 0.7019506663941749 0.6236980484960037 10.281449690674776 -8.908581144164177 -32.010379630372555
1.0 -0.5027730431804895 0.6892942611912016 0.30110450037499575 -39.45260793962452 -14.090907365118019 22.80550054354321
1.0 0.41262149689692745 -0.624202906596955 0.5826799400679 -4.435100638597809 -30.86611067672791 -10.194608997178594
1.0 0.1516606394683735 -0.48223577273307544 0.6412771223463327 -23.311977037690404 -17.66438497084174 32.87275839049325
1.0 -0.25842584437769694 0.1146741640069962 0.13122918540830036 -15.161260774469262 -63.687254628396936 -0.2214708135876821
1.0 0.35247877441174186 0.6448657092353925 0.4154986743635199 -16.943165935889493 22.250488123232586 -0.4773261893155036
1.0 -0.35856728399714627 0.5913082302914215 0.09378687378488568 25.518848241923934 -1.7558851975078262 28.9847672264498
1.0 0.697609901830745 -0.6325624735775189 -0.17225613098885467 -1.8337704400381867 -44.75137703150581 -34.83083007722482
1.0 -0.24312446842700947 0.10560123810515126 0.22135320822641338 16.485973365459717 0.27001853051220065 -9.493182945975734
1.0 -0.3684220319685614 0.05290496132657836 0.059024268285222364 -25.49495299941071 31.215775106963868 -41.72858246860112
1.0 0.4162139448572458 0.5945535125676752 0.3026820810505643 -65.22171507726252 23.38413044524911 24.644731568949393
1.0 -0.08902902552718117 0.30656028880732306 0.4898151163744689 25.941305628320066 8.285718772321223 54.43005859472477
1.0 -0.7071937696729215 0.2670931552451539 0.282266830450824 -14.59899522937777 3.152079395218966 -43.04389566954751
1.0 0.42679128858729004 0.5304785004675383 0.31486491816769263 -34.876852709889135 -12.534177700011487 9.128821162588135
1.0 -0.15509567666520443 0.08052595873642959 -0.014175663141073436 9.606285131280941 22.399555560338605 -0.22910910370800627
1.0 -0.6882838401313417 -0.35951227027817373 -0.20330548500738999 25.027216832829044 14.183950832981626 15.757943094785455
1.0 0.10041389843397572 -0.43807463303825656 0.5793635653727621 -40.334223007179254 4.892382498246896 -24.727612094478108
1.0 -0.5209448352030561 0.05156105661971729 -0.31949019450467064 15.627169408618881 -3.7096015077937436 10.801719450462452
1.0 -0.6806614218382634 0.5229597967811962 0.4234641408923092 -40.13388307866329 4.407044667393727 54.8071578616506
1.0 -0.498274235529894 0.2325456430786127 0.2711211483543059 -14.521357557900949 -65.44884677698296 -28.533407707303017
1.0 -0.6626987971003837 -0.17770320261016453 -0.0811099644363996 0.16685632185625363 -92.46071630521625 -9.12891645952875
1.0 0.26729701348145873 -0.705119648782839 0.02439635140831382 -2.1445605941152275 -17.444139925964283 -40.404114857773685
1.0 -0.4128222070591435 -0.7046824180035853 -0.10048644087128777 -5.932635812517116 -49.23212518683317 11.761184882699192
1.0 0.8224418807805435 0.38035068568636715 -0.2791469910615438 8.288234739000067 -2.8589400467261323 8.708622621611715
1.0 -0.27520061287726216 0.7807998745104795 -0.09357069630020534 -34.33947065442647 11.436642833491087 -4.904253613472002
1.0 -0.42808905112016993 0.1085513458218969 0.8817572426816797 -9.792468516168093 30.28585654504471 -6.179178352576743
1.0 0.07870873069207886 -0.23444980116066838 0.512145187084375 12.268689076936639 -6.316278509832923 7.571034234761519
1.0 0.47963910016602845 -0.7049359532042718 0.04292284101255484 14.257956394473483 -23.318029440231296 38.59832826436012
1.0 -0.5063071793742348 -0.5228856828359217 0.4605879748328739 -21.027671105260517 0.5615294690205612 -26.42764330314756
1.0 -0.5811042307749394 -0.22870609879970163 -0.4111744787943054 31.217493428505154 -77.86765329688842 40.01461334852626
1.0 0.6842516032677521 0.1487473410309135 -0.6735340355923367 -19.592924918583364 8.037429381653201 14.857199384075239
1.0 -0.3504049861523531 0.18585282273220027 0.22256789370897967 -6.645348210770357 15.951431162411858 -33.92459265960358
1.0 -0.6124006165383689 -0.3565187746109758 -0.7035463521258797 -24.670469701235294 -1.255643218711541 -20.02005893940992
1.0 -0.38550670515679725 0.18203288904242493 -0.7009248570037849 -21.597441089911907 -40.36548089827245 -24.819608801462703
1.0 0.02110511169839802 0.38518750505492355 -0.47970522839423363 50.137629868411864 0.389677506832943 -45.92508966509764
1.0 0.7398929111901125 -0.2680230801832649 0.08612046532946074 -81.25874168539134 0.08961991645440238 21.32586064689051
1.0 0.36844121500208615 -0.2870309796839181 -0.20107956617128875 -7.133877708750292 -35.11301372023757 -30.95180960820124
1.0 0.35885932695426176 0.791954021534485 0.12071977453067152 32.035683719277394 -6.230556095882607 18.689010970876417
1.0 -0.3438147333291015 0.6465507320077274 0.019619333529893562 -11.347206878094264 -38.73284112552399 -0.8435965119701206
1.0 0.28077866471696855 0.10616280792699948 0.6511538371871063 -30.09199830845068 -53.64565425856078 24.965330518738206
1.0 -0.05607550197988223 -0.46810865854606254 -0.28381402277968215 -8.005031031631141 -21.671551518372713 -2.950216906338203
1.0 -0.06777744901522638 -0.0638259048039598 0.3802855185245338 -22.339660996132352 -4.88745763120059 44.19313995933621
1.0 -0.4435986124241086 -0.4971013799349594 0.6983615835242318 -13.021987303342009 9.23148299462027 18.306044641186464
1.0 0.6028103199267512 0.021585718363261924 -0.33037012441546937 3.1182012751206063 4.073598765806896 -15.668118234133537
1.0 0.19449820039124444 -0.13393367076395346 -0.1337567070754057 15.515486771482088 45.98570131204297 27.849526005837102
1.0 -0.14061853931337964 -0.2589427702563405 -0.24340395203949022 -30.571069273540463 35.06546953968485 -21.332875958720553
1.0 0.6795663204339286 -0.31607145974154177 -0.5252842343419645 15.473332616382889 -30.443082649126914 8.491235705319532
1.0 0.08693428070131341 0.02332536932336269 0.9797953663842626 48.301952019967416 -24.342863620053052 1.3574431758723657
1.0 -0.07798696958807907 0.18649831792909644 -0.5626931678762432 -10.539026681422003 45.430337826571964 56.16141387694541
1.0 0.9097100907520486 -0.1851680837291018 -0.35487021877884967 -14.544805513845608 16.929550621402328 -2.2064147678302346
1.0 0.3222035945577285 0.3235561238558801 0.8347449624465019 2.2633892449564295 12.256981522875234 0.06182980419877722
1.0 0.5130540414937695 -0.5566229621661141 -0.18640134540395054 -13.002262897907281 16.366351133101453 32.541595653722396
1.0 0.5846555389121105 0.2649098775439839 0.48236093279398234 49.97623655080886 37.21025024647404 -22.457010279576085
1.0 0.10496526960168572 -0.5087309465497826 -0.5204172056961168 4.542815259492473 -56.18937111380966 -40.1944348600508
1.0 0.1716268389263327 0.46668829165130904 -0.14682283769981544 2.597974155544893 8.94968602175726 30.493442018744357
1.0 -0.4155083611624686 -0.03191393213396783 -0.10631619639219406 34.91173105703336 -20.764497652830276 -25.357415326799515
1.0 -0.3262758917080065 0.060877228399134994 -0.9279627303449727 -31.003764144315678 -29.5830150632858 10.243147930436747
1.0 -0.6554218290484569 -0.4112012687191235 0.1403928515348956 -41.69980754254607 34.176819515159494 -32.58427830419234
1.0 0.4308907236780761 -0.04056933415975427 -0.7200075224672355 8.784377530485736 24.874718566008568 24.004535465026997
1.0 0.3313562556397629 -0.6290259381727977 0.6295249798071597 -12.609790933897036 -2.0680809714733392 -3.1735459589264106
1.0 -0.9388686322810998 -0.052066463955674484 0.1821504803928518 18.961891131170866 -19.372866918078007 11.903221052595672
1.0 -0.15358041507545173 0.08019040110675119 -0.40375929716301256 -3.459478257099861 -34.693260217399136 9.774745001984321
1.0 0.8291469100756104 -0.3419109692202756 -0.08329536740568759 -5.9817046865872925 24.342156167586765 47.17097991179567
1.0 -0.3833695058363331 0.8308802632751622 0.3083449191426504 42.820759898278986 -9.050549307421164 71.31515909560981
1.0 0.3219855082537618 0.24281443283909496 0.3950512115920234 64.27981337037222 41.58090956637533 15.705156604760903
1.0 -0.1537332398221849 0.515423748204569 0.749989095323299 19.22678400861771 85.60830284463117 10.794071426368545
1.0 -0.34017546663340864 -0.32877018046624407 -0.8386247454316541 37.94175247062736 -0.678824645168882 36.830325326798324
1.0 -0.6277638646745786 0.14548384559893482 -0.668854527207505 -4.557316050261041 12.977703074329998 -11.491690560396655
1.0 0.20466029745187156 -0.5174615297187856 0.3023405230381876 65.14339517406465 57.98384042658271 -44.15005778988014
1.0 0.4241709314613426 0.7355822908115061 0.5263501531571596 -59.96750691182311 -0.7891840808478078 53.98571896681531
1.0 0.18208794685900445 0.12246046441600768 -0.9722301746920297 -27.30673141884199 32.961107597398566 -1.021467278110981
1.0 -0.5725287624582409 0.6969113012700779 0.12887917458819323 47.65653706908288 -31.328004005687113 24.40742655952855
1.0 -0.12324796730499465 -0.13978327690961287 0.029920138028536734 -16.80870942020966 38.47926052291963 -13.628171371905465
1.0 -0.05972643919085836 0.761626041906394 0.15848163355224446 25.251459401059247 -44.38204310101571 43.077922369235345
1.0 0.31194481755108877 0.26099587716061884 -0.059760669884935516 -14.051453431831861 -52.96237299104579 -66.7867832486318
1.0 0.9235480133436654 0.15663735021879752 0.24345191612471767 -3.9268669817489292 -16.608915671001277 23.530923167542127
1.0 -0.9050610609790486 -0.28283256586226535 -0.023761928356582182 -41.637743646023445 -94.43241114019516 -39.99442047932575
1.0 -0.6201497163276357 -0.44661612074610907 -0.5451816660189481 51.45285240929373 -7.598346582983785 27.435842741838258
1.0 0.07203610241668133 -0.3405397104968894 -0.6018734087123895 9.974206221317447 42.648264953546104 -0.8545450234073633
1.0 0.24542065095231205 0.2386719517460398 -0.10549784203608238 27.190843753997544 27.205817941381614 2.27189671597663
1.0 -0.22207366679880947 0.20085885448421903 -0.15682733279951383 22.029310045890398 18.42241515121125 42.434339431946704
1.0 -0.35504669988270654 -0.6816132016668645 -0.260422368138925 -78.29202681056005 -15.686866619992541 16.032741747191057
1.0 0.5548842845162035 0.11038035963338232 0.8192522690490586 -37.42375371240327 16.48932085237786 33.319843359896645
1.0 -0.7221564331723538 -0.16313326675947284 0.11087977493815589 47.350409404133465 -3.9108488071591028 4.799658888367717
1.0 -0.05273558017450742 -0.7359032891284919 0.43888579084355417 14.15899119536232 24.65813400198223 7.847610449997105
1.0 -0.5832994502726462 -0.5724401266373529 0.21948283825616355 3.058373904998213 -8.346477974464237 -9.88885413491385
1.0 -0.3808036252663542 -0.18068890387697517 -0.27779773687865034 13.352073937354907 -46.01710227296195 11.65086029502415
1.0 0.04201883324972536 0.3462195046004149 0.8129931393515418 54.002349651152144 14.413685994141655 -0.9648618879636525
1.0 -0.6360785938106188 -0.20768999390889803 0.23402772833058105 64.36765875879331 1.8810524136101725 3.1840171886886606
1.0 -0.06069050180854921 -0.5094466613062145 -0.5635690757597315 77.32111415183527 4.330265607921267 -46.910111559713165
1.0 -0.024577187053815144 -0.8330228570625605 -0.21299557544441863 16.692012583413447 3.9343089050550053 39.829234547286184
1.0 0.546449830609028 0.4980751232145961 0.3521991887585692 70.51496775875957 0.624856117475284 29.90713190926784
1.0 0.33466884971872585 0.4910247054133668 -0.4934698810205503 -27.82898939324323 -28.315696986216054 42.72185692516744
1.0 -0.6062248098075718 -0.027856598687071042 -0.1981898950407415 -39.69924293618047 56.630941835638374 15.120410833510961
1.0 0.5205790302979973 -0.508454028325896 -0.0624907441871606 -39.58285446516167 36.765051919680424 -24.03276638810889
1.0 0.5433087119568879 0.04761512160628513 -0.6522590059218275 26.48378159486276 25.01152415369257 -0.6375965362154143
1.0 -0.3144315840172753 -0.47740720725133273 -0.30017297918377506 -0.09464938456455459 -31.143938479567545 -34.23691913400869
1.0 -0.6215373723154407 -0.11553488888803744 0.10482442903128338 17.040545115109886 -45.65185026333771 -44.378126412067836
1.0 0.015750655526396845 -0.05956759111386084 -0.7863325453140285 -10.517912237633464 3.3989999618629474 28.40192109792997
1.0 -0.42353182641872256 -0.6558403863856853 -0.45006976496206885 -60.40280949809483 22.993974171832324 6.933597355940166
1.0 0.03299503008685409 -0.00917399797482997 0.16987248641797395 15.093061249563808 41.49973043136414 38.25846875118445
1.0 0.6233101337991265 0.09841152207269191 -0.07871562251273855 -16.809750641795375 34.797565401046214 -28.040451898321155
1.0 -0.5828233097354478 -0.05048148389620652 0.5254233513236378 16.683894358703864 -26.620719690560016 -42.063934773892896
1.0 -0.6699260354955472 -0.25185922990796583 -0.253259329020267 21.32861754665073 -18.196352370712436 8.887695425568747
1.0 -0.2687127513792733 -0.6756051253010382 0.3410977244548974 -25.176299882035934 -4.703548293976971 -33.851274348787406
1.0 -0.2374731019269736 0.7147897333668453 0.07705382025048106 -25.915558788140125 22.991785209098904 21.055375049106203
1.0 -0.022691411109714687 -0.20976251516695155 0.3257028022478656 57.201657526905926 71.13008404993273 51.03038854452471
1.0 -0.4509811849106568 -0.2453804403887803 -0.2872439099089864 -13.667466520061138 11.733833680479224 14.712562399213143
1.0 0.5180732632054731 0.32852383773799027 -0.7017979888563608 16.76807284685136 -30.333299483978255 -21.29942867509122
1.0 0.304304761973492 -0.09488339373257852 -0.6126150095073941 -31.946649209344933 21.57382903776563 7.026296831942555
1.0 0.12495374624360552 -0.03508150354456889 0.3084880820154359 60.46718074112552 15.577485223755545 -20.273026617218683
1.0 0.7197423204065139 -0.0772405803805038 0.5486901667065515 -1.919276662742511 -22.212550015210706 -63.14692495313042
1.0 0.8734216109414712 -0.02022652502045502 0.45770017960620457 3.3729566173581036 40.12136359113269 57.92842305320637
1.0 -0.5991378815134277 0.35585363503240786 -0.17234913763111886 -3.9573628385050577 -25.894355538829426 5.733099560387615
1.0 0.3720559466541551 -0.007381176888450106 -0.8786230651971919 42.08428224625542 -33.89562517826465 4.3629242179287795
1.0 -0.10581614746402965 0.2588702235724089 0.9332251871642546 0.8272862796447245 0.4542994700406715 26.549963850532475
1.0 0.3045102507168885 0.01072615320534765 0.8835472139059547 -3.235057728699258 3.3540307159858713 -29.98551419448428
1.0 -0.8696849205946092 0.19810443559569046 -0.42073874381294246 37.30676588149433 11.147035914717836 -0.6551777815258096
1.0 -0.6182935480038348 0.15801253192802658 -0.019429391110252957 46.815529094788246 23.002861422917153 -17.347610418953042
1.0 -0.47665505359823135 0.427439929828386 0.7069112758949 -1.7650101754275886 10.381556132167171 -30.797731929325035
1.0 0.04456336836972016 0.36898018691129614 -0.6217707011529188 65.70868844377905 43.17874774035402 26.8249156477638
1.0 -0.4022580995566484 -0.5191179435360402 -0.27382680355126754 37.68445279195397 19.796704304422736 -15.44289050271035
1.0 0.6798693731771229 -0.033900317532781624 0.02705977685463626 14.27116006174874 -0.15446379007462901 -11.65666946893965
1.0 -0.05492284578158665 -0.345292041735253 -0.8566520821718618 -31.34940124765301 -5.952529315567581 15.179311163446716
1.0 0.7566240649155661 -0.48882992880323245 -0.2811634398539791 46.35803604171967 22.51339022221664 34.22276894334667
1.0 0.2383805981971424 -0.7028750737906156 -0.5543418599542714 -3.3786323017323694 -37.72785741311673 -3.5102963189530163
1.0 0.19797841044054515 0.0956200380215868 -0.24889783438238156 -20.073696299822227 -3.8773615164146484 -4.7656416600876055
1.0 -0.3323638808854621 0.3366511082100838 0.2405860179102296 19.950242143121613 -23.735366206630065 -10.832774985190266
1.0 0.37918223116554906 -0.29487368053664903 -0.1661254736115316 -11.49810997645395 -31.66058190417162 14.489683945244154
1.0 0.2327127439805904 0.46549570087904857 -0.5060936595315708 -24.627167705968674 23.499748759922838 -48.30405503185756
1.0 0.01876139089335862 -0.26884125867052 0.364235703623991 -28.92717980954879 5.430454136956749 39.096982533727214
1.0 0.1565333981263417 0.09912530542864283 -0.3436800942398981 0.045360007864862786 -4.110017542195614 41.61955093891019
1.0 -0.8993480360624246 -0.0722172151564889 0.3057722798295434 -37.54435799170774 -3.949767827390874 -9.502057974348025
1.0 0.645252533067171 -0.1934057374033341 -0.027888005313670396 -5.954854895816244 -5.684592507643828 -61.04631933388026
1.0 0.33466018068775 -0.413212821943492 0.7037251244935825 -9.86346247086993 30.981142864102004 -15.907032399248317
1.0 0.12463833999574125 0.3525534565007484 0.29626096629022425 -5.476619038053553 39.34341741419896 -9.731640833605104
1.0 0.04215326098240446 -0.4105334041269483 0.32185449580504666 12.490632856785075 12.328790287304033 -34.92836808442871
1.0 -0.48671551479200215 0.028583697436051412 -0.3582190068129687 -17.37470231178103 -27.387078612671548 0.9259437674151498
1.0 0.04619488498992217 0.02625032473589641 -0.7334805073343352 10.653342446136783 42.37292425607669 11.057321254868336
1.0 -0.8771065121547156 0.28421878009382023 0.27639999235906454 -17.123357974596928 -7.422974454016413 -27.1056443488648
1.0 0.051595034053698245 -0.0675676358884726 0.1611713523459165 -21.326509942933747 -34.39275285289891 33.5998677419385
1.0 -0.5149189536755663 -0.35793934235785313 0.4172849355337552 22.881679100439026 -69.38867870516134 -17.586094025394917
1.0 0.29451215717468354 -0.5901165836801382 0.12867661358405263 37.021556685864724 -12.665155341060272 -18.68738277905818
1.0 -0.6281516998204825 -0.7002754351580759 -0.055609601155356576 2.2854257844477788 -3.886528407837103 -30.950680208863567
1.0 0.470922296693525 0.6982943814364174 -0.4654143302544963 -22.358335527140042 -15.729781157253385 40.093971753544196
1.0 0.30050260414753044 0.7434700788840014 -0.15268263751100225 -19.713382155709073 30.88263056807265 27.584319567814866
1.0 -0.7221627704375844 -0.14717074516177603 0.2785021392155056 86.45846619716576 27.69606997239608 -0.11258999860542306
1.0 -0.46875950026534374 0.14037232882434567 0.17263630690783677 27.61048838995741 -6.635981590981505 -6.720286524131718
1.0 0.1933042500657577 -0.7460045834295221 -0.2797833719838967 39.67838301415322 15.001287544799348 -9.474045630294544
1.0 0.6589054952591119 0.3815177180909185 0.04559190668172816 11.101291794502423 -56.7110635710732 -15.727751578627718
1.0 0.33216355187302454 0.591364170703806 -0.5091517018234324 8.427409721651408 -32.302916560098055 -62.57312471886762
1.0 -0.4731476407002591 0.2505722347315952 0.684096663976827 -63.88745622013239 23.017906916965924 27.52910048897569
1.0 -0.6085442674058406 0.17902131603256935 0.24732441293132107 -3.410141998460457 13.361529497853411 8.08970075146434
1.0 0.2934086244381652 -0.20863972673651449 -0.16748673720142102 16.119127074823297 11.713316824748329 1.5091125638091898
1.0 -0.2941021036495169 0.45901148456759866 -0.3195619165971488 -83.64505620599017 9.142005656395403 -43.82495632631441
1.0 0.5970437538751919 -0.6476908337451448 -0.37350129484940425 4.219321166124543 -70.01269385680065 -1.0137265113623386
1.0 -0.1402221692382618 -0.5670996752950203 -0.5740718398215564 2.5524427538924703 6.415685818808787 -11.157654509248857
1.0 0.6374229116884556 -0.26662591347004894 -0.3463551699496359 -33.57038597007127 -30.0080197684398 4.834210496748881
1.0 -0.5583823839153317 0.26242489695795973 0.6034861637371329 22.476080337932437 -17.979035106009768 -6.8383907998439035
1.0 0.7742245473547076 -0.20668822779325052 -0.40058389846469633 20.435550165290746 38.941981862955224 6.16531418823529
1.0 0.8659633365459767 0.32065705092471986 0.25348953612924446 40.38989600211505 7.394368453313609 60.529942170750715
1.0 0.41367242528239795 0.7519419077568041 -0.39125155462162425 70.94816237544731 33.30766413874605 -19.04561601264882
1.0 -0.8053053111219769 -0.1157886599381624 -0.4063092802699296 37.43143524494141 -18.547858528906527 6.487757710510307
1.0 -0.24506592591508142 0.3468604158929863 -0.38996591476438075 -0.5110318048835412 10.753214762029623 2.273186406527152
1.0 0.031466515441531534 -0.05275266802134637 0.37688866886997774 36.89567598726265 -4.327742338724398 46.06210017056709
1.0 0.42658636124258115 -0.568088517100422 0.43754125097477786 3.0674498067961147 29.331274850180396 32.8688287542409
1.0 -0.17002741751467104 -0.13197410831279419 0.7300609111545534 -13.616035791799206 -61.734754930919465 3.213568322506692
1.0 -0.4324285835000852 0.58021425716055 0.10373410412654366 -18.698841254990473 -46.0519715176764 34.43852444821663
1.0 0.48666469425261943 0.29255076827973564 -0.6348049864951554 -58.34241337744233 -44.44178924854006 19.41165272373504
1.0 0.4205575401872971 0.32890033781064504 0.7717263316097835 6.83786371785362 -18.357669429396577 -15.652660026363582
1.0 -0.34793484709749783 -0.626740670153285 -0.014430908871452099 8.890674741138492 -74.26449192555312 23.243428053265312
1.0 -0.8079335295074389 -0.20459265081769618 -0.5429308884314763 -25.9860116453904 -5.047327521887459 44.73777944162411
1.0 0.12228313180247764 -0.5112715165783772 -0.6523363763728105 -26.764801352988975 -57.24801219464988 -20.321881683486023
1.0 0.062294922010100444 -0.32171286550432854 0.6727512388264686 9.213377708009485 12.049026681948112 45.41420175433593
1.0 0.31649497984647595 0.8619562893761618 0.09313660720993565 8.370377554754915 -28.87954949656005 51.802860569549864
1.0 -0.5804075160199107 -0.5616700056259837 -0.23188649701457262 -16.30816467666209 -25.29815446263783 15.005388937508112
1.0 0.0694824305119388 -0.7580875196452164 -0.44784069327405107 -62.850879080723054 35.65831702874506 22.142999379566287
1.0 0.5002947688167613 -0.40263602683794336 -0.6215796274793273 -44.674556073577406 49.054987568030434 -14.222590332991548
1.0 -0.45397625512698103 -0.17524374923324232 0.016573494311876453 28.747373040853528 -53.2296453851579 -36.08295708615816
1.0 -0.135852620457813 -0.8702101961909953 -0.07186850652780061 28.6125007576173 -88.26671797410178 -41.88802741980292
1.0 -0.47116386936872695 -0.4186221760823004 -0.34226555257113733 -64.68799578199298 -21.82495808186393 -17.43555964099381
1.0 0.48122336684610023 0.2604045669527293 -0.3894157927317305 48.69704729814501 66.9851539511558 14.442956822824222
1.0 -0.7018743974606599 0.12641772590458586 -0.482413226117059 14.057644472359993 -14.141722565647845 -40.6845525329499
1.0 0.37610785774109073 -0.6963675446911163 -0.40164837500655987 40.439504713317596 18.32471885807352 -0.3786550628637718
1.0 -0.25671394688722565 -0.24405419713242393 0.4846761235894288 11.651384257932385 4.1696721866858075 15.105301197925039
1.0 0.04094599547384513 -0.16038855847809622 -0.46854338237541165 26.10289335293576 -0.22695527088315753 26.276222808611863
1.0 -0.6533102997113822 0.3167378224924766 0.120321685771842 -11.866445413666819 44.59887080328313 -42.473914103693275
1.0 -0.0368474998186762 0.10867832946870004 -0.2954340590722354 4.394833336982426 -26.717913916259445 14.723980809546243
1.0 -0.3465236705695537 0.3285153631199947 0.03023010446903267 -38.2129223091178 -5.945155579414539 23.10085850272399
1.0 0.9159222824712404 0.26822704944552117 0.03883218138954141 45.524833698000194 -23.57862508880172 -12.64791811888382
1.0 0.4941832014585546 -0.8190293143360395 0.1036749113841047 10.717749389166977 32.48392158605798 44.819729962297174
1.0 -0.7476037077707207 0.07948999962139196 -0.6057978076681788 -13.08309166069749 11.443550948575613 -27.814124088777444
1.0 -0.15647628683287546 -0.2256221856164854 0.045284925317227054 -9.987339160886814 -25.60900256874289 8.177486460004733
1.0 0.3088296308390511 -0.10929319925865648 0.5895542146424388 -15.34249609553061 -16.69959511975292 40.28496503475271
1.0 0.5604182720145058 0.6660304959918442 0.10423462097804145 -23.309915432398057 -3.3056481869461356 -32.208965569692616
1.0 0.08017779319217799 -0.2054074613765378 -0.18889325868166681 40.22695008827828 46.28614637238279 29.807781239451153
1.0 -0.3244500714136396 0.03279377840603755 -0.9240409569459852 -17.943680914536806 1.4825486868488102 89.56117712659476
1.0 0.5199541740295737 0.4128469762067575 -0.740846101897472 -54.147637959445625 -6.956585582955356 -4.8648489626103055
1.0 0.30754416966171044 0.4805261776107042 0.7742981638447336 -8.982355802494128 39.07464101938939 42.38311670664352
1.0 0.44327937092193237 -0.4473750774577327 0.6150089295161674 -34.95260337638655 -18.31518208071382 43.38286690643266
1.0 -0.7139370961152677 0.2231869148994178 -0.4516612267161169 -47.21075692642676 10.267171849964535 -5.1285578479157445
1.0 0.270819193863694 0.83901796227932 -0.4437740340871942 12.90026168582704 17.31610298607943 -6.932791243411067
1.0 0.2598883326558488 -0.25835219958435135 0.046554045699649306 -16.3493936220991 24.085649175843066 -4.322698379807955
1.0 -0.17080347082599492 -0.52431160345163 0.1303232538372347 41.263220583265856 25.838689023106127 -34.32936804524586
1.0 0.358118348483713 0.4182320309583851 -0.5911995711677637 64.28457265644296 -1.3137054653559963 -14.483491388401951
1.0 0.940138526793075 -0.174584294528217 0.0922285790548678 -55.02848376953615 -42.2882407212635 -70.944267609269
1.0 -0.009726943320973246 -0.9327027575769156 -0.030739978423105243 -20.557158567856792 -58.91919750893998 43.93604309611172
1.0 0.14103478455075336 -0.5288089266634468 -0.650311712593228 21.524881508570722 -41.344239338717664 29.65229835168348
1.0 0.5402595906415619 -0.056507317400541025 -0.10508454058406207 53.68242653140777 37.71416389032622 -2.1309534489022783
1.0 -0.7516472725751664 0.001544780334634398 -0.43933927691763863 -27.113121481703185 24.422798017864576 12.391784957896341
1.0 -0.38701936083010063 -0.2411815487592723 -0.30994643894762525 -4.9520723016722155 6.357765997259952 54.18440830322113
1.0 -0.07163244359127989 -0.040064977058020784 -0.6031252397710275 -9.299729308150908 33.97485897210154 24.051540483963088
1.0 0.6131496507659907 0.2312119918824446 0.17212170957740136 16.164952495059282 -6.875782366668411 -10.161054709789562
1.0 0.021081359765522514 0.5191103075323593 -0.3777066769413097 -23.19786943466236 -4.875515761783693 7.835739364424721
1.0 0.12093702122240706 0.4759230661664208 0.43160391463612335 42.660160240090924 -2.6984634540316397 -13.209768245722477
1.0 0.3198398893177839 0.5258351423651897 0.686619052616122 -1.0964761953967703 48.99494150483529 -46.77049379016647
1.0 -0.14543055029327212 0.34442164437164985 0.3654036141609074 -10.346837362317148 3.6153929168908143 26.607007340548034
1.0 0.556027685303387 -0.5778861546864626 0.08103522422719793 23.178275256980953 21.009642981007296 -20.326787739658652
1.0 0.02731556710952896 0.4182359556213366 -0.3909008733870989 -64.33770428411434 -38.32673863964384 25.790522584366787
1.0 -0.15248743409726162 0.10818061126639261 0.7588532218703653 27.265212178998656 35.40475564621535 7.6319119799156905
1.0 0.304279302995228 -0.46289839603965455 -0.6589177068433517 -25.44999594299893 -3.625514602988129 24.39332826726032
1.0 -0.18504559578530957 -0.5427296279805404 -0.17429819538670677 21.696366707336686 13.820226871969624 -6.667694254439919
1.0 -0.24866755774594568 0.6798435119899838 -0.2452051885354065 44.2658642640734 -15.870356572155561 21.66051499153979
1.0 -0.7333722818870805 0.6304956333689409 -0.045106241703813714 10.654508196223347 74.38876570521484 -92.20005082394825
1.0 0.33267504310591167 0.3217026733436483 -0.2561731986909347 64.81600616440443 -53.80959357813987 18.276724890141725
1.0 -0.5058491317438784 -0.4743745888552509 -0.3700385269060069 38.26067987624126 50.92195227813503 -12.72153875829509
1.0 0.46818420200513805 0.5665821529523204 0.28154534986545365 -35.81144100508957 57.81042855684188 -11.611911800377362
1.0 0.6619168384756753 -0.1632812209648707 0.2759689177649278 -1.7299227471033976 -34.00933430067122 -32.34210323054795
1.0 0.28256986461659256 -0.6769213119704413 0.037176511374025785 40.34175410658836 -2.8238020538179036 -37.502256632679305
1.0 -0.3730578567827787 -0.4081088422497359 -0.39240414403491836 -70.66896189648179 -22.568306179166303 -4.517695886198272
1.0 -0.35051212769692375 -0.004458149003090906 0.4428156489076961 1.9940374194968182 -30.773991631467254 4.528165136997542
1.0 0.4457241249078887 -0.35299625638375604 -0.7388519225360727 74.54136410152537 36.31900120477862 -45.44723585479944
1.0 0.3360000394220064 -0.1887976230333912 0.4549049352936678 -38.38895496511979 -39.670842016857556 -37.54434790023741
1.0 -0.446434907064275 0.40006238279483886 -0.523535127971013 -35.458117315586584 -28.89208155234458 14.358751958641802
1.0 -0.42577808694991875 -0.6436209618558875 -0.40240352749747077 25.94085031552251 28.616337427954655 67.73869758293553
1.0 -0.19482770610844685 -0.2244178386632351 0.9247841065588532 -49.44479897681656 -20.94793469378348 -68.68572705952042
1.0 -0.6931808743069308 -0.5933548306693016 -0.13632540521429778 31.63974658423417 -55.50905661246015 -53.17347992093612
1.0 -0.02764435940359985 -0.8520081488343291 -0.05950837290029421 12.385449776444993 -21.44559368784851 -19.227500158086062
1.0 -0.01793672326976361 -0.7382993977545749 0.26975990913921405 33.561563722832204 -7.841184713420383 17.772631213405813
1.0 0.6267775577834076 -0.13569403838990793 -0.42996000565483616 21.065937348646667 -6.475316625010177 33.12683128000509
1.0 0.500862915320036 0.5901253014300006 -0.42437164608352085 -3.9423036383457477 23.145981924525124 -49.73355876664602
1.0 -0.012345962821037932 0.4915331444475895 0.8222173461015068 -29.577810507357288 1.601060954678554 0.19635078749106916
1.0 0.5031555535352259 -0.3602470603133631 -0.6618472484098227 28.750769937596562 48.0434032902565 69.79830175386172
1.0 -0.1451039283683717 0.13506760421763803 -0.30785735062251696 32.6468240537726 17.031238974175007 1.4555198493072043
1.0 0.26294018501597216 -0.22855949208271184 0.16688558714292887 8.418268807610286 54.61034786029619 20.49649999713169
1.0 -0.3816794538534205 -0.12876130238230776 -0.5091685677413252 -1.1656683350347516 58.14643934402159 2.284986902802954
1.0 -0.7713121282939052 -0.03470957639110716 0.1847287342688605 2.1196616336275795 -18.986893907124067 6.846812629362661
1.0 0.05749357892295394 0.6035553236548276 0.331478074339393 6.258194327583323 42.794965475611825 0.4933893211308758
1.0 0.4578327736252837 -0.5436040598017388 1.6839349141803003e-05 -1.747918863092032 10.908398075012432 -13.04887300233393
1.0 0.8816444980834514 0.08507263299574919 0.19423198401416544 -44.0622435742244 17.406624353151788 0.33263001029633016
1.0 0.11049868816278552 -0.8657366118750618 0.17803504525803487 -49.78564899432444 42.69464067107633 1.1654952489629173
1.0 -0.2392778429529888 0.6530006493677958 -0.30264666475731816 30.9397172201117 46.11709190286981 -2.7031901582988622
1.0 0.07238099242171296 -0.39845549447098816 -0.4746060077181082 -18.23928116874638 18.69208290991468 12.514892645395534
1.0 -0.5993154561637734 -0.08268568890994253 0.3512261856919931 30.788523482988122 -6.733689757387189 -30.09988223724545
1.0 0.5130881298621606 0.3958118904087933 0.06349961148376886 1.665467871955932 49.202412686659 -20.213226719798882
1.0 0.0025305471110031643 0.6785734224940058 0.12406025540382133 11.681681128798079 -36.373630201157006 -31.674576166999387
1.0 0.07508093630661772 -0.2880195640749647 0.31420350037411154 63.98598905151277 18.161927963252484 4.00392795369813
1.0 -0.23174080509008488 0.15436608764522175 0.16595746178139645 45.52018184136136 24.426016234281658 -0.5438052284944551
1.0 -0.6272288601160837 0.12955584038616433 0.6040188033618487 2.707192485422288 19.93152134712364 67.59535841826414
1.0 -0.007032675200495564 -0.8297875752309368 -0.14656235012063873 7.239786500762396 -8.988988647300388 30.660587772980538
1.0 -0.4947297928627039 -0.3741630693038751 -0.45490425918434524 -18.93862273376925 -26.652477766515737 49.1864093273887
1.0 -0.36266422267189374 0.7284533260431885 -0.4375787745609956 11.37084820823557 18.491374988230724 -11.201911262760953
1.0 0.8245529803138603 0.1606520889334421 0.40772492453805825 -25.957523253525615 -20.525180599924123 28.99422291017749
1.0 -0.5450578431812316 0.3149409584067429 -0.08218265447837315 12.115172570244775 -52.44045498149572 16.485876059312755
1.0 -0.4241774220720687 0.6046074027477396 0.1567265356314374 5.079285396177176 27.398319344737466 -39.60525702240265
1.0 -0.48887855397229635 -0.41698929443758936 -0.2873190109942035 -13.333471833210716 -10.752026268211864 -13.171708760120815
1.0 0.47945547091456153 0.5691155820905731 -0.3704464468361206 -50.798833652665486 51.90323336723835 -67.93270429537077
1.0 0.1346865550904891 -0.4119342112346016 0.5570773914682761 -23.362861205663396 -66.93190166010956 -1.6573374430988261
1.0 -0.5085878822902673 0.49664803891699494 -0.2653292370380485 -0.024317010199543753 -0.9826666234614876 49.99271130483865
1.0 0.6555438914858275 -0.025350182693422207 0.09878039308547848 -96.77219522142694 42.12865056293367 -9.756383612912453
1.0 -0.46575013928697145 -0.36251801772724873 0.4421480142513034 -11.569569687343947 17.049467237286795 -56.830263364259494
1.0 -0.3281527860260641 -0.3661527927548791 0.12674194253739848 30.747179306666773 -3.022870806871613 9.06978267617109
1.0 -0.4040474905457129 0.7338705378415991 0.23653502621592232 -32.32775302046251 21.045352438487388 -9.893452795691061
1.0 -0.1484064089789825 0.590932069134911 -0.7393327731015181 25.61243931951422 2.095159319597566 7.54713347597899
1.0 0.6834453963874426 -0.6484802631093352 0.29107954056056545 -4.333495190868598 33.424933319392295 28.359792067032764
1.0 -0.16767600438840657 0.3644686962892536 -0.4681275028290565 -11.822663573465505 -8.711541506151471 -58.73571000025806
1.0 -0.3722292190644276 0.2307803613993145 0.8970193023429837 -12.771442745614179 -12.536855827479465 -12.241387469370677
1.0 -0.9325080646131064 0.3119603494860908 0.08292630855018424 -2.4363292580338007 42.156420128824614 -20.74593180800908
1.0 0.04119019617381451 0.5675522285715202 0.6589302982364367 -10.469154248287019 -28.20487426356132 -3.6351261522139335
1.0 0.8912009508657616 0.01029774733557782 -0.2598726234718429 -17.55995660369358 22.586126672078915 37.06423480138813
1.0 0.19157485147560924 0.43374813317298944 -0.44710044398264986 70.50849037033589 27.99789971181283 8.720600677760466
1.0 -0.1722679660028235 0.2826777160597917 -0.11080928708075756 -9.593763979196764 40.71096895913364 -29.929830658414243
1.0 -0.26492130419188975 -0.5260316297279466 -0.8065976147389736 -8.98491509874621 15.365928948996014 1.369097569272888
1.0 -0.03698145900793167 0.16672423738735534 0.11092293671341279 19.173402323602964 7.485547106591596 -0.8496640899497939
1.0 -0.24286908912520458 0.5029003764063014 -0.11535239730748652 -7.756916838949636 -0.6920249461318676 -77.0953503200445
1.0 -0.1043149021258109 0.4051618837166036 -0.7414800904789857 -49.50035467584457 0.734101876055168 13.98674186293289
1.0 0.11936916772485615 -0.24165010527452385 -0.10708963458621497 -46.6332304993449 -28.03294207016896 -22.811527333851014
1.0 0.7354973136437776 -0.3434165540769048 0.3242927679574938 -12.79466486122775 -6.0776491806938155 -30.15582279698031
1.0 0.23352121976398604 0.41767243181261376 0.12245135737647228 20.634321112925683 -32.72113821244455 -66.51141001222548
1.0 0.633149574308873 0.052711391253691973 0.5529101739288169 -14.225093669652859 8.771447186720648 14.651474132456839
1.0 -0.021846295702648916 -0.9087549932122257 -0.38219001958166754 -1.064084748699731 14.31212156120486 39.85293710433302
1.0 -0.06564427816875451 0.38843341848441193 -0.45098256474324383 -23.8974167383043 46.173814216151534 -10.962767271744127
1.0 -0.3911057137374058 -0.360110187057225 -0.02660865264278917 -52.650826337770575 -1.9179911060436283 -4.678015883427944
1.0 0.5717299046633023 0.6656585568608498 0.017689898468658385 -2.689593369339018 6.490418420760224 31.48391178359177
1.0 0.5424889487563921 -0.07683055007001892 0.36643796614697594 -12.50758161525877 -22.36386909767869 35.41169209732138
1.0 0.6967658157291446 -0.6753987511223938 -0.09917212973487376 18.423451238277202 -16.57941825166482 -49.24593587520073
1.0 0.5388554910189745 -0.20588685342417856 0.16026527015476358 -19.727639571467726 -30.64730687045579 -36.88640083780876
1.0 -0.8006536254231055 -0.36893286597929265 0.3615464068639562 -17.30027280097776 -17.734754051447933 17.684497923709774
1.0 -0.6562319279884723 -0.4379501974726492 -0.19470313950367596 22.671538678592974 -14.879373160142395 52.45847377305494
1.0 0.5046660758803656 -0.6879707538088209 -0.08172658072720876 -1.3249637464063317 32.095991574840845 -23.792717773203936
1.0 0.7285563196841986 -0.45683481339270726 0.15162755210355106 66.3090015394918 -24.1211473070964 17.432672336709636
1.0 -0.4385599409137214 0.6431528071316875 0.3392188115538478 16.57293142006417 27.577125335278534 25.373894154346416
1.0 0.06042036540617779 -0.841467344028701 -0.2714013203589232 -58.09817611124353 -48.201656176375955 7.214708685361978
1.0 0.09755615079378693 0.004908470411212223 0.7875813399279754 -24.079838770882912 60.30813788865683 3.254592632932326
1.0 -0.27504323272836684 0.0010708530266645645 -0.0649676400328311 13.171432030168022 -23.139674032082763 -72.67271907098295
1.0 -0.46148860983330664 -0.5485792028574298 0.229146230264295 -48.55091467794845 10.249880991176342 53.855752266688704
1.0 -0.3595655581349266 0.11861259571335042 0.1887936227445507 16.80464570510833 -1.0919244665753682 -26.59950119854529
1.0 -0.5992664373629973 0.00868922304740615 -0.010792045928853732 -36.04413266020727 31.834439813177227 -30.723019905566417
1.0 -0.519769418444163 -0.651510496614964 0.14549513381884907 -56.65374014119001 -7.9133988206828985 5.5410663577112755
1.0 -0.3706196127635897 -0.32825364271355123 0.49586104230011646 -1.216490024059127 10.361371345793382 30.903827795211622
1.0 0.743469591411401 0.08106594999759134 0.35136649480366244 -25.865477445029768 -0.4464785849493396 58.80179855159743
1.0 -0.03314393549678499 0.1861603934156038 -0.002397908392237573 21.088500911954558 102.12323592862435 -40.76711431966027
1.0 0.5022810515577266 0.745339454252248 0.09343317996822442 -42.87041151473129 -33.13204144405959 -22.470140975458378
1.0 -0.041730703556558335 -0.6643345443112364 0.3913366461560959 -14.825201309166095 23.398490863038845 -65.41180882568777
1.0 0.027386217274763775 0.39677585948886646 -0.8900770597447812 -4.360212539963833 55.177029576538104 -4.735160884621508
1.0 -0.07429665556689966 0.0351244479921944 -0.8676264684928869 -37.03514715797202 15.580019799947356 37.69043776839199
1.0 -0.033694967386528836 0.5636756340102775 -0.7762227616002463 -16.136410550016986 -24.149671680181324 5.163297406883914
1.0 -0.5412905430481968 0.10450496852272259 0.6063157657969928 -24.658879240025815 -42.12811302600492 18.996855460457397
1.0 0.06821410570881971 -0.7007334978580431 0.25238190204289884 12.578772331064426 -15.941706364716712 33.22188494603253
1.0 0.10136642529926727 0.4369013737673223 -0.6484630471995709 -19.989981004122065 -23.85560540987321 7.6168491117771335
1.0 -0.2722902955145954 -0.3423019442870432 -0.6564346397161587 -8.862669908646406 -26.457601428135042 76.78313983793453
1.0 -0.06212385991258026 -0.6520890686050091 0.27232697353664537 9.85109906851099 -26.728136036466555 -22.70880994208164
1.0 -0.3341773203700789 -0.3827850755275454 -0.7984509055367167 11.05346872419056 25.84422281592455 5.454497823149665
1.0 -0.11379807401060445 -0.06474839124357375 -0.6229339397773085 5.126931543608349 8.13101259711751 26.049224282308327
1.0 0.8549669670968597 -0.12393635044696878 0.1718910777926507 -27.34535840198043 -20.98949418027436 -34.22309233563364
1.0 -0.3458006051084432 -0.23990794307551924 0.7474377209943165 41.366763370045796 11.963658116954841 17.08766417521708
1.0 -0.21310652621814444 0.09819803146153455 0.0024968856951930293 15.038957586613874 -41.52633821270226 2.3943373843928706
1.0 -0.44300422513403503 0.7500413646318738 0.322090801190531 6.119402393629741 15.423958682662828 -57.90386622633347
1.0 -0.3429753153868878 0.3710241460389328 0.5117472928945572 31.33947995126075 -78.76286243909692 9.813022651077203
1.0 -0.4903846813146276 -0.14087852328298492 0.08760468196886852 -25.29507980064508 15.944666161293323 -41.49622156827282
1.0 0.47031829763101757 0.2824647809875404 -0.09848943484300467 -5.314225349717166 -12.220105405909178 17.8045463984222
1.0 0.9164667006134077 0.0020242173523325716 -0.30132085702340317 -25.137991428438863 22.51372372976352 -6.171720232474845
1.0 -0.16704876445663108 -0.08731388463553906 -0.8039810436885925 11.466356707860086 -53.21126488315977 4.253133610593022
1.0 -0.5238372619085814 0.3160541115067018 -0.7668726227956971 74.42250510096486 -10.71076987252542 -62.34943364421187
1.0 -0.520985347400692 0.1492474423710725 0.7780631458734617 -22.837649148875254 18.994869925606125 17.69824268355428
1.0 -0.27574544784356303 0.5712352134482482 -0.281152377270315 20.8611606310118 -70.22825851627478 24.203524760382244
1.0 -0.6603568774731909 0.13506848386636067 0.5914434809195257 7.554376090176569 -38.67348850963748 6.593617983659897
1.0 -0.24924015149215475 -0.8328003679924608 0.194734918660358 -20.034540630407786 -20.674570468203232 -18.029806061417098
1.0 0.608944167229555 0.34515154786428925 0.560622750342759 2.5813537796943784 -35.48129563792211 -30.307495556449084
1.0 0.49190620163681464 -0.4707234174730233 0.05222029341243915 -31.8685095727696 34.00755913367059 26.87021897585282
1.0 -0.6865629869849695 -0.0719890590798745 0.1862416601292232 -24.17811326442341 31.71905609925596 53.23560962959927
1.0 0.11948196050922481 0.7816747325602414 -0.42226897202553315 -15.120188804175406 6.047203062790618 7.810211017596419
1.0 -0.22695909078617746 -0.3972655644474836 0.41062885029532104 -8.67752548518511 54.32475502323603 -21.447236956299673
1.0 0.5689203876830663 -0.510929183290686 -0.1912031586170843 -5.008861543846188 8.83097126017792 19.556979127101354
1.0 -0.5489656528887533 -0.8018938881322109 -0.2181202872383416 6.9108205993557865 9.945831970810492 26.008711294457104
1.0 0.49173723687032733 0.03724116408035417 0.32202925726217957 -75.83721266885536 -18.839501845227694 8.405072808670857
1.0 -0.8268984764549226 0.18878282253244105 0.11337903039620395 12.431953254061508 -21.335829173453465 25.13955797541303
1.0 0.5995762646099558 -0.4820618876710456 0.18843410175711475 -47.135461996353904 -13.564455050505131 -69.76789834994877
1.0 -0.5229851561714715 -0.08933922529017149 0.7813914306826073 9.84060374541773 -24.497192404763357 53.51758099956677
1.0 0.671452888625093 -0.23056659012574393 0.6915224451055041 2.674576696359534 -62.29160184367044 -16.357749533528317
1.0 -0.2734990763834019 -0.09812313162267701 0.459520833570988 -3.2110383715836077 -36.16343364054245 -25.731357841133327
1.0 0.5628365660707304 -0.256596253454775 -0.1499129291991639 17.79720817084681 -32.09639986543037 1.1886574489371344
1.0 -0.6533846291695344 0.4160217225135064 0.3248094453615362 9.767475737457488 3.742546766156234 57.087800774281355
1.0 0.3067444511708008 -0.6931588346261449 0.4293953457325867 7.2448046861609 34.598877592824465 -25.119788336592208
1.0 0.6440604803596605 -0.22727339210017528 -0.015447139621245876 22.369643329707507 15.515903970609266 -4.845235745304512
1.0 0.34082838298218204 0.04755147703937516 -0.3764072736020668 9.34961700373775 41.736675702786314 -9.382088137311449
1.0 0.7320887279270855 -0.21459439410199832 0.31410017224067643 -51.24891491690052 -8.888952340917692 22.169962691786044
1.0 0.7128286738651798 -0.6284344637175274 -0.08940199682159755 14.379100284702737 -29.94757802197657 -15.638641161900905
1.0 0.2909093018361227 0.4957278648733633 0.7670834214114979 -67.52373870040122 -40.17846585915261 -26.675199715542355
1.0 0.161695967746764 -0.6306552752028685 0.36373955977920974 8.46359367607777 4.575089256360385 -63.695589570339024
1.0 0.2949576838917009 -0.27545572525890905 -0.5819364772086583 -62.50285069016629 64.95846957800335 18.091735181546024
1.0 0.1795775407002152 -0.3232515883319641 -0.19418373231051075 9.576729654555326 42.95385859429735 -55.16889156400874
1.0 0.7241484919217547 -0.3503761452852073 0.05917736100936786 46.55201221083192 -55.04370418829266 15.604869868877488
1.0 0.7083401249618841 -0.037709891492469345 0.48257018884629355 6.152570430900081 47.30364744873431 -5.388030260059438
1.0 -0.06485406859512104 -0.26839366668737774 0.47213614902028767 39.336943830304534 -49.85777469485352 6.409949176783544
1.0 0.08726794729294796 0.09177214251459757 -0.985527255431302 -4.6804069179287735 -35.35504114951034 -18.666810516494078
1.0 -0.03729011340133804 0.6832352439127152 0.33973254143413595 24.34737461240363 28.15383989746523 -45.545172540997385
1.0 -0.19445598835421068 0.22345470559286337 -0.760734364864652 -6.527505821823042 -10.434186020091945 -17.508481344897085
1.0 -0.5363524625130771 -0.37824507354533876 0.6316404353778984 26.944176802140348 -5.858223545986318 40.24528519360733
1.0 0.11979132236130413 0.49150934942548874 -0.029702074220070752 -5.44391041395919 50.04431264605085 -29.428424032928845
1.0 -0.21957249439437176 -0.7444332336958054 0.42927331759618276 7.996424046749254 -72.71127196657064 69.72095934395317
1.0 0.8794018351052654 0.17720869029158326 0.35969632942698376 4.788513193075291 -21.147050663474065 5.355538918364974
1.0 -0.32544093116900885 -0.1701283393981596 0.8692006551436541 -71.62156920220724 -14.208930690809375 36.16145848247196
1.0 0.770294297785593 -0.34761982530718444 0.18551949818975225 -18.096372581847564 26.296094945679418 -24.586128098924732
1.0 -0.5594108799564055 -0.04631921102975989 0.8209704749316891 21.775948511096548 -85.01376538615732 -47.175961664926625
1.0 0.48297432366657406 -0.060913137385481424 0.10572894581949864 40.497211028909426 -1.5679026452721392 -12.510703625813312
1.0 0.7182387223950676 0.4703178442346974 0.3642513457268523 7.017852826984225 1.16624621997833 -21.41140887951811
1.0 0.5130649968743675 -0.4672125076328485 -0.5758303258734897 -25.188249160579563 53.61263456815016 77.30459827470865
1.0 -0.5748410554187464 -0.2038639240095481 -0.37377320578227313 -33.85011551425907 51.77195705809881 -12.650078855508374
1.0 0.4096762389176834 -0.05656022154869638 0.44103797504164016 -49.99308582852067 -17.73814657815776 -29.4778147406021
1.0 -0.7327496256067783 0.39239872444087065 -0.2117108640244596 -57.352636210411795 42.47989408525409 32.52277906728492
1.0 -0.06334562221290342 -0.4670365075508948 0.8480686854435159 12.169580391609514 61.96982464136658 -63.43560038271323
1.0 -0.15832033351743832 0.48099275288894977 0.15328533549135775 9.788369307636302 29.017812641472567 5.4341486961507455
1.0 0.7070344677949639 -0.3343887924019536 0.1880680088061216 -35.62361812478944 23.997508578052912 -30.157204572118136
1.0 0.17912102296069637 -0.181729231915556 -0.5215039647269487 -4.912367323619317 -41.5600256475368 -18.495550983314118
1.0 0.7117739709572208 0.42762805913210644 -0.35274311289888005 51.432966078308894 45.54691856774828 44.919577065897485
1.0 0.004625558495031757 0.3524188685707778 -0.7611146243498221 -1.567524852227709 30.508397314390567 -7.0112790820236786
1.0 -0.4129855800141238 -0.7511744608921559 -0.04377625499415803 42.27095625682083 -11.478260112108284 12.057504451312184
1.0 -0.8475801343163525 0.1310127611447705 0.20211386805431983 -35.216687587069956 4.674151871601521 -25.60392254258528
1.0 -0.7656886495549043 -0.30709109195354434 0.4804049885082964 31.748619859504817 -20.543937035809783 -22.171620389329146
1.0 0.3525082760104421 0.13664787112741286 0.1092864322319087 -27.661902146830876 -31.436419907713542 -35.9541363720164
1.0 0.29775680716986413 0.7495047467697625 0.5141293268797177 32.36273128106878 8.937272920167153 4.577192935792952
1.0 -0.4459166948842781 -0.41063028449084304 -0.2022992927939846 -6.563689802984348 -19.459955156628773 -5.7370041116421016
1.0 0.40492539278556233 0.453124877744454 0.7918778980031909 -43.98369985465319 -0.6903078925775891 36.191082746995235
1.0 0.3073223132775045 -0.29489964857955037 0.8915860847974895 62.195005401849286 16.18163776727455 6.729716917013245
1.0 -0.24803666522354315 0.3309074571729488 -0.7636904565645748 -12.12303183735329 -40.850610223563535 27.22443600226904
1.0 0.09485221114528418 0.2312571192530567 0.29466667881710923 8.228306038291713 -16.63181683540399 -45.00235604481456
1.0 0.458392786048578 0.3955653520866445 -0.7464006826334623 -71.04281343351256 31.42025922569979 29.93793082130469
1.0 -0.6884589057653212 0.5297639640739796 -0.029644763337370785 -25.559467735746914 0.4219240245099925 18.24321546403839
1.0 -0.009863512796425075 0.3184206352558856 -0.685411325123593 -9.116268766405616 16.003534160703545 -11.092982345489755
1.0 0.8665348184144224 0.3416598418686252 -0.16070064344134255 -65.43006600460436 3.654964666332853 14.272193100711322
1.0 -0.0126879509980292 0.8081894847113613 -0.055813458027648255 41.59756785052314 -44.813315539029205 -15.74201475875725
1.0 -0.09784896851256035 0.23795340658875064 -0.4929537146731606 25.484671620600206 5.736953575605171 37.789374251283185
1.0 0.7611561434215475 0.08349868841446274 0.5882865486666892 -44.643437149438014 -61.009771460804984 -5.503434915169215
1.0 0.0917755614423667 -0.7091980793545969 -0.21767176210352757 -12.324607962819009 1.9742370426283118 -22.737279622681065
1.0 -0.8454461949419844 -0.03775651336485102 -0.036595098894804556 -21.670308196546703 -1.5385367077301542 -45.146273894122004
1.0 -0.7219284838560311 -0.36622028234573234 -0.015739598102881888 17.725505258265677 -50.1934883134463 -36.65202887031274
1.0 -0.45114501491762765 -0.32586774407895 -0.2955111044385842 14.485080886221311 21.509998881067222 4.678309906471272
1.0 -0.8981170297660952 -0.165580722930694 0.3011602182417536 23.56045577498011 -53.98262478339189 -43.402601516594615
1.0 -0.018945921751868256 0.11926426949065162 -0.24275864867479757 -28.99530364237412 56.294583790866234 10.948447642720359
1.0 0.5535722052427449 -0.14033821379765876 0.7618174475663042 -21.161048590891532 -58.735980210980436 26.94472630586282
1.0 -0.4442623413626079 0.3815671793368197 0.1203209306760463 37.24263170828571 -4.439777133191584 -31.927373448406055
1.0 -0.45848744164902394 -0.20696347851056282 0.7887438513344219 -50.70282403288359 -46.93695005088267 1.7146006870310708
1.0 -0.7693924316103771 -0.4226933999118173 -0.2586640321728436 -12.597110157620744 -10.049667763074872 60.43152832218852
1.0 -0.0428409043012737 0.6043954737392456 -0.6015494267230624 -41.429512988032045 27.369617394894394 6.921456108823832
1.0 -0.16983085520718927 -0.40606373569076754 0.40725849181533996 7.814710324307296 -23.3293142622567 30.833122646173454
1.0 0.13752469055771385 0.05753440997670301 -0.004194768411049715 61.27822871772597 -0.6446944729496095 3.8256127319736173
1.0 0.6046029187550814 -0.4703615915233446 -0.2698013647419705 -0.027053571540328936 -9.436687402323235 45.46349058698927
1.0 0.06759045290161488 -0.9645675989390444 0.02087844480771146 33.477932453108615 -31.48621567453773 -53.69303649012405
1.0 -0.1960099598688292 -0.3258572928952848 -0.740204979422899 -41.29779765400245 -22.135636370805372 6.149950813814744
1.0 -0.01068338141441627 0.3942414828979073 0.170971762558937 16.08537277744996 12.209283419303354 -33.36798387265721
1.0 -0.791830281282388 0.07343476083390467 0.600707169736666 -19.78712075653468 7.2403983539621715 -11.000040900122489
1.0 -0.29909590985408585 0.8032249729449592 0.30433976218610304 26.869807638630945 -40.11071698515038 -19.147703368256863
1.0 0.025242140526167963 -0.9145905509118961 0.32435311696055996 -24.334247468523618 55.31515610685986 33.85787064329125
1.0 -0.5844495506168996 -0.38368004516275545 0.529096014951954 -3.8160905796882716 -40.073694194743624 36.541566836271286
1.0 0.5137839351167918 0.6430548956045271 -0.18462003061631924 -19.489363783230875 -5.956844061060924 -72.27040446224585
1.0 0.36780285102015303 0.8198626007211345 -0.3486153069483081 -2.684761515753987 -68.42545887870634 -17.04579933623146
1.0 -0.29120131908918256 -0.3379392416222551 -0.7973796452013744 -8.782292298176582 -58.89730598130631 8.858106757130646
1.0 0.38567961965833475 -0.7747980346746561 -0.2294469967948614 6.786435325435839 12.059444207018398 -43.07966241252071
1.0 0.6322609457662547 -0.24550451016175917 -0.3446527765870093 -12.481342268190437 47.89152457844533 -73.7926686481242
1.0 0.32784234982015353 0.07282545440596941 -0.7398815048909311 -5.064718030939567 -24.192403255729197 20.321015230730897
1.0 -0.30919540820530617 -0.16977221840563267 -0.43365909225713256 47.677292709612 29.28846009000404 -29.361485120800708
1.0 -0.0444824208112738 -0.5356770158561467 -0.6528343938726701 -17.069630400962634 61.70754134515706 -4.0039761489299375
1.0 -0.3204642893897375 0.2583093590270838 0.05696460332297236 -24.234730984420946 -42.912981397064904 19.999592958368435
1.0 -0.18487132159820702 -0.28181393615395267 0.6568542353161863 -58.781081943622844 -19.16890578827049 -47.219160418947865
1.0 -0.5986183436031423 -0.6136721102081141 -0.182912341312162 -63.53786840527094 12.144275299041077 2.780146650316592
1.0 -0.8651424369803697 -0.01040354276158072 0.14506741653661584 -0.13830182027352794 -51.68331905362451 -2.4391443832107336
1.0 -0.6100181874976406 -0.690694406388849 0.14648130192442835 51.254324664546054 -12.513398315515825 -47.82947401320972
1.0 0.4234057547331654 0.6278992026287802 0.24259241327109307 20.809907028256315 -72.19148970964065 -26.736874182145087
1.0 0.5491941173217566 -0.2331670302310862 0.7780486634221188 -19.691276309029636 -47.02861894433682 -27.682598768281675
1.0 0.2072545005793741 -0.7281363553105976 -0.21732797035657003 -13.085665542139754 0.7200954718667378 -53.07335666640502
1.0 0.7570182669310201 0.4089437365565988 -0.18258420584773452 -40.98572020522326 -85.19242494310915 28.23406086781429
1.0 0.10975820344498716 -0.2004751829609516 0.29976837389898175 -45.364152491241114 -21.49935955226595 -27.216034258290293
1.0 -0.5220248930068887 0.7752477904590723 0.2397313224882565 -24.368290574141987 48.80526270909632 42.21475193377156
1.0 -0.09456624981969546 -0.6808189998086209 -0.7064987981532064 -37.389133368571414 -41.493438367012146 25.397155067704947
1.0 -0.020041208604314294 0.23736340158943264 -0.31793305091776053 25.40541693613647 21.612656104075317 66.6494856119224
1.0 0.1893367857507816 -0.5323039997477643 -0.5459270997391581 8.984105139287067 -23.22740904449361 13.182571830290152
1.0 -0.3083622972644951 0.35684000898473195 0.26830311631769566 -5.402192529911512 -59.04129939655986 -43.138851896026374
1.0 -0.7102334785026714 -0.6443117232491533 -0.22035193115682225 3.876324585367015 40.499567206428736 41.893399999579884
1.0 0.38654841381873845 0.11937367586333797 0.42745988567738746 2.2374576586117514 -14.450709398712831 -6.867743327417981
1.0 -0.2627618589933343 -0.3898054167220124 0.09531113439941087 23.541533573986335 -29.264558459994536 6.586986159112039
1.0 0.0802742476570494 0.4400046215200996 0.6237101324076668 -5.739651389972752 -4.2157133928871 45.440366378894645
1.0 -0.1084692745634212 0.7431300841359567 -0.5704566055263455 -23.05323385555015 1.659936467684923 23.107547501524735
1.0 -0.13894939341436507 -0.6778490597934462 -0.0007506241458630021 41.39001434667442 72.80413464201347 -34.4228586004521
1.0 0.7439287771696511 -0.22990292248929606 0.4130871490405757 -5.359873526314701 -24.51925552864 -52.595748803739426
1.0 0.5653412706523574 -0.6982233916493075 0.35727534319986787 -66.76914155648919 -21.17208546496201 28.338196833579204
1.0 0.6241463415792221 0.5909303994270702 0.3917816949613908 9.436041442550405 -9.273291164961812 -7.083860818880512
1.0 -0.7752037954661382 0.3134385969967826 0.30253327396555635 8.498801237420171 -24.573541682925757 -0.19675107017210933
1.0 -0.7248329046053635 0.020667145335861888 0.6748969729002844 50.80547098955678 47.33693158655291 -11.136510129350398
1.0 -0.16564657235903307 0.3015453477352793 -0.5752296505841465 14.355359695549028 50.34582348812664 -11.395260804119669
1.0 0.4540003957165361 -0.3705484213006923 0.39935737099266017 77.18339104523879 10.098637977955747 -25.745339908925647
1.0 -0.5866158283034444 0.038673752716108574 -0.004314713087420559 -38.41682945791189 11.471332953115517 -39.860462465239685
1.0 -0.2697341992447288 -0.6899937846224401 0.28636637922369784 -1.6523521921533981 -32.2403242372274 38.40673728270607
1.0 -0.4243126648806072 -0.40426604895018625 0.6654631010212547 55.35928153668178 -3.4033701792086597 25.211122140943193
1.0 0.12424413224500654 -0.7968489464649048 0.03907740329739788 30.34899376113854 -11.613154105681888 -12.174236330419744
1.0 -0.42422442758214834 -0.8184995148316855 0.06567316510924025 7.438444695896961 17.047049497219504 -0.9790800455915165
1.0 0.8730482566152233 -0.16475471198165226 0.2536299855113043 24.958140803317633 37.16852099318609 28.840148856751668
1.0 -0.8526732145627021 -0.19426733291520135 0.046769324243943214 -81.90509415878391 -7.612501151930195 6.673241557146018
1.0 -0.06370272936959018 -0.07673116667737977 -0.5376807341173734 -12.092148955171764 -31.82176462080398 -16.889606705266978
1.0 -0.1841595710660359 -0.5769473565512093 0.762225672414446 39.58340206561985 10.351239671702757 -0.9115515849790143
1.0 -0.13163061613313 -0.6586328435446064 0.007092894729900766 -21.215011532542675 20.869778401437358 -64.51749414064663
1.0 0.7199625533550561 -0.34103123027354454 0.18711300224005048 -50.39300504816501 -10.03575934698345 28.62671601889317
1.0 -0.036365419480287854 -0.34400211678361553 0.8018557343098821 16.03797542266777 2.7599915705047824 35.95462258502623
1.0 0.8446891521366044 -0.005402783426517262 -0.04277111061811858 -20.589471726782406 35.4795232972629 -28.913084162279933
1.0 0.24447582267257156 0.017622139083526996 -0.04977809014796744 -28.763683141615434 48.98467286071057 27.67594556881948
1.0 0.1506941358131587 0.5374531867158149 0.4986150087813234 30.510715010346132 -30.323487881736035 21.17451230525234
1.0 -0.7434636576376312 0.4059982850724981 -0.4465448512465093 46.370460880515196 13.868590867968631 42.7353766375553
1.0 0.6569537008813651 -0.18123065935035385 0.32566389178161675 3.376543021022285 44.46942578836145 1.1358268487413843
1.0 -0.1402414909530861 0.043861326042380015 0.7818456379109697 -10.628698843146314 23.26739539382591 9.107764797112521
1.0 -0.4842721932939568 -0.4160467823131794 -0.22453517015099972 -51.93828054287496 -3.28842189932682 -0.14417505506442246
1.0 -0.4591735051770522 0.2796632412256852 -0.4712149691214508 41.819444834005076 7.0384403383908145 6.62877959999131
1.0 -0.36969962840007503 -0.6575632152713525 -0.09325899612963222 47.19556459480151 1.3149131999736725 -6.847405906480814
1.0 -0.7049862389487012 -0.01717947656796622 0.320577076652936 -6.183259572006508 11.27450922765762 -8.697689008229853
1.0 0.6192092770654986 0.09490085432683716 -0.37146492647970025 -42.46281608079626 14.034951103249195 -70.37300149174405
1.0 0.17434867034575532 -0.46127456696212454 -0.20148305225896382 -1.3681109551718473 -2.3714959481889815 28.927848271115007
1.0 -0.7076210557174109 -0.49830721963495433 0.033906936779712016 -40.332690693787235 -14.016133948877332 33.756211480502934
1.0 0.291482105052276 0.082011998476787 -0.8804845753869958 -4.705891217696451 1.9797345275180684 20.804941503375932
1.0 0.2647653438179843 -0.42929848887684574 0.36516230953343093 54.61576868370161 -10.613205757576038 -14.336739719270504
1.0 -0.7644154604532589 0.12300354572092599 0.02127559633931905 8.125211446708155 -43.120485036631486 -37.61988344233143
1.0 -0.05886897031733107 -0.2048738259202851 -0.42321111510735143 -8.857737411029 35.67568737849908 19.315096349063378
1.0 -0.4835287798121336 -0.2641066439375874 0.7447995187322582 -19.311588811018023 -26.043923787711847 14.953949651346823
1.0 0.26578472658331426 -0.35680187198286595 -0.6518589010160993 17.193602956222612 -71.29677985292888 36.72060438398535
1.0 -0.35487501779026653 0.05175622635819034 -0.4972288608592373 -28.739590833927046 3.3601863598990045 -64.24205639195009
1.0 0.2615084421902401 -0.6639389260110605 0.24195833202091 40.68245556840947 -36.33034168354193 -24.359109595622513
1.0 -0.06246665950575303 -0.44636174079425384 0.6741389069986908 -65.60348295218286 34.396781014105045 -44.27690127087553
1.0 -0.4674449891841322 -0.06278383918767598 -0.7328397141159083 20.560281598115434 -24.004630310497802 -4.41053372874024
1.0 -0.5788807978062055 -0.26934185793635274 0.73898588403292 26.741174808632845 35.72364574005265 39.487533634619815
1.0 -0.3174250092551186 0.4518841107055819 0.7732514813090452 -30.56239930295001 -3.1385127466872977 -8.163371173835033
1.0 -0.7876020794177203 -0.3094624226536649 -0.026421840421948232 -32.92991279118019 21.323283334800955 13.572620823598346
1.0 -0.40083293806871895 0.4702443023489891 0.3840021270372572 13.115183996465568 0.13853273652201673 -7.988329724284643
1.0 -0.2597881719657423 0.6630118085387772 0.2618375504863917 38.989777935716575 17.890364579765883 -21.334510586325205
1.0 -0.31338151166533446 -0.024164094722944493 -0.4775681343506978 15.485563906657436 53.3479030047747 23.36585696646492
1.0 0.3648686105275745 0.8040886412049794 -0.07333842877257331 -31.124671427113146 -6.709585746497617 -8.33117029343955
1.0 0.028398383156998743 -0.9092712330026722 -0.19640360590473577 -33.8389893566951 14.619112738502324 -17.223633157286947
1.0 -0.4189361032212542 -0.20392808102608614 0.43226918191524 2.8724690682146043 -53.25908750814915 -61.174397733505955
1.0 -0.06439870939580056 -0.8181842801886617 -0.47002431498027897 56.864231152535496 4.131650025828751 57.72532829843234
1.0 0.4489903969889492 0.03228911035370074 0.12232653807099296 30.952782643653027 -5.543297099097656 -1.971449030311037
1.0 -0.10930871460284193 0.23748332685840834 0.37255597614694325 10.334325506716514 -44.6898208776103 14.809135504218549
1.0 0.3231012991049286 -0.7544510030945317 0.5567969694917767 -29.550791974930657 -41.56237852293362 25.295797819024976
1.0 -0.7290079930775091 -0.422143055861274 -0.36753887996664764 -12.035824832925723 -11.699478024405137 3.0203669460018925
1.0 0.0773775337597529 0.13466908950254797 0.3303391575454416 -4.585226888150939 10.327394740165852 -29.82028729872862
1.0 -0.011987224503009907 -0.304271012296061 -0.593966236116539 3.2888923782014183 -24.102186968667876 26.825815390430964
1.0 -0.0073990832208554085 0.1767920024685268 -0.3876479477170065 27.127645328341504 16.28940905791796 -7.5114395147801645
1.0 -0.24069067741143932 0.697722200111858 0.29542543546158223 35.029870446687475 -53.15784348434623 35.301403224939556
1.0 -0.12304629980236315 -0.41605584176445476 0.3485588508450248 -17.947343178049113 32.5626360740751 19.621035639183436
1.0 -0.5615360164119204 -0.7146163020630673 0.19829803301508755 53.16580050337506 -7.111834859319012 5.909125017383141
1.0 -0.540497528029374 0.4350657133553862 -0.3516363514755414 20.93668378849139 -9.721923732395485 -10.094240107830775
1.0 -0.507040531385826 0.6924419163112199 -0.17858652741597889 12.5584255480999 -10.995534235803897 2.484846363076676
1.0 0.08086945789092564 0.305152853334638 -0.09668506514003113 -43.49202049229324 4.814963412635819 20.714585392821572
1.0 -0.7504078751316519 0.14925672168608228 -0.2606458085375051 -34.21693989434874 -59.87727526186529 10.932916240677512
1.0 -0.1182237011972428 -0.7170763312103783 0.20244567332084434 -16.01229722199961 -29.718365565578274 -13.893869339171426
1.0 -0.36971309485641135 -0.02189057429420811 0.1254674210606014 0.5555869160605691 -18.194646585417765 29.492589888123106
1.0 0.2583505959504474 0.36170113775042184 -0.4421821714713942 66.8100416977076 39.44133860583223 -42.676280186523535
1.0 0.30774125702418453 -0.5775633431373575 0.4325384700583562 10.544536185064478 -7.935608510023666 -25.365243020015093
1.0 0.6039912174740748 0.1379100371964097 0.6360874511911202 -19.9444121714729 10.260753614143608 37.96479725852772
1.0 0.2058412541872615 -0.27118922081979946 0.9365000553026628 50.17336101441887 -55.825522093175294 20.1235612945118
1.0 0.465196541232583 -0.12675697874142045 -0.6735191152308655 -26.387204986634597 69.44073493459591 19.066411053572352
1.0 0.8489051928473373 -0.29169536528138224 0.2992688307775666 -3.8017906886392394 -61.18293904233099 19.486251947536775
1.0 -0.10215292848652352 0.4074369298505494 -0.6769129453624908 -16.192826902048783 13.356038768833688 -7.888701416957491
1.0 -0.043253215840075535 -0.2942567006063067 0.8174645222707088 -12.348766903563645 7.924485792845472 7.739318107728898
1.0 -0.443831187860206 -0.5173746679736726 0.38440355384563424 22.428749165138544 39.27442621141012 22.28514966868427
1.0 -0.5451370751382125 -0.3264986175784619 0.6905025985000968 -41.42762059853295 7.2473886596245105 15.292729473840021
1.0 -0.27372990969881955 0.43110244436944517 -0.6861180167773586 32.467589596258996 47.365127744320894 20.2751716964107
1.0 -0.5426782457955548 0.0017825264322702727 -0.20661821744238706 -29.9733768822881 21.312472405959177 -74.4730488909181
1.0 -0.34480966744572333 0.3619724942460116 -0.06633858617420936 -41.30783585418353 97.63127091062735 -69.76449342054376
1.0 -0.8160230102861407 0.0781308824464779 0.39572200831999366 10.22344762797535 -15.976882392479448 11.711332341832035
1.0 0.32210431214282415 -0.023434345944887244 -0.6204747996087272 -6.508453998281957 19.990738707145976 24.132577640365035
1.0 0.5679772565895518 0.7928532691574426 0.158464101696819 1.8034657622652737 0.9815653430301247 -35.057954962679204
1.0 -0.7249576855521533 0.28029874276548816 0.34594994910051946 -7.304505607976953 -8.492030122407389 22.1176962057396
1.0 0.8196039278447111 0.3389652557681463 0.198512641641206 34.817570122725655 -42.94068377566125 -23.281995665938645
1.0 -0.3756044091655934 0.5007548867367234 0.6365843891928831 26.754905404552844 12.808014616530029 -14.193938359983123
1.0 0.03912218624780673 0.5237270600363554 0.7061704900549314 -18.512144636517537 -70.49221303701408 16.598653774530018
1.0 0.6213115569403023 -0.4814444059225895 -0.03584121068438772 26.319787215507997 -3.4588294024258213 9.384604923179218
1.0 -0.2879012504393795 -0.2270198888828862 -0.3971070816105711 -7.339723192002153 -22.27155975167039 14.808937930490009
1.0 0.02369819975422315 0.14512409807928492 0.767658720446421 -33.82901171099945 -10.20062491896791 -10.350885803931357
1.0 -0.5803335816214061 0.6130265252449554 -0.29373435226907424 -4.927058327053668 -45.030541151976 -26.77052384329795
1.0 0.12581030033942325 0.6302732336291746 -0.43983091810920977 33.809060907384094 2.15436925994519 -28.41674101995126
1.0 -0.17978683693050054 0.7205952012569835 0.3965508827698639 -14.251805781274278 12.509797291765262 -8.379526003051955
1.0 -0.675924705867199 -0.2610782578640854 -0.6487989191397311 53.38247298286871 -43.867332529914854 -25.19089746615136
1.0 0.07406737806139368 -0.23511355583785257 -0.3875047046517205 -54.29100473128441 1.0184678685132145 83.82688546524017
1.0 0.15939100596142491 -0.13125321670246204 -0.5405862858352253 -6.900240999229222 -68.39657380831164 -5.8243278031971055
1.0 -0.20659567939465961 -0.013309054077113046 0.9392341984119374 -18.98165997728247 -46.88843321583195 12.828210726945061
1.0 0.7668204004879038 0.23533897537316065 -0.3765950405832256 -15.2750405502098 -26.645488734788444 3.135436862880561
1.0 -0.18928161244608557 0.16037985120742668 0.22222841464730717 19.133265428042378 -63.62218892515307 -15.626108688172119
1.0 0.6765884580737032 -0.6709749650145374 -0.04899185251681208 16.835255071171833 -25.53279797340242 -9.053893127926594
1.0 0.20737269873116088 -0.6275307398435466 0.3430004896010466 -45.3566052717899 56.9781447336908 89.02379488104044
1.0 -0.3980865425988951 -0.5817093464181595 0.5631529351004252 -29.766890041982915 -37.318931823890914 37.604534834838645
1.0 0.01970151544983753 0.6002824508758297 0.5031166418456042 -36.84774573186172 33.92040627177559 29.671828519375513
1.0 -0.2955727479805165 0.1541503028297575 0.7238343095256728 47.275429537537505 -0.11608981596878422 6.843436464220426
1.0 0.4245441850629622 0.05634429712459635 0.4030579529496647 26.108461157454457 9.236017341644239 -39.44958569661273
1.0 0.7228016872119424 0.17186786111363855 -0.21215368390740527 -15.375045773381224 -14.91072755180297 27.787491434713257
1.0 0.6547470060185256 -0.14693277228904705 -0.26567805342679696 -44.1422658806071 53.58957448495477 15.03649635768399
1.0 0.7887803141087634 -0.13074372285324523 -0.2292837094694893 -38.08450754651638 14.92679606748703 24.638529916796642
1.0 0.0005173247264145655 -0.7431576545240334 -0.3161147692847899 -23.92648256721232 -40.22847029982443 5.227896053395111
1.0 -0.22960553224945007 0.2147564873671665 0.7159049811772571 42.885309310594465 -21.452512805255527 -17.77317118770643
1.0 -0.3263959120943664 -0.7121274326563873 -0.509975887124021 -40.331211142639205 6.936309705501834 30.108073601966076
1.0 -0.7776353460422362 -0.3358597764867878 -0.06564466477506366 17.285485522054298 -54.759788345403344 23.295722141879057
1.0 0.6506553286275113 -0.40976216692858203 -0.2841728623470119 -61.68568631397156 -25.571877227036612 1.5382977483116391
1.0 0.07998664655751024 0.03890889120632302 -0.19284192774621808 55.090049308043625 42.90654050521682 10.815430775467556
1.0 0.37955093519738586 0.49567051449313615 -0.08004225713671857 13.679138095456034 -49.22137270264869 20.970075440369392
1.0 -0.33195150750996405 -0.5330991206948759 0.42970800029147493 -51.31588347540266 32.3590049668577 16.383585194995707
1.0 -0.3457289550716918 0.5447594452794006 -0.05773565633630708 48.86785812875799 73.8087671564969 -32.599153410434496
1.0 -0.18723193675622754 -0.34574044317857816 0.8054512822946356 10.646259281713482 -53.28040727043913 21.146997854661002
1.0 -0.4414502166284673 -0.02323400876736437 0.4125548455467508 52.57812840019523 22.738775271406322 -43.43938191318616
1.0 -0.5580892232755751 -0.0739224972024461 0.09398558080267873 57.228759302371316 24.146500930467216 8.910817704407814
1.0 -0.5592985900450385 0.12089002628832697 0.2698664040981986 5.609777998322088 3.7424380957153374 80.31114659821857
1.0 0.7043994579607648 -0.48478320146243403 -0.15551302958052607 31.860019663164255 0.8620768621245944 -20.771836682542016
1.0 -0.6071462853201949 0.5575972362620393 0.3215472184560989 37.54257197477719 46.82356726223779 52.56954071969754
1.0 0.7309132507466415 0.19451988834118533 -0.2386422889765685 -32.121538028889724 -27.34774699799811 8.253050174281872
1.0 0.3024019144974101 0.4658508790144739 0.6511405053358702 -9.017200997619781 9.976477307085439 44.077361020516186
1.0 -0.11195854360515647 -0.2952731788817702 0.6409851749005033 -41.90635462694465 -3.866318070386706 3.105933623039502
1.0 0.10538949016118862 -0.3656336099896134 -0.3325105348021401 -36.3010640855254 59.18273402751716 34.56722716276743
1.0 0.4958150300116952 -0.5453010527444302 0.01100769800388594 1.6635866547179599 4.3891047047895 -21.813586252199997
1.0 0.17330181118300012 -0.04439430591032145 -0.9330354818939168 4.983018404041954 -20.724868254385854 -20.875150251465342
1.0 0.13993397627742035 -0.8477905778155007 0.35263908642509517 2.4136486743012684 -25.888191804807327 5.1510831491225755
1.0 -0.47421242323669793 -0.08635642272146082 0.814181300943653 -41.23854895787356 -12.290592680579056 -45.20169014419586
1.0 0.308579874946793 -0.17571740524427512 0.03762199730009261 21.414821447463428 -6.670624548820988 -7.175300126772824
1.0 -0.817483836344725 0.5089731589716783 -0.10159481043029048 30.596748947891086 -45.251069843203446 -12.484213256199448
1.0 -0.8739623460411593 0.221671578440392 0.28544949006101605 -9.389395619220348 6.820696746698396 -25.29433681037521
1.0 -0.13687134760260217 0.25579046893367435 0.12082434058650887 29.09820424805841 -11.12540262124586 3.1166089917115243
1.0 -0.06031030209657304 -0.32589706014609743 0.2232981551523907 49.67236587446428 8.035306457962909 34.683416148208046
1.0 -0.7978367232320888 0.39216718590831157 -0.32045662582829404 17.59027440906981 22.9598580718004 42.40597351336174
1.0 0.35073939725826303 -0.7483060900472962 -0.1490117720554725 -43.56439314788469 0.05618087185331481 27.529577352489436
1.0 -0.2529978835576161 0.12587857327567817 -0.705612081637717 -6.444147136415623 -27.981566047694685 -1.4532293594786994
1.0 -0.029002592775175792 0.000978152118491495 -0.7348116206068639 3.4802143953592695 -23.304595646618495 17.126881033319542
1.0 -0.2767609852886875 0.15918613319582098 0.8770142466605158 41.08666344184732 -12.270327466907867 59.71045023795527
1.0 -0.7240578699144302 0.05181154622482442 0.511566216532375 -37.49441365869449 16.534940733335716 -45.21680470206869
1.0 -0.4032210682434331 -0.8795776472337206 -0.07816713302669993 5.274551771012838 -23.502002483629976 8.750521544728576
1.0 -0.4790987151943777 0.28856253666849746 0.1898246013825629 -9.079958720363575 11.147966191620457 -11.150986453370393
1.0 -0.00666920183927174 -0.7042764124509819 0.021874046691423822 -59.53858595253448 -33.099697129463074 43.5643079780073
1.0 -0.7723885323570986 0.09261402318216173 -0.13262592216481245 -31.854817099727097 -11.676630511871375 1.9165223258835622
1.0 -0.07343943911272917 0.25143316329724824 0.9273072312871576 25.306238797851282 -0.2667542979049727 36.24562673536695
1.0 -0.4347071102048377 0.3447467905925593 0.6538629870444881 53.1913583020773 -3.428437490724902 -52.91817743313425
1.0 -0.7880797722233404 -0.19081206012746713 0.01102377355001461 -27.14821304176054 -33.707515011099275 35.61516579564921
1.0 -0.3797338075200165 -0.1715177797716662 -0.05283080387212958 30.863142457120006 -17.904560957220912 -3.0421134138743304
1.0 -0.40792149505329006 -0.29802261376449307 -0.6446251319523625 18.619908284114576 37.62173045940877 63.68144344132581
1.0 -0.11508873562161477 0.8104198101044965 0.21224816511179062 64.32976176239784 16.462447612192438 9.8411299889987
1.0 0.7224704506536707 0.043430364195851445 -0.36386694193021457 11.676035222820417 -8.043078253357397 12.697546764074364
1.0 -0.8419111281288982 0.42831364947228834 -0.15062392442025443 7.724831260556424 40.17033362842793 23.17913455726001
1.0 0.11680248700698567 -0.20628289564329277 -0.08472047735401579 -42.97688432015789 9.297861651027185 46.71912111608396
1.0 -0.016890363016121325 0.9367376151885078 0.01188103054372885 -30.577035271317143 -10.304658999111313 -18.79214264522713
1.0 0.5249814216161574 -0.489455963917271 -0.09490667195330188 -11.210275591070058 -13.898265732034035 9.431604979056694
1.0 -0.17225534837026293 -0.6684900325923119 -0.11695610321263188 19.884866165428175 -8.056841573221122 31.161973786975654
1.0 0.43607236920307474 0.24922439659519657 0.7308764777870325 -16.440419645006923 -13.315275619053168 -34.661445496780956
1.0 0.008241618558111691 -0.5069399619350102 0.5541195996698065 -5.603893495748288 -60.4818913488363 48.691365016722706
1.0 0.2862513316235128 -0.35011757879264 -0.04805081720180624 -36.3440007172082 -46.44740742039391 11.111094631656517
1.0 -0.4555007127028144 0.03803678595988951 0.6148393608995719 -30.531850555483448 -47.57523939286518 4.513585132519693
1.0 0.657125377477307 0.11092264832616394 -0.1284145343318153 -67.26347557718586 3.391305623271406 13.074682008290468
1.0 0.3823421166219087 -0.6023785314349752 0.3204898160800807 4.0921917010320525 66.69439182374511 -12.187021757713792
1.0 -0.09583765990165828 -0.1950179495980379 -0.4630159084690711 -5.232277730968768 -44.15025234799991 -12.043116324581725
1.0 0.5661761630377 -0.25270926601321014 0.6744337135409338 -20.41735793334163 -41.20584151375755 -16.750856655549
1.0 -0.11744283582150035 -0.8827011824471336 -0.3781689532884308 34.51102958660011 -77.24282974550079 -4.144464573207209
1.0 -0.5167360449491136 0.30561872877546914 0.16250740976357467 26.651888825225058 -53.327490593349204 4.954814155193656
1.0 -0.5539016478561001 -0.45569664901595985 -0.2553486840153827 -4.0777364461881245 -20.32517531153338 31.71294502904072
1.0 -0.10239128650929837 -0.27473446892428255 0.8673163729725872 -9.704656559761728 -22.250286189569056 21.113452726717302
1.0 -0.15260594270037636 -0.6289664407311008 -0.18083312599245724 -12.566434500517136 29.9460131699533 -57.87594048937473
1.0 0.6238682463700657 0.40103032761479385 -0.13492419964566377 -2.703554400525552 15.22348322343 -4.296075457149254
1.0 0.5294888972918271 0.4308496188276741 0.2910430041064335 -56.56523723737778 0.9048819221785792 13.840293451244532
1.0 -0.057883786313507074 0.48629109135982523 -0.16519022403965097 2.57393880347099 -13.92719099722554 -51.975725996125966
1.0 -0.05312557451673623 -0.4137385109361639 0.7513757765927173 4.035094339736345 19.92296981249933 -21.85471999723897
1.0 0.5265141819777807 -0.2156574428657489 -0.6564172349427833 15.320239009668605 -31.933966367864105 -3.096461766927512
1.0 0.3840348326825772 0.13411397597371766 -0.4088398556002868 -6.227921192991807 -35.56285602359778 9.323138788256761
1.0 -0.47363902065500607 -0.5044482666969022 -0.685608518515658 -26.12099445401656 36.327090073313194 14.974922276380058
1.0 -0.38763418475543193 0.7653685945818262 -0.3371448728472009 -71.93729999377342 15.961561966231349 -3.3019640387613305
1.0 -0.23205919733643426 -0.13474119761380687 -0.3071056025851083 32.881228708160634 -41.08566337283781 -23.378793070214137
1.0 0.6599240677888968 -0.28467427362410064 0.44361608142297243 -34.308673221227245 34.995019142975124 -10.244872932944105
1.0 -0.7833154803080048 0.03774923222273135 0.18140082298276114 17.5036625854723 2.1203509595473755 52.84830055673591
1.0 -0.4426505816498407 0.8811715339815924 0.1448493457473255 -3.0396457396999033 -24.129423495486556 -15.626657092219368
1.0 -0.9258836561883159 -0.10464013112490783 0.30432779896769613 15.49266822366289 -20.715926818043737 38.09719303266542
1.0 0.6134736321733676 -0.13541901059948325 0.6586476875254139 -41.54438561037254 -47.89559655346524 -22.624877420467076
1.0 -0.6072587840998313 -0.1436016625379926 0.6329799532682754 -10.556203516746642 67.94083000947137 13.992574344904543
1.0 -0.1132780126637004 0.2119779442931098 -0.46694444422134884 34.80362509498845 -41.65751804664975 -11.900976737860981
1.0 0.3907577565514443 0.6173903680153643 -0.6271217211355367 -35.513687704890636 -9.270305642603457 27.363453862195893
1.0 -0.2152350478839196 -0.9453427366927674 0.19783100982985785 -0.49625754979517855 14.664217638374565 -18.569864495911148
1.0 0.26342894832328057 -0.41486898145179213 0.5634351038649029 98.44039236922025 -22.996699182592252 -41.51154470281571
1.0 -0.604570521823622 -0.27326044643955144 0.26605381851613674 -10.83314227246553 8.477887361300356 -31.495578940902487
1.0 -0.2665476264216943 0.322025312985628 -0.5369179465538274 3.740749039873116 26.050282866819 7.652849006688583
1.0 0.5231008646266532 -0.5285790361396778 0.06663502315285133 -24.59944454712245 -8.76727161777461 -2.7384030797735615
1.0 -0.1795272963978981 0.46769530527327297 0.47512507760520384 -6.209368584346517 -25.865468316358303 4.51274015920486
1.0 0.4174446709873035 -0.3626013982161391 0.5284478876603603 -26.951875859176294 -32.170559661677174 -11.488323870499002
1.0 0.496954403301012 0.08552262008881714 -0.6301713317967094 -37.742907821533905 -54.17058608953942 36.123445715402646
1.0 0.5873782973903271 -0.34657974635704625 -0.5999615225366418 -1.2316999691201516 7.165802635691941 -32.42257237614845
1.0 -0.39160499417041 -0.23869928726327347 0.03908931034345705 -14.140335480465374 -9.45843441228416 27.07100681489737
1.0 0.30769215676228695 0.04967490353710023 0.6379169669241948 -23.895593739508126 -4.0399019528565185 -18.992259716351295
1.0 0.39559563325206343 -0.7749843603550967 0.3383395089374571 22.312274232707168 40.636829701371255 6.889738372677209
1.0 0.18847695608832613 -0.04134660059774418 -0.7939986813715076 83.60199598470226 -27.137362382209133 4.098862260606599
1.0 0.5418853722230722 -0.470983433093366 0.009939799563446566 12.09454054709042 -22.074311521842727 26.51520471939664
1.0 -0.13940091044458966 0.31172218250756123 0.7072265796898601 24.752014925181424 -50.54557092859646 -3.2667023920140115
1.0 -0.5800318030243768 -0.46075894770915937 0.4954915521206523 -1.9383403110088706 -33.056059312667564 29.443921452460895
1.0 0.4907148163676969 0.17066311445498974 0.4300154167958927 9.24052278994671 -21.18258791903324 3.9004713151085086
1.0 0.006930085126814618 0.9074561504277269 0.2465244570372823 -17.55350335529767 3.744230605677796 28.945055380529634
1.0 -0.2856321096042557 -0.3000788132838683 0.2964386720853459 -21.98396791289984 -0.3275635925337841 22.572668324295638
1.0 -0.12195559692908815 -0.3488142265604254 0.5765474306304851 29.263936506958952 -74.91315127714866 27.44643702504739
1.0 -0.19515324810138637 -0.03452276442637644 0.6278001413160924 11.015269939733612 9.203056107016117 11.72381380936685
1.0 -0.016349396750660626 0.2645647005474934 -0.35609525904441625 -40.61103573549416 -44.46184339633953 4.903981195978258
1.0 0.2040227751597835 0.23990176845084374 -0.8939658385490663 47.314126966187665 -34.472441122444536 -12.349169488017333
1.0 -0.3640967703368527 0.2862274640685356 -0.02741964388970741 29.63108803290668 13.338296892662195 -41.20418557893214
1.0 -0.3804226589357984 0.2745600804677357 -0.49769014861244265 -3.1212240631441555 -7.127821511021763 52.59462804747743
1.0 0.08913792395586237 -0.13889327639830829 0.8057844040883445 -9.252018600006435 -7.10064887539936 -25.052013462102796
1.0 0.6224765331119612 0.2078829636318801 -0.5827643598801304 18.5322412991578 19.56694202331557 27.014950117985478
1.0 -0.501696709965188 0.0770219172270197 -0.28915882150572964 -26.72011040809975 3.6973448775023896 11.164339123329123
1.0 0.7951677461479335 -0.3349682870613281 0.357636837664371 6.638799359349763 -62.43090541095876 -6.51268784791572
1.0 -0.09586000592066313 -0.3921378040391148 0.06852165296582483 38.722430340057464 12.982271095846034 3.837653632155827
1.0 0.3443374617331946 -0.04496680288472944 -0.015173182497935183 32.767099506813274 37.844725235072914 36.43628001054222
1.0 0.2100009311209872 0.8473143516190523 -0.3630885545475211 13.938886745914003 19.344717894017162 0.9312553262734876
1.0 -0.15791322552258688 -0.6537924093518735 0.06625404873862231 -23.6347770159783 -10.922068063950812 -3.620671813919147
1.0 -0.02743644295148388 0.3289672510723064 -0.5462403338052242 27.27247703514959 -26.118760722806662 -17.778278479680957
1.0 0.7758029062427748 -0.005466616902220383 0.03378362793585906 31.506387067223585 -15.790021353413271 -1.2951845949693708
1.0 -0.15223701547881627 0.17594953037352387 -0.402992572649996 1.9050015968617453 -43.719398071895874 2.397827122782698
1.0 0.14583780850857644 0.3270819845147583 0.3846095568586116 11.715224613051195 18.602515767583828 9.990175503283995
1.0 0.34035021767030715 -0.7026784648388962 0.44003292269253663 -7.078544042438875 66.3675761518779 -24.95063373368504
1.0 -0.22897365102922324 0.833250243380236 -0.2879644322030238 62.387667627353885 36.66862468856538 -23.360090635400375
1.0 -0.18776023532868022 -0.473854670441839 -0.3186630159457347 38.399425501281556 -21.49853962366027 35.02149305440974
1.0 0.3564603997618342 -0.03838199551579047 -0.16572840457817645 -45.19935694717115 -0.8405585586783473 -24.635387295061207
1.0 0.07280676823684915 -0.5990040132757993 -0.7401023326691972 -27.875723291844242 -49.645064775137534 27.286285826197222
1.0 0.3009513869763432 -0.28736899136826366 0.3125557478636168 3.7120942362980793 -28.145847196411694 -46.64722799198162
1.0 -0.7438114149629672 0.15995235923862505 0.3536771879589532 46.31213377325084 -30.251166907803647 27.10068945279714
1.0 0.5225741045859361 0.09673814728366527 0.11671464416919569 -37.19668216694376 -51.28233120793781 -33.68339759453375
1.0 -0.16040265963267708 0.5142979459401453 -0.5412256460423825 -23.51332154439093 13.280405645823983 23.644520530521202
1.0 0.22905531121972542 0.13143731527612323 -0.2549910824013415 6.066502547274917 -16.12127254685002 -45.7505048843755
1.0 -0.37181696741371423 -0.09669648272653815 0.1447567794085187 39.73705914333225 -58.65129675299541 -11.301577408703158
1.0 0.43732493945230627 0.3477906622573279 0.597065613370059 -26.459118720059973 -13.133990792104406 23.645313639004666
1.0 -0.7661572724538832 -0.4534132523806151 -0.048980261003437144 19.532181238726498 58.53102331323598 48.30736864000083
1.0 0.7269457938248184 0.18089740456273093 -0.19002247409823309 32.49136455079123 23.97503680812846 0.5808234684492339
1.0 0.10915700425706992 0.6078589620565992 -0.2830391126512091 19.021269306356324 18.556423212193007 -7.085945048583031
1.0 0.2329101973813076 0.08824802673587083 0.03318485560511641 -30.631646669934145 21.335027182313706 -6.057376863691066
1.0 -0.018462380612047146 0.5455018731235457 0.8250754270586131 -41.53984752134498 -24.070499852735836 -10.907778403154373
1.0 -0.2660750774250275 -0.616498466861073 -0.2038130066438942 -38.802788876928254 -10.873429824977746 -7.055984546228344
1.0 -0.5046976870708101 0.3885797138315187 0.4375351072568156 -19.46145631683892 -24.181018141191494 86.79732702960514
1.0 -0.8989833575755718 -0.253753164882081 -0.11310032216178093 48.653255239611624 7.554204006462227 11.33866969051253
1.0 -0.22915279602635147 -0.5948552311501305 0.03384531111720637 8.459837314266462 -7.888017441291413 -15.003158991205686
1.0 0.08525147029946367 0.07899438552875888 -0.9821399188433162 -76.66825486924967 19.35137876748031 13.301109535262318
1.0 0.3674537270849142 0.14097856384635668 0.6758276234602962 -14.241145664371599 -3.7390847514785195 16.24438714497999
1.0 -0.03140261321623478 -0.675566507693469 -0.26775958839697445 97.91423115033545 -14.692636341427688 -51.84924462523233
1.0 0.3200677190011451 0.656504518929054 -0.3877186959238767 19.418637945964576 -10.602963836048897 -13.277894603045258
1.0 0.20143776467035332 0.0747252100890149 -0.6346993538303011 -19.67308634361615 49.72327841633664 57.61047862738306
1.0 0.5932140741446841 0.24722997509131173 -0.6756087070896011 -47.175397119186165 26.777805520877802 4.301221265472173
1.0 -0.14513301919367175 -0.4478641418215051 0.24734892534990954 45.4517935482934 -5.097627016954648 -20.18781701134683
1.0 -0.5780960438586435 0.1488229711122331 -0.15520968235445406 1.5594006079098486 15.283152913291953 1.8214342657162492
1.0 -0.26836219696207075 0.4391018759237285 -0.8571407460924086 -28.07569534767868 -6.537689578465357 -73.0999974693125
1.0 -0.12873079879708335 0.9030343430400318 0.12394405648404654 -38.98999567873023 26.078870680991656 36.12473267979405
1.0 -0.3566326786876063 -0.3797581943611982 -0.6795919902965416 -9.745233700390934 8.106795973151236 -44.58370759665943
1.0 -0.7696221541580204 -0.33551504215355965 0.034079263874106 5.079400085337232 -45.455783402096536 -37.22712751081678
1.0 -0.21672849345539624 0.6792355182187204 -0.050108862112414415 -5.4751478818575645 -51.50115716231694 52.10865202387655
1.0 0.3120762285605774 -0.04076574401468124 0.22603684576540548 29.94188367245563 -33.4787543406851 64.77909218656386
1.0 -0.358496084386858 0.2731284392735691 0.5293724739235462 27.648224742922633 -21.246157881862732 -5.209059904069017
1.0 -0.6874537176739041 -0.44721116309187353 0.30729892095225175 -43.54832921476595 -24.259341446568673 26.147171543850035
1.0 -0.006742302101643643 0.9768709905864094 -0.023808346436787902 -8.134313692119711 49.08982540942728 23.217249125432833
1.0 -0.16524282871592014 -0.30354549113398804 -0.15952491420808915 1.0754966258315464 43.42426019558803 22.433604341462136
1.0 0.026615581589319884 0.012171315354214608 -0.0045937042005477794 -42.70019266662775 9.870859277330636 27.111261816347696
1.0 -0.03776091578703949 0.17221254126368832 -0.2527285143985888 -39.95663012073599 4.544411499002034 -17.048145443143813
1.0 0.16577549084583273 -0.5148054963620563 0.5645000601633284 32.99775942284554 30.3420170320336 27.360069181095625
1.0 0.04262905553714912 0.25405189425363045 0.12827412227428803 -21.757340066919436 6.771531790524492 -12.42214613432518
1.0 -0.35269429918093015 -0.2692047970698239 -0.5594739552414167 9.137258385115945 13.142780209952713 -23.55811097055233
1.0 -0.2632794072642353 -0.743688546552095 0.24989846213403452 52.94363456694257 24.03865970963713 18.505362780646205
1.0 -0.26405186884546533 -0.20906775317665133 -0.49285081388621044 -47.46657149136336 -23.18023985319861 42.35105246993646
1.0 -0.2358789244001616 0.2865809766890245 0.8241979434109356 -59.88942270276478 49.31400877163805 16.095750399289066
1.0 0.25735911100267 -0.8967189517357524 -0.19607618745479785 -17.06725209139522 -4.76004907196942 -0.17408881130941117
1.0 -0.8222254851487373 0.4635525190626784 0.18238158740421004 -24.480161439996223 50.056495909618484 -7.401183669375123
1.0 -0.37393430045404413 0.4825246036585545 0.5387825339428949 -19.276701363261594 23.736512373675186 36.685084513600906
1.0 -0.14289521709492026 0.6403734081423864 0.08569730369521335 40.198524268368 -28.85215379665363 -21.22441821267604
1.0 0.32607994580346356 -0.9263703311130339 -0.047374644284310305 -27.85783308045665 64.46678854011611 -16.606701892933163
1.0 -0.5424086019419484 0.5639151298031457 -0.04773283399423515 -2.157598051228709 -12.40689582327933 -28.36507454588171
1.0 0.011856067798575459 -0.39219102203797207 -0.4760047301720443 34.32365192092682 -0.46149804004427436 -45.78953142367927
1.0 -0.15287089685231475 -0.499342977269468 -0.7965264766956317 30.40145891921066 -19.05554430027621 46.57981411039286
1.0 -0.5371632030122426 -0.2915302095345558 -0.059204796902634325 -35.162998993112055 -8.254206589835857 -35.56062445679354
1.0 -0.030900008464346967 -0.2507811044405856 0.3679213306897867 42.83155755056396 13.841892580003938 29.86987768758446
1.0 -0.42659794053307765 0.14184916920232973 0.7655521262544577 54.48004248951613 18.302859399204078 9.730454547716826
1.0 -0.5133882344046703 -0.30272192938880743 -0.22109521246009645 13.652771152477072 73.6166163854713 62.708652063820395
1.0 -0.749736317463954 0.23824014845309746 0.5443972729168625 -0.254889031201799 -28.291024775073954 3.2627332336895787
1.0 -0.3046161307186036 0.31800656265065547 0.03490045307032778 57.70740296927908 -12.36866798775392 -0.6618173086349447
1.0 -0.2217198098336305 0.8371534977120072 -0.02598075603274484 -19.538524620640565 24.548651548587475 -2.2569801695932545
1.0 0.2940642518090381 0.5326202910832378 -0.31609673743859856 33.00200204767696 -64.4932438153746 -49.30246954554702
1.0 -0.856262345721666 -0.22371164876158414 0.058465454988442404 33.36786345544862 -1.4920961508619093 -18.441781117412972
1.0 -0.3366845569287372 0.4604745544434588 -0.7763224782192273 12.52918631064209 -5.136641880422767 -46.197596210301874
1.0 0.28516344700870694 -0.16410621792088012 -0.47750065462525476 26.573641614184908 26.68777435224842 40.343736948328264
1.0 0.15014346619059687 -0.7637096527953723 -0.27039187573231815 8.127368053613772 17.41730073429798 -59.349604716154786
1.0 -0.44459591362747874 0.20131993335884854 -0.22242747202798185 9.772630755799144 87.06942856476269 -32.87553885062949
1.0 -0.02526759098264055 0.42517338533883126 -0.4470294550836668 27.37421356168861 -10.148674247177606 7.535212860726841
1.0 -0.28951577857756006 -0.2611460401188388 0.28026177793293955 7.505472166433707 3.052091049959741 44.30025916229924
1.0 -0.326411930823736 0.005792408076489261 -0.010871878879776023 -22.972871974617437 17.121880569183094 6.218351604965352
1.0 -0.19309985722563078 -0.19928749443059757 0.5719800173533393 -29.970388618500362 -4.8398047911546485 19.986994595227888
1.0 -0.9271338975617992 0.2703203200443389 -0.19809339125284706 39.74462062364053 1.1840992110368531 -35.44113145540678
1.0 0.59903664293478 -0.01302768191239668 0.5501742846913159 68.44089167333026 -37.222472210691755 -7.158874902362573
1.0 -0.7967981888942637 0.3770216572590548 0.34964648473967996 -23.37132091535486 10.023438892359973 -22.8379152035412
1.0 0.07502304568707428 -0.3710225303292485 -0.9213345791580699 -7.824627931746792 -32.50373126427134 -67.9272657094582
1.0 0.6431672966085661 0.05787008083522323 -0.31257094522641854 9.111725635791503 -7.485981181577684 -15.812422645094484
1.0 -0.20035743591324626 -0.20114545224777947 0.08001401859409231 -42.46622595349366 -8.45782129320833 41.99058597341818
1.0 0.05133629886104363 -0.3838502885421981 -0.2267103686250478 31.695525482242743 -14.67646578256578 -51.530470857909926
1.0 0.497919195024261 -0.25688532587322127 0.009482435080968202 26.722876793353798 10.495238632831494 2.7067773850232304
1.0 -0.782556865867362 -0.14555262842726 -0.19425655034090572 -23.988087471389974 60.65259410218502 -16.416639733595453
1.0 0.32877416366277523 0.5452237250660205 0.6035010797279413 18.255174135584795 36.974857762424755 -29.70883785946297
1.0 0.6857262604196036 0.5162913230180027 -0.1919209305224947 -40.88546094260301 2.4720607586108425 -15.183526048736699
1.0 0.05151698614275064 0.3977019286622924 0.37512890123851017 -24.32060605246127 16.94197453922959 62.25113112619092
1.0 -0.5252601687885621 0.029510839537818405 0.7828079094796745 -2.437587290924357 -51.646040472837875 -35.02250922108691
1.0 -0.34905507486965376 -0.23390930800413193 -0.7115582141488612 75.41790759983878 -39.6312226001346 -40.3455263076938
1.0 0.7718336369673442 -0.2764756864012906 -0.018332920044608375 1.573267504417549 -13.418683858276797 47.46648786191932
1.0 0.2727999966864711 -0.4169362399694701 0.33361068924539394 -3.487339632901826 12.478819961326954 -42.24420218276852
1.0 -0.14835833193008974 -0.09198327020283521 -0.9714878960028746 37.07122269710684 12.364959370683103 -9.439099321674544
1.0 -0.6676647053033338 0.12708262775838083 -0.47058459382975143 -36.61081670696232 -1.2402298641835356 20.675482008005517
1.0 -0.41936222736252593 -0.6629403448716283 -0.47262828767789894 16.726327793172665 -20.87307044618672 21.57183856204172
1.0 0.454254276885776 -0.20554548837339 -0.6468557681705683 -25.283160475689254 30.323428363838822 8.42725026281264
1.0 -0.6556084554680818 -0.16031819145036855 -0.014745442207080179 -8.06716425282081 7.580912013553854 29.355621078524578
1.0 0.19050239176945186 0.33522696817604364 0.24013534393515312 -21.64377659578653 -16.262979226622388 72.90892732562719
1.0 0.6377819800277755 0.4406391827022363 0.42095161109673707 -18.11658609072889 -35.20848882546232 19.77495694461398
1.0 0.21802146810312514 0.27124765111795046 -0.18442587484614303 26.388641238172813 29.75205397278733 -11.21799364920953
1.0 -0.6259958607873651 0.4454364524403185 -0.021921054220420653 -4.544652981250997 52.333755112687285 2.2534896816932184
1.0 0.10198766741476792 -0.8263805601125995 0.1471724231853148 2.670480797718226 -38.851610889298065 22.21741937281135
1.0 0.5386359306322429 -0.517028159616745 0.11370733728353422 4.403441809844956 42.35299609867596 -77.5610703879543
1.0 0.3844047898980415 -0.3892537439317663 -0.1291478137772043 -49.92401638437012 -51.42074565045036 88.46133772029276
1.0 0.7591963693730989 -0.5332544165809348 -0.024731811182525362 3.7598015727618703 -36.981086402559065 10.597539199962858
1.0 0.4189418478928107 0.48177314134059784 -0.13936776272038587 16.25605346129144 0.8253611979293592 100.96801839196172
1.0 -0.8041108731347116 -0.03299517181705301 -0.36620547643928364 23.605529898768985 -25.79393689247923 1.2803958410254264
1.0 0.3737607059872536 0.8089977985577729 -0.2843374950654672 14.091008445906372 -41.36290451942292 53.95539035512847
1.0 0.4490820887611887 -0.606647579499711 -0.2270088500412361 28.539802372461093 6.825711556433278 39.669584949168105
1.0 0.8882924254521982 -0.2524951649869603 0.1706587398587282 -14.261136954953113 -5.940755299146518 8.874738865682604
1.0 -0.03216866548726386 -0.3163181935310575 -0.7844560661545044 -82.77038016407379 68.03020891405781 16.02555094329872
1.0 0.5897788268599382 0.5527963084884406 -0.5012996453891473 -25.948660482097754 -38.53319426103464 39.29168274583587
1.0 -0.8727137868715188 0.03806420323625322 0.0068453636221633965 -20.978456977636185 32.27366376127803 0.37476132388120487
1.0 0.4077070860148922 0.020788767287527665 -0.5379564190741792 37.82385699858802 0.5157585452453788 -21.514450419508552
1.0 0.1702705476277738 -0.3716379408764917 0.09903876151538063 -29.78061548193734 -8.822059320923058 62.62895872403794
1.0 -0.16369298791400683 -0.03701545018844881 -0.526607572567681 -4.02860049280865 40.401663358556284 17.446137951699477
1.0 0.33978226927845406 0.5822635581996831 -0.4534060307149583 58.20478300215135 63.06847061143882 -37.0562234681077
1.0 0.3955086570446637 0.005034547882332486 -0.22053309806819926 6.546695027286671 -6.531151916990758 12.736160391069168
1.0 0.2329083241448967 -0.5410998650823408 -0.7655798016875905 19.552372406478952 20.96246447509885 -37.78786828952041
1.0 -0.5154126061498635 -0.5854058417025115 0.45348152594678476 19.556718648788205 -6.839086345840277 69.05688014424999
1.0 0.29581006244737007 0.2168661948429905 -0.5943334807939391 17.098462167968083 54.26926294877517 7.061416155475771
1.0 -0.18628257089260833 -0.6747758334781708 -0.5304766368959868 52.14895462615603 -24.367309382199377 -19.8185766417305
1.0 0.06319315244964947 -0.10820248032159728 0.3230965639195593 -21.063883307424682 7.3689293631014445 2.7156613735294397
1.0 0.1798144081868596 0.5674257051033248 -0.3877813028239441 -29.14364932477451 -47.84684535676754 -43.144197880824684
1.0 0.8214746694257425 -0.1414442664370729 -0.3256514656591291 -4.776324996727957 36.03105369161911 10.689335400807982
1.0 0.250853963750602 -0.15115204318586475 -0.06423989866616711 -25.417773923398453 -18.47025728072999 22.546566578732264
1.0 -0.584880591374813 0.04326853904851912 -0.27454158495587005 13.021857783775978 4.99247370655613 28.162034257859506
1.0 0.0624660291611807 0.3887824224020543 -0.5451038662889676 43.53878937612743 39.583933520665525 -10.490488902827137
1.0 -0.2622401201143375 -0.8095459104839211 -0.5121297914071558 -1.5423939870298555 -10.650095572875994 31.29947894557998
1.0 -0.15573989320096596 0.7891255355901865 0.47725864482476393 10.343213817099718 -0.22576755977354632 -39.761021062458425
1.0 -0.05055582241103244 -0.32954582802553767 -0.5149679943369575 8.849573506242015 16.490722851618603 -48.00446932994849
1.0 0.4059293239373184 -0.4549434002333646 -0.6633535035054777 69.25785800470034 14.252404585118652 13.468552735650126
1.0 0.15518981454528483 0.3291370999650994 0.5573627551615586 -10.916486037316458 26.250387121965026 4.927845961033253
1.0 0.06054623341105294 -0.6236147112949955 -0.6174685914400543 11.762610918147516 -19.45239824001019 -17.781080312158128
1.0 -0.08765272383639619 -0.31437757866821625 0.8839894254698506 -36.36977083296188 -43.91266687131673 -16.90792541361116
1.0 -0.4289124501708359 0.1670565666804721 0.05217537508070861 -9.828895550230618 -15.952171744503307 13.689824885343075
1.0 0.08493329637340118 -0.04845552092312213 0.23866891215780425 1.6618390932486722 -32.993010953761456 -33.38110157397197
1.0 -0.18713896215704087 -0.24883004623278632 -0.7765333345487107 32.86956499877114 5.375194835404691 -9.832176251503638
1.0 -0.1549568119724314 0.6056550479548956 -0.3823853584746067 -17.482076532359894 -41.01400486554896 22.11516477625378
1.0 -0.07745174491257589 -0.1140817481743809 -0.9560507655945945 -20.316804454721556 22.902938298321434 33.57838925354512
1.0 -0.2993056700416262 -0.16655511180014773 -0.33401713936276745 37.073814116433645 18.06744217472712 -53.34512205983564
1.0 -0.565233013084426 0.19578399433109966 0.08762828941842443 -3.9164527429753067 8.814630896450513 -49.229907028956646
1.0 0.03397704813276565 0.8754355926096621 -0.45362114222777206 37.50975084023448 -79.52881669093026 55.981391498711844
1.0 -0.3600959443929283 -0.13716977392040203 0.7609747389752752 -25.919111210628174 -36.46527182283667 40.94677688924204
1.0 0.6504678102241487 0.2594598811939387 0.14665143180828097 -15.598783958421105 -11.590958220621484 46.16565160679791
1.0 0.10681505277762907 0.1406448805263868 -0.5257225438899854 -5.336973830754938 3.6693531510783086 1.3334936302080875
1.0 -0.785615472382897 0.36693332277381385 -0.2751129415513356 1.9458659573904522 -46.30217458843009 25.31287342899829
1.0 0.1253694180703606 0.26744311172374113 -0.11462907265828146 -36.76426695010269 -71.06764169992096 31.469365679000962
1.0 -0.16547288052452208 0.533374438879875 0.738546228571191 -49.7300819316831 -12.159818125870547 -11.920785523523767
1.0 -0.6597836376762333 -0.35912021892984636 -0.058905850056357546 5.649165746943454 13.601308160194279 -7.2446753187483885
1.0 0.33721567890954807 -0.12910518620204123 0.6348202700712634 -3.8062028653102526 -2.625188288170684 11.888233711140023
1.0 -0.7841726971534542 -0.2090762712170872 0.5693604435529799 -14.771454490965004 14.554427990955434 -20.183021067720063
1.0 0.0822196411858917 0.7659924382424331 0.45057552501609416 18.20055662777259 25.701992933342304 40.95083829699371
1.0 0.41453154124611 -0.3878543676840826 0.13384847468462596 -7.977126881142516 -0.48709382328074974 -12.088261806903471
1.0 -0.2680194533437867 0.6012698481996548 0.4039845201081231 41.83078753775964 27.39490176208831 14.816505217045965
1.0 -0.5444920806351362 0.004895380575482479 -0.15845242929863293 74.76533538953797 -9.013345909716598 -18.001426423652447
1.0 -0.9039090746673107 0.2208124512887225 -0.2405145878327147 22.54612923992671 25.331576258001125 59.93307039789475
1.0 0.22505860036692762 0.043317243276010074 0.06259456593339775 -15.769236771075375 -28.585602072719066 11.461549636644799
1.0 0.3142947394810237 0.0666641640854935 -0.6697017257465597 10.671712942602891 -25.172665280920466 -38.09059741032072
1.0 0.7003590465856648 -0.6900632421694765 -0.1594427168937817 20.166719520388984 27.038340597045213 -29.894994973323367
1.0 0.6074484568527214 -0.09648463616685027 0.3786830361930211 54.16675739637559 8.706831952190397 -5.4475794063186385
1.0 0.4316634690040544 0.43035035335277666 0.5119121758359627 -0.5755858205362394 -11.416647553302012 11.413568141087476
1.0 0.5281798532709382 0.26704814350043643 -0.1317527802380984 -14.532727151030993 1.3005367126301484 -9.862024021060508
1.0 0.4688530240367376 0.7273159958591568 -0.3404523465939953 -15.152279942982444 19.213584246148816 13.030177287651066
1.0 0.06972885601994631 -0.9357044319631194 -0.2907255807790001 -62.27960574326798 12.624625905565512 -1.9784239390198153
1.0 -0.1029210718394149 0.820787976473356 -0.015697894237290698 33.037872178382706 4.135138862035784 -3.2992392953851755
1.0 0.15953635779599679 0.21384578379285094 -0.8182757364062818 -4.089275447286745 -81.71380527338971 -7.755185266486905
1.0 -0.5315837650754818 0.6103068886166106 0.21731221925730418 -12.826308316690247 46.861461934369814 45.20205800610939
1.0 -0.5567332813837329 0.1739460417996728 0.2210298037870896 -46.67678031109468 -36.36765391242429 15.494190795998804
1.0 0.015073168254311162 0.2095058715611016 0.9035931310687056 -39.67763416591867 -9.080018112784563 37.845209284325676
1.0 0.7673979544366821 -0.38935325737294063 -0.18985637993464397 -10.918025160565664 -16.508350575016486 55.123830239283585
1.0 -0.33109514077874874 0.23956816193435898 -0.016504454270216136 -19.21536493072485 56.03474607218386 18.64646338826025
1.0 -0.4316340303766126 -0.30133713767157466 0.2132400476922614 -26.242575143855777 -32.50461734049021 -29.84998855747542
1.0 0.06392682956190762 -0.035411934916434594 0.33038486242340054 72.51124511404284 -29.321132991096878 -15.156320892448274
1.0 0.5023601848666127 0.3161439320861147 0.5992224799454273 -5.265389499348155 -4.183491343543274 3.472243219520962
1.0 0.46516365835851564 -0.5218933052363476 0.3343203376041323 20.906633964309577 -13.525857557337172 9.149786589682083
1.0 0.4923377651338114 0.35133988838764213 -0.508948604321659 -12.546333907760015 -41.34045185087494 -21.947227619752052
1.0 -0.2570886235703405 -0.08485504541694625 0.07187846957005371 -4.417091827772195 20.95782710213926 26.735142147717752
1.0 -0.34945652897886054 -0.6181401915533319 -0.6490637758543686 -29.047189555104566 -43.918386089519565 -46.51470875578226
1.0 0.2074892119811627 -0.5070864193291739 -0.4339867553753529 -22.50423769309743 9.8230378988814 -80.77334579355647
1.0 -0.5274367872019932 -0.2993255089371685 -0.7243231107219456 -19.241592934014616 25.036600131686203 -7.948955741692951
1.0 0.3947044564209138 0.6425355343254339 0.09869129798294081 -12.551785526391697 2.680834883510261 3.583429213157462
1.0 0.607778727026826 -0.6574561549541915 -0.2760543510206031 2.7110960418262935 -15.141216042155738 15.786315390681551
1.0 -0.05614554387745804 0.20129715633201106 0.42022537529390847 29.774512235727016 -11.131750731565631 20.89043794357787
1.0 -0.06105613415045431 0.011377275559058 -0.5000279164322212 24.238184977027043 9.779961424907421 -24.705564440287674
1.0 0.7708320242409791 -0.2109087964026692 0.43680444016957853 -29.03985065966514 39.459815484575664 -13.247017011984324
1.0 -0.2742373144356728 -0.1318485027601077 -0.9254187368239565 20.58539749881767 -40.58106796690419 5.148262908629026
1.0 0.044788690805756017 0.6786992862425489 0.726677236907407 24.498508772938457 -11.60707651351307 -49.45493201403289
1.0 0.14192393212735216 0.022642478080271797 -0.7154459064042117 -57.38817442648619 18.001407331356965 16.81285620903411
1.0 -0.08000165858515337 0.2530962038265534 -0.49952677016433095 17.319499867164108 22.252264203235036 -70.57283389877253
1.0 0.798972720173437 -0.03810866784972909 -0.3203082731468123 -16.09810767167725 37.06246210102647 -13.803834051539853
1.0 -0.5740164273065044 0.1671973508461642 -0.5811473794589392 51.684189198574884 -26.698084011484735 -0.7087438546401712
1.0 0.2478552279156385 0.0890061696817691 -0.41729999622754566 0.9136930027976201 64.49127982128344 -31.91562427435733
1.0 0.3481500838715008 -0.4507844238566097 0.09230193750846166 -41.43492280421243 -23.799416252384333 6.1557771942578965
1.0 0.39444325379810236 -0.4564917423599625 -0.6220744481925935 3.991320166166326 23.05351306905037 13.696842637283034
1.0 0.5291663250108057 -0.6217242446873564 0.26296510238875886 49.059667422103296 33.007580170455256 -34.05673891740532
1.0 0.015550147780571618 -0.8434210921044604 -0.013101338285362314 -29.826514974081455 -3.8132171115651037 -37.86700742665508
1.0 0.05384284182765394 0.3068050480658349 0.5151944164359988 -43.49817760811626 0.5618541499379281 -14.92384849173522
1.0 0.8934732509229423 -0.27704965636266216 0.05261036805051236 -26.49278826647723 -12.829805092813238 29.19944772043282
1.0 0.7917204906529011 -0.4831480751024328 0.3359459551123587 50.6705412476664 -34.16968573533143 -11.733941793181394
1.0 -0.42767209720569466 0.8246734226155376 0.35560700718122873 5.867887118415371 29.910994367827872 7.4317702321949435
1.0 -0.5070669564450059 0.09418628770823081 -0.06943885238333897 -41.34935752713743 35.17802707619158 -6.536549172150891
1.0 0.7067846419737953 0.1362963337509054 -0.49560773724340124 -10.096536521660392 -49.658479680348194 57.598803817171905
1.0 0.3439334505362768 -0.8402775254749836 0.22048708095521513 12.967463857948058 -14.766453113423589 45.9760017611067
1.0 -0.5473334765828066 -0.4280138002789655 0.5557427214769344 39.19876923781687 -33.91240845763291 17.295400401461734
1.0 0.5305508966224753 -0.6842676543278023 -0.3672198125876589 -40.240021589241145 -30.379651856675075 -26.830985632065236
1.0 0.3508639643399509 0.37348030155485773 -0.013046754062822003 28.82103504193082 22.510578574364406 -22.581605719092682
1.0 0.19852188515557656 -0.8460817909366267 0.14258827686575842 -7.168077666699261 5.6967663488014395 23.11031221704811
1.0 -0.17591938432866716 -0.19575298069765706 -0.9610355929756625 -10.312044848647018 55.959005888446384 79.05031111951834
1.0 -0.46220274650797044 0.6085895321416378 -0.6060284962730733 -31.941932270130142 92.00628754148369 28.03077889891583
1.0 0.7785214535574794 -0.2856619453956277 0.08758453605692385 -7.308784870894668 -10.718423482525512 -14.472150052385683
1.0 0.22214161970970797 0.3286466900349469 -0.1719858159615563 -10.849119710716629 28.249406743414628 8.930028284883926
1.0 0.40023338695181376 -0.17931657954820412 -0.8592712897910014 -26.10000545935476 23.830501347428406 12.155950866253516
1.0 -0.4677925524735534 -0.42787774182468485 0.5300797937004949 -60.299419627108584 13.14299866601159 -4.027840208994406
1.0 0.22352993851476932 -0.5107397873799765 -0.012002280404046698 25.04975807559777 -5.1316614649301515 50.4764724635963
1.0 0.4054117011106641 0.3570601247114978 0.3574608629709672 27.06012820167305 46.118072124335846 -26.77934354791914
1.0 0.5646361096235967 -0.5055591134680338 0.11471458107165958 7.375842724546592 -6.234171484344438 75.64868405200632
1.0 0.5164393589530666 0.7740152054918873 0.07702130831554588 -8.48965113418617 41.87417667589572 46.58077406865481
1.0 0.5700838411186059 0.0862304418699388 0.5196120922205671 28.146694903852115 14.800921304302467 -95.99708726592492
1.0 0.2798447008818007 0.35796521121701874 0.44381777390651045 -0.2785031048956801 42.49001196053409 -26.3408349330141
1.0 0.028299288374654046 -0.3886388786370129 0.20698958057268804 5.669757191014568 -43.57172256033286 -42.32598370451163
1.0 -0.08630451506825254 0.3456027556685749 -0.5193123435667433 -8.12591698235755 23.31418976832064 56.7765604121134
1.0 0.5225958431303214 -0.26895426607591705 -0.22914085967626158 -2.4598026564686104 42.46514136934359 19.849327802123792
1.0 -0.16794919560967497 0.17692096320205314 0.6052318398177565 -23.330947534438753 -57.571816268935514 -22.531395501838762
1.0 0.7812724274669193 0.47318278837916294 0.2868517158100604 7.848090583233869 -64.2333058677658 58.11858533947636
1.0 0.5001507321767397 0.06824406014128127 -0.08137177292249516 46.65837021677773 38.528544619158254 27.005228665175146
1.0 0.4535066342077291 0.7229806613672165 -0.25462308157944963 -8.71475082341928 72.86987881946726 -21.586740427814718
1.0 -0.7847181794375225 -0.5070578111307311 0.093335957611696 -50.120408932728324 -48.15803725120479 17.521998583268115
1.0 -0.5518501222136162 -0.022082536795134222 -0.3579346655358638 -0.8076799207304681 -60.53562016999846 41.074939646311705
1.0 -0.6207246743812609 -0.3722235441204161 0.6299390988194817 -7.1617928308424235 -23.357161166491075 -70.92042907884849
1.0 0.6865638789547558 -0.6349033346309311 -0.25942538672315446 66.34080431853663 -1.3916821606757985 -16.986383749444357
1.0 -0.26978569023757304 -0.24865554008145288 -0.14269765835204856 39.40947715995993 33.96905029854611 41.2551928101649
1.0 0.16100139864838156 0.3612429264007367 -0.3242484120989284 17.163949728631057 -35.22822889718444 -8.627475626407804
1.0 0.3454377933159124 0.1848864268056964 0.10449902761393087 -53.09750036109664 35.525995621751875 22.355821187177252
1.0 0.2783112661298795 0.6527889210085105 0.6421865259482072 3.964359464487336 2.1844767875242908 1.5719825475892606
1.0 0.6223436511742028 0.48600224156455596 0.23842029463545478 -54.53677384891442 49.79835442290351 17.231878394841775
1.0 0.43441752678240775 -0.02772245198728164 0.5669919374503161 11.308558849817421 30.29820942541319 4.299000636571616
1.0 0.5609259035987008 -0.41600347769569557 -0.4753638769522897 21.965196095781007 41.537848703886034 0.6685623470501053
1.0 0.08341776952577286 0.5931486380737996 -0.40911887906880534 12.046964693350994 -56.23546070829612 -11.14757741347305
1.0 -0.7010758133107702 -0.3113091538373711 0.40929864813266026 2.1130389550699387 -34.326918591943596 30.57363280851438
1.0 0.7141731569105674 0.40889922592642974 0.5427766398826683 -13.080940136276588 -6.917207257940411 -89.9803055923875
1.0 -0.7576951054601593 -0.13581253633943452 0.3030996117598811 13.461596340481757 8.32072084746246 -34.33992174073661
1.0 0.48077442108716734 0.09925440754016303 0.8554439947980433 -13.131102704109495 -36.74577795509809 -11.832942665466913
1.0 0.20198814480069385 -0.22935055218498124 0.655055731776557 -10.921267328751291 62.75563618098765 -21.393168067447373
1.0 -0.1604360063667432 0.438774472000636 0.6989541565618999 -31.34679012071558 -19.06501422030864 -44.04978046968418
1.0 0.44110215187033947 -0.6968214238734235 0.2917532838663133 31.57918082452212 -14.792942471628953 10.23402493110191
1.0 -0.030022083192318125 -0.9128236296944483 0.216511228615283 -6.722704715968412 -35.24684406398016 7.651689855365645
1.0 -0.2872538255938808 -0.07299574700919045 -0.035340539967897384 27.55538055006808 19.21026469605932 -26.126196653161813
1.0 0.13231771915653626 0.795270118125888 -0.3491378094676221 18.240486602659043 37.39909941249695 67.8618523109115
1.0 -0.393034751384652 0.20576692922682147 0.008279179286322753 15.319509429897364 19.767381676663195 32.01590837889622
1.0 -0.10220513042840063 -0.25668869569745795 -0.1553669138257646 26.89906287825407 21.325751097191237 27.2324888953258
1.0 0.35706227488568815 0.16689254185964397 0.7705813505689212 -36.28623253137647 16.91309341655059 -40.76566419501732
1.0 -0.59812347209191 0.028837229865100632 0.29242875577601063 -25.39741662427493 -38.67125443378109 28.03345721468549
1.0 -0.632120523498568 0.30006214762900335 0.06136829073725027 37.09216759765725 68.2968850667324 18.42212425086554
1.0 0.04939734901357674 -0.30938788668021244 0.5456522702151848 19.797018982713887 -35.49922453410096 -14.523020686345665
1.0 0.06799003237282901 -0.047449328529967284 0.3613988573562514 -40.06204437941687 -35.86857764532878 49.00168803489063
1.0 0.47533871990342663 0.5130083436271508 0.036955931213193044 10.988332584488258 -17.913244029271397 1.188732097119057
1.0 0.09131228437271782 0.13693794528933087 -0.487964585980554 -15.670324462327168 -40.8489110312006 36.94130557684937
1.0 -0.7678315844130525 -0.5021158068356442 0.2572606408572505 4.022369135639702 -10.2856912657382 -72.72091534850682
1.0 -0.0666184307096401 0.03886204479946199 -0.11756822310323825 -2.9224015703979767 -25.676013791055905 -46.056723689436126
1.0 -0.3341879261485242 -0.25382385335517543 -0.7511713039087048 5.858835001742205 9.807540193689212 0.0603293930605494
1.0 0.5066095518592688 0.309421136164749 0.5703476556011985 22.21085845659692 -28.868482976547053 10.720965249328039
1.0 0.6306609813158653 -0.1418716073179767 -0.20023471521737443 32.773431010526025 -11.828080611892752 44.00171023007366
1.0 -0.5820146144529943 -0.34831812265054 -0.5852065481868166 24.563327013886877 8.680700000231779 -53.64864394462636
1.0 -0.22750217973164705 -0.7334997921627335 0.30294700254205387 -18.436448861571588 28.645585808056083 1.8221724343667327
1.0 0.22980248471347536 -0.8345480416404955 0.35058616907606355 8.151194652959003 -12.741572089740774 25.578256715356126
1.0 -0.18628515369580545 -0.04760299062643673 -0.3911785580646663 25.54882400866879 -19.393229965588752 4.120055358422537
1.0 -0.418127267229127 -0.7857342388830547 -0.3873010170329855 29.669810455414208 -28.970037428555145 18.39900957180226
1.0 0.4976529998505365 0.6540039989935598 -0.2863127411236794 30.153330697581044 -28.203074056419176 -38.55674763915934
1.0 -0.6279264448494701 -0.00512440601801483 -0.24465955951857782 -18.703504890248396 7.91183213734331 16.14158824688323
1.0 0.27542736979786536 0.4150522328757334 -0.48123254086982714 76.08912672634926 -45.86943223501833 10.275776179304817
1.0 0.43639184262480263 0.5263189100200264 -0.5069601539354653 1.3036649544672572 5.612127536033575 4.04711052234718
1.0 0.15579089436983543 0.5435137885125462 -0.15361249518682468 -3.4250672880610566 -6.999703084119761 23.30772699615696
1.0 0.27289864785771184 0.6018844166091004 -0.7261973341313545 -59.17807429309746 17.659996508339056 -11.509777481096295
1.0 -0.29499398885235834 -0.4313445935100433 -0.8254613324254131 -20.195099409994256 23.307407582577632 -13.823750823027028
1.0 0.24301804058916548 -0.8419238940348508 0.06777155137994895 59.424516349096486 9.528232042932473 -21.535868234358382
1.0 -0.010232180163293619 -0.09296109692327172 0.08886940565976806 45.9007354020142 -3.0132404038578726 -11.683466164580272
1.0 -0.645623188579104 -0.6076251287754365 -0.035733762791744825 -93.5999573197698 -13.255893246272555 -86.94173301071302
1.0 0.2457402983538511 0.6643291645295359 0.2071215853954437 -24.05593033737299 6.9796515740289164 27.32417101684543
1.0 -0.6656462181854768 -0.22867489607182287 -0.021813679306515905 -22.793514357188823 43.10328553929448 34.96956755363953
1.0 -0.13926018139265578 0.6477104353446935 0.11255702026007344 -3.5633339633721226 2.8883089833568514 -48.229987248343924
1.0 0.397071052498623 -0.27063722194050654 -0.8551226667091619 -12.220651193287114 3.100773832906463 3.410718352989324
1.0 -0.29646328266713995 -0.2394058637928246 0.8327539596519458 100.38894558913101 31.792886952608207 -27.346820956266303
1.0 -0.688194209482078 0.2285059645358461 -0.48754000545190307 -16.394598617103405 -22.85185509321285 49.01312901344317
1.0 -0.6587647033191133 0.30943946222576385 -0.08794154601714352 29.289658388893624 -9.92520270196485 -30.413704410110903
1.0 0.54448683240706 0.10987700148260705 0.06909641361317781 11.623917716095512 17.827768998971262 7.1361186905404805
1.0 -0.6284986393441971 0.22773647737084024 -0.1560902203744009 2.4489487075302794 37.96841048985112 31.02317754625522
1.0 -0.1831322065435689 -0.3729851826178807 0.49785667831645625 6.390895628720251 18.718184478267688 -46.71397281744998
1.0 -0.3161577235811246 -0.16374442331552228 0.6961320872195466 5.930652900888673 -33.25104372558778 -0.8425952842285186
1.0 0.17179801371685427 -0.5542072961391387 0.3336621113833352 17.066088257326484 44.41073287456883 -30.74485348929919
1.0 -0.7092003425510242 -0.0788956646789741 -0.6964083753499942 -11.884396601829977 -2.8472248773908277 20.747225378957022
1.0 0.28501722159479037 0.6332577900094489 -0.4218919874363191 -30.03929818719684 10.612039691491749 -14.797892396291713
1.0 -0.26986432866654686 0.3906372115993284 0.40635675297141394 -0.3584659579702952 7.973548100528607 -9.621955831750899
1.0 -0.9248862841212183 0.09677020361803601 -0.11658426073386442 20.077110660023877 -14.98200323810254 17.755650344250228
1.0 0.5440729296371138 -0.2041269248052475 0.5675899901984665 -23.57413353779874 -19.928911465534263 -40.13517779084211
1.0 -0.2107257985480924 -0.4778378437481325 0.43565476622960386 2.9897753437659706 4.315713376328573 -54.09945462348857
1.0 -0.11723656431913437 -0.1695409984764478 -0.2717852702061888 -9.481946522651265 13.54385778418304 22.44294198655565
1.0 -0.00833062177354319 -0.8099152475111309 0.15324248556002434 31.721108030973742 -3.4458632920037093 -32.61900780042519
1.0 -0.20783232830405582 0.9288107319307477 0.1689961774789134 8.828389597487556 -6.445135722430935 -36.71018731279533
1.0 0.3391389776460912 -0.8237518811273736 0.16639638296057205 -57.73986129061775 -4.898007743405747 -44.13856078337936
1.0 -0.39281581491607687 -0.3165365316135488 0.7374182524891669 26.197809927473312 21.68190775881257 -27.942186884232846
1.0 -0.052031916374389496 -0.700307888742536 -0.6586239867813437 38.26394471544405 -14.588540702695505 -47.492364799179065
1.0 -0.8828311306577239 -0.05502949881303313 -0.16332402130071097 -28.815248281539226 12.54630016156255 15.025484853305972
1.0 0.5814872512164859 0.3178582889366526 0.28437910292075513 28.22821348869169 34.278439493332414 -8.860982468312265
1.0 -0.0213151758090461 -0.17804073086184255 0.3308415786898822 -6.026050233571197 13.855742961581097 -15.339477529380531
1.0 0.11222879526982328 -0.12215642853842669 -0.13310745939148036 -20.258548839426606 21.17495953200059 -15.618375215826521
1.0 0.7736945102983184 -0.14056181820439448 0.010747723786812323 11.460720213123487 4.615850995884191 28.98339870547028
1.0 0.17098769225142804 0.6236117998645838 0.5640567180171567 3.9737159124494723 -53.48858613278301 23.901741430313567
1.0 -0.01793258965992285 -0.23451136702949274 0.2673962159682735 -9.36773067500456 1.9188713524955376 30.63127153275938
1.0 -0.07507479904050897 0.5298302603382475 0.8311817184187994 -7.358192646510567 8.531793332391787 61.3068417240235
1.0 0.5021532042521216 0.3920516575177626 0.43841728483486114 32.67445147610863 -11.934508577916478 26.838269320040204
1.0 0.407527890533853 0.5331987325224063 -0.6680483458703869 19.117596164468573 -43.045356033514366 5.119638426581891
1.0 -0.6563889176554669 0.3487307210797143 0.03035850901835443 -10.816809539249242 37.531396632101185 32.786491719705424
1.0 -0.5904860647379884 0.21169694332198347 -0.3454151158436512 17.203869996965402 -4.221150408667307 16.14539846462401
1.0 0.314538773133359 -0.007389940750452603 0.13865368264165429 -8.30931976417298 47.691888888137775 13.723492600472749
1.0 -0.07504648240886844 0.5617646118379329 -0.7637312877703004 -50.43723532356067 5.66538982343972 -5.946433605514194
1.0 0.6906473494087083 -0.3482982065159656 0.11219741494399746 0.8579234441504616 44.58127771562225 25.621169614414764
1.0 0.24736439521191106 -0.14426240225319167 -0.9223914910091712 -30.979184319855207 -16.07777410049904 -49.17752896009186
1.0 -0.42687801201611636 -0.8626406242842451 0.032171239048268005 18.08312365478812 -34.108875867713635 -54.735639069525895
1.0 0.7512036791116193 0.09440137576249712 0.4541901213453509 17.714360271077766 -19.982701370326957 -31.3094122573349
1.0 -0.07091681649913548 0.31467976709094414 -0.4522054154230598 -23.20169956928941 17.000535367059157 16.446463630173664
1.0 0.32677269630682126 -0.7767567059432956 -0.28494304059799797 61.195273922000844 10.03895469734323 41.158257596259496
1.0 -0.4063834991761341 -0.29863652422029896 -0.3146401708470382 21.723434288063636 71.09112194863276 22.17225608128945
1.0 0.3189341198306942 0.19725494042053107 -0.5225257465960447 32.58315068818337 -47.9342105969971 -17.03316729349999
1.0 0.12640912259674825 -0.24250807614455733 -0.627329608535207 -15.17401904119347 -48.39964279408405 7.037707440854519
1.0 -0.34362720705834066 -0.024066168069231217 0.8942398166838829 -9.591876699178503 -85.25461660076432 39.93064572138718
1.0 0.05892113079594408 0.23483374528357773 -0.9362888990080627 0.4548017445144708 -41.993809036563526 -13.462656584210862
1.0 -0.1059324772633638 -0.24318252616917915 -0.7273012020488965 52.58281652368662 -2.5238529827339136 -23.237773686215476
1.0 -0.2616432312430913 -0.18358166033387996 0.12087395249474375 46.50166455019261 5.110485263647259 -55.790585703843036
1.0 0.005834580892865862 0.2445926204409171 -0.5361376404766711 16.822392410532217 14.614529874285651 -28.682670518964326
1.0 -0.5258652541172004 0.5516664388602465 0.08191856938692521 -67.24894241890523 14.996320707655322 7.566789614461764
1.0 -0.07864499183158012 -0.3037059311968243 -0.8897966181920384 18.666735362970847 40.779055782041546 -2.9345673314949465
1.0 -0.37201282920658707 -0.19414376323828916 -0.06122142835409681 34.23306438742265 -6.505175916575687 -3.6427447169443234
1.0 -0.3519624830141545 -0.5610713217543077 0.34763757980274806 29.694078313526038 -20.354884231836472 0.5383352182066278
1.0 0.04520592523378215 0.28816301562081603 0.1232601831031036 -11.996404175754925 24.0012845622547 -13.733193803927891
1.0 0.03739389763424924 -0.25467075859133226 -0.09797752267435053 -3.078814538445788 1.2214088750814558 21.286850999911557
1.0 0.06283758373198664 -0.05035220759883766 -0.7269761515402269 12.613297536562708 15.780155970742406 5.301295498049737
1.0 -0.4992131080980122 -0.4626976546207637 0.07049230423279397 4.219880742544156 -27.245395362930427 76.26731337315486
1.0 -0.46783782124111695 -0.44679696353599385 0.0276416069417497 1.1159175299706021 -46.16765995542816 -37.73299150448028
1.0 -0.21969147392000524 0.8080384955816049 0.13855623085334626 -31.074880760393135 25.34301735217465 7.954340009547033
1.0 0.6909705122947127 0.09170346456103655 -0.6721293668353666 22.598549772980522 37.921054837633115 -28.505976817076203
1.0 -0.07927210708148213 0.5885574943734107 0.7158752691626515 -33.40831935512045 -7.073428248935974 -27.644427194352872
1.0 0.23784166908246224 0.5892288793807067 -0.31242168842976176 -73.03705911306544 19.86659894505785 -39.925795161899345
1.0 0.06567257587797246 -0.008702213636248256 -0.7648450143472729 -7.301878870178863 -22.585982934220645 11.028562915523521
1.0 -0.21487366044918527 0.7627190348595917 0.3307332093832966 33.2695811535819 4.416457329449717 11.289089492494375
1.0 -0.15898696774911097 -0.2636187859519524 0.7050778310209226 12.535475120731869 44.97867278825244 -45.55471263016209
1.0 0.22489725553293088 0.47336228791283724 0.6042534924291989 -47.60231488436671 52.96671302498467 13.844029552433936
1.0 -0.16337183537973266 0.21593778872641478 -0.8398904031750447 -21.364491762051568 50.30836975732205 7.4777296862017995
1.0 -0.49134170949564815 0.5357683900030287 0.2422141136426206 28.48507724576457 48.18741262551529 -111.96600606001738
1.0 -0.8161930433882828 0.2120830530706746 0.20179246131064654 -33.16835860224705 76.24975023786601 -37.49408971269466
1.0 0.43041805447457143 -0.7135532099004586 -0.1808634401981179 17.147480524531733 23.535240525156883 14.909525229061789
1.0 0.625105989374482 -0.3507218263493484 0.6333380096139039 -14.461885279232089 -21.577423052551325 -53.8207539699502
1.0 0.41623519086481114 0.4812311018728245 -0.6557123588957823 7.393781568689669 -36.96805801429751 51.106816194010406
1.0 -0.03926237716060384 -0.3314156857147754 0.46876628603844345 2.7392673425356104 -5.952512269700065 -38.91234669484269
1.0 0.9552784333953199 0.016384562868969357 0.013365919470962169 -8.653658570097852 -68.30688201528245 -8.378835082317773
1.0 -0.30215925759022777 0.04479276652972478 -0.07012100397227071 101.16355356991744 20.40153889840068 19.351238311884817
1.0 0.143464908017154 0.7346385276888522 -0.2075363350971814 82.85555465814903 -31.17845757743815 -7.634991445225827
1.0 -0.303371170963578 0.6245974811548746 0.6754535052270214 34.60385521155547 38.731352251939484 -32.9381218816247
1.0 -0.5168216250779246 -0.3190915659516565 -0.14246462190623668 -11.735911216326949 41.616739366925096 -67.77018835148678
1.0 0.5837100881586 -0.010347034753671866 -0.49142709706364807 47.003658428095775 -10.813225932479037 49.973097514911196
1.0 -0.0521978902206303 0.7789955929012685 -0.2358698990330995 -32.1445345456012 69.96022873032865 33.808971614728264
1.0 -0.19767522419701059 -0.4955969186518052 0.7320496326679051 14.718232160016656 -97.89295103438249 24.997669239130904
1.0 -0.26160667937224996 -0.4329434748863429 0.08237729500075486 -4.09114091917439 -10.769510344316839 11.128746481378032
1.0 0.2356746170346445 0.6518644782509012 -0.36973491748915605 -21.05837393762329 -29.523542885437948 19.326297362860696
1.0 0.3055541865656786 0.03020922779567226 -0.17305640838134004 79.31960241603366 38.05815628858576 -53.509539453273646
1.0 0.10253942293467382 0.2637455786288924 -0.7434292435694817 22.905320367764197 -41.753515859325645 22.19019413695604
1.0 -0.4936324756976671 0.48916424741662345 0.27585550422208593 -13.821874895342981 21.38918241443565 0.49707207719087004
1.0 -0.13501116077027048 -0.4163330305492767 -0.691934450764777 13.064636444516157 -12.9584229753494 -1.314491377432302
1.0 0.5885392932676712 0.19283999185619896 -0.6453606231441866 -16.798154437810833 110.21058161477302 -44.50870643550769
1.0 -0.005338599303571954 -0.1971127793352014 -0.1983016839881372 -36.84885887358068 25.50364068507427 -22.057819918613376
1.0 -0.6406415052818577 -0.08373326511993406 0.10354450522498233 49.45978927123451 22.757185736712906 -8.814679177785795
1.0 -0.5103268256382228 0.3262825998898899 0.5689762317896208 18.224989125227772 29.64819644246328 6.233687384538866
1.0 -0.10801671982304872 -0.5944572922869239 0.4578933044185104 15.031956370762455 -55.837109425447494 -6.126871072690194
1.0 -0.2620251195572861 0.32712113992681646 0.24257011410524498 24.847622745485435 35.166306189245425 25.2405849654452
1.0 -0.3877995195368572 0.12508457551100025 0.18727759021762877 37.20155770617891 -0.5353503177788042 19.8438324506403
1.0 -0.18876326514176203 0.32267413779889403 -0.3689659909161023 -41.18915795043377 1.5671353215512551 -4.481773984766515
1.0 0.11741746330990133 -0.7024727541116993 0.15552266782410587 -58.79586442955072 41.101776917419045 33.89481692231521
1.0 -0.7106297686723596 0.575946649460812 0.14917514281586192 -40.16562664549815 25.740609976028093 3.7725343297795506
1.0 -0.7305065042065406 -0.31160570298245016 -0.39321230085148096 -5.7347661770921174 -14.70948085315822 6.127941489744841
1.0 -0.2411856387131258 0.12749120300401712 0.10259575824401237 4.5942573497728025 -11.831959144948364 -20.935707512098094
1.0 0.5389768407047845 0.47607788189499717 -0.36344016136395974 52.072759300588174 14.388925503926016 -63.103869878036136
1.0 -0.09998940744613699 -0.8237195057800566 0.2111261310146511 8.680306303421222 36.953055539184135 7.327495859024773
1.0 0.07485594383364834 -0.021170802735812653 0.439031482687043 -3.0392395105177457 -9.090824180124741 -12.531102974681259
1.0 -0.49419072246754553 -0.6436556696492282 -0.523946874799678 14.340050427102174 13.961086146736859 35.094805611909244
1.0 -0.2752791565649143 0.028076276622808365 0.6345568440693375 1.2874208139594043 -36.16505659752565 17.716050257868638
1.0 0.05703332161917767 -0.05285604705471292 -0.29922564807662017 8.302701041432234 32.74030973693902 -44.652824412901346
1.0 -0.6415953001263086 0.6645655100074861 0.34229177498119173 7.668800019360043 38.89899697817064 -51.032895182214176
1.0 -0.4896473955832347 -0.32923724610836136 0.7039611463333065 -6.359375395140527 17.99468307939592 -22.359802311827767
1.0 -0.20733537319250245 -0.8388770686073268 0.13340371418443878 -47.67767168134141 -7.756092326763679 -12.891165153970947
1.0 0.20251113354310063 -0.4227162685270428 -0.5611125273943427 43.55671936329056 -60.833459052181084 10.071896059548248
1.0 0.38454103590794475 -0.5747573544232903 -0.21992364112471086 10.609161878011133 -52.065415924371294 4.619796698710531
1.0 -0.1511068437842363 -0.15646752136011424 -0.3102137460003935 3.7354680216800658 9.3327859008198 -37.896561143599506
1.0 -0.03448385322731923 -0.14058196445448407 -0.19306034588163598 30.38759513626035 -3.4905868917554854 -1.7889472065679983
1.0 -0.2427804802370441 0.6074072375944899 0.6771463619641759 -27.462667808901426 25.12684801778564 -40.9776609056731
1.0 -0.6416663418125017 -0.061920621943985246 -0.4715899606386893 -27.612134816896795 18.647639266214373 4.3253940285650865
1.0 -0.1148409574339487 0.27767202597598856 0.8820155950079857 -27.766838619472328 -41.534276256101705 -40.108504778149225
1.0 0.7019406478519589 -0.12413010896633765 -0.1968160123538075 3.7836183843721036 -10.878756139420148 19.45864350914544
1.0 0.288199804961617 -0.2597767222421395 -0.6000772392063672 -7.951438637517252 -38.35756749553724 18.08779169225489
1.0 -0.1459492395336929 0.121044163231079 -0.8665664352180045 -7.802004479134077 47.44309942381305 -59.74628579256504
1.0 0.5394086434301538 -0.5030448854192091 -0.4456703859499274 -24.40356213326855 -72.35283101914803 -15.76574535945549
1.0 0.8301303593120958 0.47849365287159806 0.2479344126869433 -30.150143074037015 -3.8874656640712524 -1.125297363856627
1.0 0.5326800620228042 0.2796714967317601 0.1433213688133536 4.709332962368105 -31.321759662010912 22.89018582415391
1.0 -0.5662075247566861 0.03816290665903039 -0.8013318760852212 71.19726484009507 26.584458116390614 47.5353267471649
1.0 0.9062771644431633 -0.08249922125231775 -0.11286975102636035 12.024487560870313 -42.50901797694845 43.99160048022913
1.0 0.17459105904046382 -0.6204909705897035 -0.4379026922444946 16.991333491036112 -41.75737237452445 15.937071928422666
1.0 -0.33187545655744144 -0.04439645834120551 0.3493421556761116 50.99680734837462 30.52955573171582 -16.1296366877986
1.0 -0.21654353597413478 0.48376315157723604 0.791154456191005 7.005843651754232 40.97890175440256 -52.70291866708113
1.0 0.05950043550840976 0.65022705033907 0.5620303677311727 -25.89820334233098 87.17819171942268 -4.879433014622469
1.0 -0.6776045727611287 0.2469991736640546 0.09975314791519552 -8.36310118253492 -2.165258754964952 54.32312977850458
1.0 0.788433907875763 0.027738993742533326 0.5933539432589167 45.22898431377299 17.98666211206675 57.63382012441249
1.0 -0.5754177356063269 -0.5680998469826442 -0.22050678557526487 3.321999506262698 -16.160998571223683 45.34829904740362
1.0 0.6453490860522485 -0.3741258688976373 0.19809693390445923 -8.748328731277569 5.417665980310901 -43.012282316506855
1.0 0.5653338970423687 -0.5537113676087084 -0.0022824430549358145 -29.064052941801954 -49.50631146695248 -14.455172224643814
1.0 -0.23079512931164797 -0.638084961192267 -0.1895917307456929 -12.207323554739371 -14.340001162344056 42.05426202297575
1.0 -0.04079500600849069 -0.2857501066560063 0.8869437541629497 22.255082922806942 53.11403265971331 -10.652269526574623
1.0 -0.10964279271121001 0.00848818161437067 0.9162789950253504 -28.543449642648095 4.988376207238816 -1.8426055493877855
1.0 0.19142884114801614 -0.6987334871411052 -0.3128654562067851 -17.199016105612607 -9.036330796356838 54.75118532072554
1.0 0.31087978258535237 -0.15701294980754274 0.8072463695309212 -28.026764338191498 -61.35186923377482 -21.70269863278955
1.0 0.4558669089096707 -0.15762645939062206 -0.23107031287058352 -19.733181708637144 4.092157000970739 -2.298704660510254
1.0 -0.2715605950969297 -0.06437396044416885 -0.5576214355290975 14.646928648713017 26.592530650941757 22.93064135512549
1.0 0.039355138408893604 -0.33456345543751814 0.7547294474632921 20.542828902631665 22.07420970341447 -7.074871097036518
1.0 0.4131925759291309 0.4089758506766574 0.6004468517726534 -14.373698614771973 2.5525387707067706 -28.640392199777637
1.0 0.19684495431484703 -0.3152636528475852 0.8700026450412778 -0.45292404493145605 7.046704564039993 9.641259465361076
1.0 0.1965142454115087 -0.4563778526864379 -0.001939392509054307 -52.86057753864649 10.091934583721931 -37.865403092956946
1.0 0.28703773740043764 -0.22631675749095212 -0.7498907570751732 13.530850551565917 -39.95908177263652 -5.989669017537123
1.0 -0.25342168962464545 -0.45637162890527627 0.27769647257850427 12.757658626731018 -20.10110165611442 1.8321338118881814
1.0 -0.463743916148773 0.08435074915643224 -0.11865885910416316 -7.479320912613036 7.468156062269425 3.750009711236294
1.0 -0.663711796438039 0.284773628533213 -0.144288960841951 -77.3041179566355 -39.82040560067698 -21.297415468815203
1.0 0.13146605855271287 0.4169077460311449 -0.5124433713968257 50.79331670605486 -29.274512497649734 -20.715176153469518
1.0 -0.6262593927344652 0.3282789446233309 -0.34379690536747504 -5.033505622089516 7.804138058122215 -41.32477587791553
1.0 -0.05596261967578617 0.5477520801412941 0.19733747033207297 23.77527384042032 32.652216371656706 40.33102921744864
1.0 0.6321527367457318 -0.18377278054793839 -0.2754845344586756 7.13472851445441 21.81624180409033 67.33931956716764
1.0 0.7192940045682319 0.4562216072059709 0.04327168363346019 5.275813970997919 -32.76025359277783 8.09078753266252
1.0 -0.44958699248283385 -0.21336763277340454 -0.8574165456150986 26.477946787221857 -27.576009605855557 -10.449166272264502
1.0 0.5322625636979748 0.38329637103144537 0.5538359846969906 -5.527137932668843 63.191881152349325 -11.275575521082834
1.0 -0.0929563199891649 -0.35565407860694903 0.2370896194535067 -30.107491810878887 -4.140884159358696 5.637200969940678
1.0 0.3007775007812307 0.6327888627880451 -0.40841237018207566 -14.314694846570358 21.936782635401986 6.246997416900341
1.0 -0.9674560079632347 -0.10456415810736622 0.22340594278290948 30.251418939815093 28.87761421798063 9.319465677539737
1.0 -0.8524406300140152 -0.08470945750414664 -0.25052695676713643 8.570392309782278 -41.08803701050668 48.00473409551713
1.0 0.739452633734058 -0.004069965311973443 0.14236106685947547 16.310143351480942 -42.0878155789023 -14.717571043815404
1.0 -0.09198662439105562 -0.6242966033165069 -0.1441024056584592 31.694211112031244 0.41612153067498886 -36.36617978827864
1.0 0.557876029103172 0.2383631724456703 -0.4722576239757041 14.141807397559052 77.28489146166542 -15.410427019877758
1.0 0.8360781322611122 -0.12818792193973794 -0.5237408206625309 9.836976742646169 3.01863826527417 -11.507508012983452
1.0 0.20456990907777522 0.48969897528915945 0.5535553255189871 12.002726393662627 36.77130861927848 69.54041340624276
1.0 -0.8385606540446229 -0.1453276820968719 0.42986177704875533 -63.29778485890343 -24.4641561168518 -9.388530083256178
1.0 0.46097225357719573 0.3082118200690896 0.16559740404519002 -22.09212807239419 28.55910664183703 25.33911540269472
1.0 0.01913714945364433 -0.3017093343598222 0.7147882414803646 -45.961424376459334 5.000755506428882 3.8896904537164505
1.0 -0.8665344844676383 -0.12509094381592983 0.3443155276371437 26.214024986034016 16.125069429241844 -25.37196123456249
1.0 0.8478143947094008 -0.21715361336325353 0.3269996307557602 23.255070944377408 35.01222372830527 -36.645698889179755
1.0 -0.22085777359859446 -0.39473437429025066 -0.26580354115171084 -25.610282251081973 36.126116005575035 18.068859849999107
1.0 0.3436085073387843 -0.7370768338213873 0.3463163851090566 -27.94836648883879 25.53478575259807 -24.45119954239671
1.0 -0.11563141750591356 -0.0701072050178054 0.8813821118842844 14.249248655058484 -13.939389405041009 -2.1336604100349494
1.0 -0.8726867007049097 0.10970978809486984 -0.17084187271880924 -9.53169219615707 -4.954489047009125 42.859211371512274
1.0 -0.6531952305198673 0.19405073502035386 0.2911992576968518 3.194156596217517 16.085876543619964 -2.039702087797328
1.0 0.04504783807654205 0.8254891997085807 0.46138433651395805 5.6392677098825015 66.04770635444623 13.538419091577182
1.0 0.4932762863388691 0.6051367338161294 0.4585145309366649 -43.32959141401652 5.304566784409247 -1.794011442840569
1.0 0.18941914544413702 0.3818986190913079 -0.5409630448583119 -14.803803423323806 39.67706001952717 3.5472098471624647
1.0 0.800720840014796 -0.26869777926746247 -0.34502393153254995 42.26528490999051 16.77262918688285 -9.547101091970458
1.0 0.5525820059843529 -0.12102580423073342 -0.6308647453676856 -14.917669519958155 -42.819035058926154 23.67549233375633
1.0 -0.18885562618946072 0.2054743678644915 -0.19869131762532324 -11.442093339792123 -10.93509751382792 -31.53916909056846
1.0 -0.2294012239241348 0.29418451501212417 0.5652890494449777 1.5668008138002036 -29.474937628469117 74.39240778058742
1.0 -0.4913296492448907 0.06600769773085931 -0.5847016051429079 3.319024246726007 -32.64343536224842 14.484752470662515
1.0 0.29719450810266074 -0.6753684774766351 -0.11793927308668677 14.756447857293121 59.41201541809837 -37.944680317372324
1.0 -0.1602143264959517 0.3515550743424913 0.048136006337931324 -27.61506406846967 -7.834446720602726 19.422798985670585
1.0 -0.1898823720986897 0.13867281203202794 0.7006222537222931 13.87418843053563 -6.011467647953879 21.803167807158392
1.0 -0.8306500698592822 0.08230942540694959 0.4159820747493182 -32.000916745983986 1.3920037565333474 18.999945362799128
1.0 -0.4444668749274239 -0.22347277239081256 -0.1822947314576132 -54.13469651678753 -5.978565334629263 -12.958673526318725
1.0 -0.06969126697000559 -0.02796291711869824 0.9419917400362141 8.266874090896088 50.12553842457361 16.482874237994736
1.0 0.512754524065003 0.187660571517721 0.7351450182011654 -2.4466326942710617 -47.06649746232374 -0.11515029282255139
1.0 0.06134652835997842 0.5085649314613517 -0.35358704328867924 43.69667201678977 13.121899049243275 13.432209222034935
1.0 0.23214838718596684 -0.26689393314967996 -0.4810192579224721 38.12790874343971 6.794225029424326 -5.745141956153364
1.0 -0.5250250999952762 -0.680717769804639 0.2562757139749948 -20.03736243727035 32.93962111032727 -3.5303408732790444
1.0 -0.11160085980896241 0.41274846194883297 0.3078271542900903 -39.13591057946614 16.568782429774465 16.33122602090181
1.0 -0.24876604108499667 0.17836355032853599 -0.7659150101703518 -50.3071806104343 29.030031113053276 38.81530638425428
1.0 0.18323684031190962 -0.5237325732879379 -0.46176495577065224 -4.211462677368888 27.048993027049214 -26.02321223719572
1.0 0.5327040070045751 -0.0699612709488586 -0.11712894336934407 -6.769109745601255 -32.858678241093344 -35.047503928217814
